ID_CLIENTE,SAFRA_REF,PROBABILIDADE_INADIMPLENCIA
8784237149961904,2021-07,0.057770472
8784237149961904,2021-07,0.2652161
8784237149961904,2021-07,0.2652161
8784237149961904,2021-08,0.2827523
8784237149961904,2021-08,0.2827523
8784237149961904,2021-08,0.2827523
8784237149961904,2021-08,0.2827523
8784237149961904,2021-08,0.2827523
8784237149961904,2021-08,0.2827523
8784237149961904,2021-08,0.2827523
8784237149961904,2021-08,0.2827523
8784237149961904,2021-09,0.2725425
8784237149961904,2021-09,0.26671514
8784237149961904,2021-09,0.2725425
8784237149961904,2021-10,0.2652161
8784237149961904,2021-10,0.2652161
8784237149961904,2021-10,0.2652161
8784237149961904,2021-10,0.2652161
8784237149961904,2021-10,0.2652161
8784237149961904,2021-10,0.2652161
8784237149961904,2021-11,0.2652161
8784237149961904,2021-11,0.2652161
8784237149961904,2021-11,0.2652161
8784237149961904,2021-11,0.2594895
8784237149961904,2021-11,0.2652161
15070048310374146,2021-07,0.47504792
15070048310374146,2021-08,0.25546703
15070048310374146,2021-08,0.25546703
15070048310374146,2021-09,0.32139897
15070048310374146,2021-10,0.25217322
15070048310374146,2021-10,0.25217322
18719614953021044,2021-08,0.6028561
18719614953021044,2021-09,0.49284
39547025441582855,2021-07,0.9223708
39547025441582855,2021-08,0.32855216
39547025441582855,2021-08,0.3220574
39547025441582855,2021-08,0.32855216
39547025441582855,2021-09,0.3173315
39547025441582855,2021-09,0.34655696
39547025441582855,2021-09,0.32377648
39547025441582855,2021-10,0.3447786
39547025441582855,2021-10,0.32855216
39547025441582855,2021-11,0.3220574
49632905576538927,2021-07,0.07419684
49632905576538927,2021-08,0.30770898
49632905576538927,2021-11,0.34501427
51762959302415533,2021-09,0.39033496
51762959302415533,2021-10,0.38768956
66220087398241662,2021-08,0.04626877
66220087398241662,2021-09,0.19839242
66220087398241662,2021-09,0.20314056
66220087398241662,2021-09,0.20314056
66220087398241662,2021-10,0.20314056
66220087398241662,2021-10,0.20314056
66220087398241662,2021-10,0.20314056
66220087398241662,2021-11,0.19839242
66220087398241662,2021-11,0.20314056
66220087398241662,2021-11,0.20314056
69766362497027920,2021-07,0.39893863
69766362497027920,2021-08,0.4559271
69766362497027920,2021-08,0.4559271
69766362497027920,2021-09,0.46713975
69766362497027920,2021-09,0.46713975
69766362497027920,2021-09,0.46713975
69766362497027920,2021-10,0.5100659
86110062990790869,2021-07,0.080504924
86110062990790869,2021-07,0.21799605
86110062990790869,2021-08,0.21182607
86110062990790869,2021-08,0.20692764
86110062990790869,2021-09,0.7960571
86110062990790869,2021-09,0.21799605
86110062990790869,2021-09,0.21299352
86110062990790869,2021-09,0.21799605
86110062990790869,2021-10,0.21299352
86110062990790869,2021-10,0.21299352
89342157110910412,2021-10,0.0632916
89342157110910412,2021-10,0.40948004
93982185886107798,2021-07,0.1449851
93982185886107798,2021-07,0.2708904
93982185886107798,2021-07,0.26508552
93982185886107798,2021-07,0.23452279
93982185886107798,2021-08,0.22112118
93982185886107798,2021-08,0.21606675
93982185886107798,2021-09,0.3040088
93982185886107798,2021-09,0.29132646
93982185886107798,2021-10,0.28458735
93982185886107798,2021-10,0.29095688
93982185886107798,2021-11,0.86860764
93982185886107798,2021-11,0.23452279
107343823625119033,2021-07,0.047062594
107343823625119033,2021-08,0.22898157
107343823625119033,2021-08,0.22599712
107343823625119033,2021-08,0.2342479
107343823625119033,2021-08,0.4911025
107343823625119033,2021-08,0.2342479
107343823625119033,2021-09,0.7734862
107343823625119033,2021-09,0.18842933
107343823625119033,2021-09,0.18842933
107343823625119033,2021-09,0.18842933
107343823625119033,2021-09,0.18842933
107343823625119033,2021-10,0.2520699
107343823625119033,2021-11,0.28552523
107343823625119033,2021-11,0.28552523
107343823625119033,2021-11,0.27952695
113538242419211987,2021-07,0.08302108
113538242419211987,2021-11,0.32388803
121658372387044248,2021-07,0.059068568
121658372387044248,2021-07,0.41727594
121658372387044248,2021-07,0.41727594
121658372387044248,2021-08,0.41076437
121658372387044248,2021-08,0.41076437
121658372387044248,2021-08,0.41076437
121658372387044248,2021-10,0.41080397
121658372387044248,2021-10,0.40366074
121658372387044248,2021-10,0.6962041
121658372387044248,2021-11,0.5972876
165658847908185334,2021-07,0.07895922
165658847908185334,2021-10,0.5003559
170089315547146305,2021-07,0.12058084
170089315547146305,2021-07,0.27466413
170089315547146305,2021-07,0.25891143
170089315547146305,2021-07,0.27466413
170089315547146305,2021-08,0.19571228
170089315547146305,2021-08,0.19571228
170089315547146305,2021-08,0.19571228
170089315547146305,2021-08,0.785867
170089315547146305,2021-08,0.19571228
170089315547146305,2021-08,0.41272804
170089315547146305,2021-08,0.19571228
170089315547146305,2021-08,0.19571228
170089315547146305,2021-08,0.19571228
170089315547146305,2021-08,0.19571228
170089315547146305,2021-08,0.19571228
170089315547146305,2021-08,0.19571228
170089315547146305,2021-09,0.17785838
170089315547146305,2021-09,0.18222679
170089315547146305,2021-09,0.18222679
170089315547146305,2021-09,0.18222679
170089315547146305,2021-09,0.18222679
170089315547146305,2021-09,0.18222679
170089315547146305,2021-10,0.18868849
170089315547146305,2021-10,0.18868849
170089315547146305,2021-10,0.18868849
170089315547146305,2021-10,0.18868849
170089315547146305,2021-10,0.18868849
170089315547146305,2021-10,0.18397686
170089315547146305,2021-10,0.18868849
170089315547146305,2021-11,0.18222679
170089315547146305,2021-11,0.17785838
170089315547146305,2021-11,0.17785838
170089315547146305,2021-11,0.18222679
175003104385133396,2021-07,0.07307359
175003104385133396,2021-07,0.951507
175003104385133396,2021-08,0.4174388
175003104385133396,2021-09,0.44230592
175003104385133396,2021-09,0.44230592
175003104385133396,2021-10,0.42584562
175003104385133396,2021-10,0.42584562
175003104385133396,2021-10,0.94979143
175003104385133396,2021-11,0.4237567
180672270337706285,2021-07,0.93740255
180672270337706285,2021-07,0.8405444
180672270337706285,2021-07,0.8405444
180672270337706285,2021-07,0.8405444
180672270337706285,2021-07,0.8405444
180672270337706285,2021-07,0.8405444
180672270337706285,2021-07,0.8586817
180672270337706285,2021-08,0.8586817
180672270337706285,2021-08,0.8405444
180672270337706285,2021-08,0.7400436
180672270337706285,2021-08,0.8365381
180672270337706285,2021-09,0.83135647
180672270337706285,2021-09,0.82228607
180672270337706285,2021-10,0.83135647
180672270337706285,2021-10,0.5532493
180672270337706285,2021-10,0.82228607
180672270337706285,2021-10,0.53036
187117706370645370,2021-07,0.57296205
187117706370645370,2021-07,0.46366954
187117706370645370,2021-07,0.41275084
187117706370645370,2021-07,0.3974526
187117706370645370,2021-07,0.38328502
187117706370645370,2021-08,0.3974526
187117706370645370,2021-08,0.680277
187117706370645370,2021-08,0.38328502
187117706370645370,2021-08,0.38328502
187117706370645370,2021-09,0.38328502
187117706370645370,2021-09,0.39038774
187117706370645370,2021-09,0.37631467
187117706370645370,2021-09,0.43170244
187117706370645370,2021-09,0.38328502
187117706370645370,2021-09,0.38328502
187117706370645370,2021-09,0.38328502
187117706370645370,2021-09,0.38328502
187117706370645370,2021-10,0.3974526
187117706370645370,2021-10,0.38328502
187117706370645370,2021-10,0.3974526
187117706370645370,2021-10,0.38328502
187117706370645370,2021-10,0.3974526
187117706370645370,2021-10,0.38328502
187117706370645370,2021-11,0.3974526
187117706370645370,2021-11,0.38328502
187117706370645370,2021-11,0.37631467
187117706370645370,2021-11,0.680277
191536915328669008,2021-07,0.8834681
191536915328669008,2021-07,0.86261594
191536915328669008,2021-10,0.8537752
209314261782935157,2021-10,0.9687516
209477776078372134,2021-07,0.033485204
209477776078372134,2021-07,0.2354238
209477776078372134,2021-07,0.19311488
209477776078372134,2021-07,0.19311488
226405871752897670,2021-07,0.044251323
226405871752897670,2021-08,0.22272483
226405871752897670,2021-08,0.20767672
226405871752897670,2021-08,0.22272483
226405871752897670,2021-08,0.22272483
226405871752897670,2021-08,0.22272483
226405871752897670,2021-08,0.22272483
226405871752897670,2021-09,0.22737722
226405871752897670,2021-09,0.21210052
226405871752897670,2021-11,0.18374887
234898976850399181,2021-07,0.23116103
234898976850399181,2021-07,0.21662784
234898976850399181,2021-07,0.21662784
234898976850399181,2021-08,0.2081129
234898976850399181,2021-09,0.19839242
234898976850399181,2021-09,0.20314056
234898976850399181,2021-10,0.19839242
234898976850399181,2021-10,0.8447208
234898976850399181,2021-10,0.20314056
234898976850399181,2021-11,0.20314056
234898976850399181,2021-11,0.20314056
238894451665334246,2021-11,0.7689035
255928150711119413,2021-09,0.9133999
257162352336759783,2021-07,0.073100835
257162352336759783,2021-08,0.4786638
257162352336759783,2021-08,0.4786638
257162352336759783,2021-08,0.4786638
257162352336759783,2021-08,0.4786638
257162352336759783,2021-09,0.49293107
257162352336759783,2021-09,0.49293107
257162352336759783,2021-09,0.49293107
257162352336759783,2021-10,0.48626482
257162352336759783,2021-10,0.48626482
257162352336759783,2021-10,0.48626482
257162352336759783,2021-10,0.48626482
257162352336759783,2021-11,0.4786638
257162352336759783,2021-11,0.4786638
257162352336759783,2021-11,0.4786638
257162352336759783,2021-11,0.4786638
257162352336759783,2021-11,0.4786638
271068078606473697,2021-07,0.055935048
271068078606473697,2021-10,0.3720541
271068078606473697,2021-11,0.37261355
274692171162531764,2021-07,0.08078133
274692171162531764,2021-07,0.20314056
274692171162531764,2021-07,0.19839242
274692171162531764,2021-07,0.20314056
274692171162531764,2021-07,0.20314056
274692171162531764,2021-07,0.20314056
274692171162531764,2021-07,0.20314056
274692171162531764,2021-07,0.20314056
274692171162531764,2021-08,0.20314056
274692171162531764,2021-08,0.20314056
274692171162531764,2021-08,0.20314056
274692171162531764,2021-08,0.19839242
274692171162531764,2021-08,0.19839242
274692171162531764,2021-08,0.20314056
274692171162531764,2021-08,0.20314056
274692171162531764,2021-08,0.20314056
274692171162531764,2021-09,0.2081129
274692171162531764,2021-09,0.2081129
274692171162531764,2021-09,0.2081129
274692171162531764,2021-09,0.2081129
274692171162531764,2021-09,0.2032782
274692171162531764,2021-09,0.2081129
274692171162531764,2021-09,0.4601181
274692171162531764,2021-09,0.2081129
274692171162531764,2021-09,0.2081129
274692171162531764,2021-09,0.2081129
274692171162531764,2021-10,0.22877724
274692171162531764,2021-10,0.22877724
274692171162531764,2021-10,0.22877724
274692171162531764,2021-10,0.22877724
274692171162531764,2021-10,0.23410365
274692171162531764,2021-10,0.22877724
274692171162531764,2021-10,0.22877724
287529573188507001,2021-07,0.077444494
287529573188507001,2021-09,0.46119928
287529573188507001,2021-10,0.4491095
295375823203017296,2021-07,0.04171356
295375823203017296,2021-07,0.29468024
295375823203017296,2021-07,0.28244293
295375823203017296,2021-07,0.28878385
295375823203017296,2021-07,0.28244293
295375823203017296,2021-08,0.28244293
295375823203017296,2021-09,0.28244293
295375823203017296,2021-09,0.28244293
295375823203017296,2021-10,0.27141142
295375823203017296,2021-10,0.27141142
295375823203017296,2021-11,0.27141142
295375823203017296,2021-11,0.2776005
312543480920432545,2021-07,0.053562526
312543480920432545,2021-07,0.359507
312543480920432545,2021-07,0.88799304
312543480920432545,2021-07,0.32284018
312543480920432545,2021-07,0.31608382
312543480920432545,2021-07,0.31608382
312543480920432545,2021-08,0.37263584
312543480920432545,2021-08,0.37992948
312543480920432545,2021-08,0.37992948
312543480920432545,2021-08,0.37263584
312543480920432545,2021-08,0.37263584
312543480920432545,2021-08,0.37263584
312543480920432545,2021-08,0.37263584
312543480920432545,2021-09,0.38073006
312543480920432545,2021-09,0.37377805
312543480920432545,2021-09,0.37377805
312543480920432545,2021-09,0.37377805
312543480920432545,2021-09,0.37377805
312543480920432545,2021-09,0.38808414
312543480920432545,2021-09,0.38073006
312543480920432545,2021-09,0.38808414
312543480920432545,2021-10,0.38204738
312543480920432545,2021-10,0.37508586
312543480920432545,2021-10,0.38204738
312543480920432545,2021-10,0.38204738
312543480920432545,2021-10,0.38204738
312543480920432545,2021-10,0.38204738
312543480920432545,2021-11,0.32284018
312543480920432545,2021-11,0.31608382
312543480920432545,2021-11,0.31608382
312543480920432545,2021-11,0.31608382
312543480920432545,2021-11,0.30972186
312543480920432545,2021-11,0.32284018
312543480920432545,2021-11,0.32284018
312543480920432545,2021-11,0.88799304
312543480920432545,2021-11,0.32284018
314309872114206760,2021-07,0.22886175
314309872114206760,2021-07,0.29240674
314309872114206760,2021-08,0.31890523
314309872114206760,2021-08,0.31890523
314309872114206760,2021-08,0.3125124
314309872114206760,2021-08,0.3125124
314309872114206760,2021-08,0.31890523
314309872114206760,2021-08,0.31890523
314309872114206760,2021-08,0.31890523
314309872114206760,2021-08,0.31890523
314309872114206760,2021-09,0.30915973
314309872114206760,2021-09,0.30915973
314309872114206760,2021-09,0.30915973
314309872114206760,2021-09,0.30287537
314309872114206760,2021-09,0.30287537
314309872114206760,2021-09,0.30915973
314309872114206760,2021-09,0.30915973
314309872114206760,2021-09,0.30915973
314309872114206760,2021-09,0.30915973
314309872114206760,2021-09,0.30915973
314309872114206760,2021-09,0.30915973
314309872114206760,2021-09,0.30915973
314309872114206760,2021-09,0.30915973
314309872114206760,2021-10,0.3591336
324916756972236008,2021-07,0.19672212
324916756972236008,2021-07,0.3492062
324916756972236008,2021-07,0.349544
324916756972236008,2021-07,0.34251145
324916756972236008,2021-07,0.28458735
324916756972236008,2021-07,0.91881657
324916756972236008,2021-07,0.29095688
324916756972236008,2021-08,0.29095688
324916756972236008,2021-08,0.27860108
324916756972236008,2021-08,0.28489
324916756972236008,2021-08,0.556342
324916756972236008,2021-08,0.29095688
324916756972236008,2021-08,0.28458735
324916756972236008,2021-09,0.28458735
324916756972236008,2021-09,0.28458735
324916756972236008,2021-09,0.28458735
324916756972236008,2021-09,0.28458735
324916756972236008,2021-09,0.28458735
324916756972236008,2021-09,0.28458735
324916756972236008,2021-09,0.29095688
324916756972236008,2021-10,0.4714306
324916756972236008,2021-10,0.22898968
324916756972236008,2021-10,0.22898968
324916756972236008,2021-10,0.22898968
324916756972236008,2021-10,0.22898968
324916756972236008,2021-11,0.22112118
324916756972236008,2021-11,0.22652002
324916756972236008,2021-11,0.22112118
324916756972236008,2021-11,0.22112118
324916756972236008,2021-11,0.22112118
326257359176916767,2021-07,0.031484604
326257359176916767,2021-08,0.18835641
326257359176916767,2021-09,0.2055538
326257359176916767,2021-09,0.2055538
326257359176916767,2021-09,0.2055538
326257359176916767,2021-10,0.19770645
340285351737204923,2021-07,0.1552777
340285351737204923,2021-07,0.20314056
340285351737204923,2021-07,0.20314056
340285351737204923,2021-07,0.2129486
340285351737204923,2021-08,0.20314056
340285351737204923,2021-08,0.20314056
340285351737204923,2021-08,0.20314056
340285351737204923,2021-09,0.20494817
340285351737204923,2021-09,0.20981213
340285351737204923,2021-09,0.20981213
340285351737204923,2021-09,0.20981213
340285351737204923,2021-09,0.20981213
340285351737204923,2021-09,0.20981213
340285351737204923,2021-09,0.20981213
340285351737204923,2021-09,0.20981213
340285351737204923,2021-10,0.21809533
340285351737204923,2021-10,0.2081129
340285351737204923,2021-10,0.21809533
340285351737204923,2021-10,0.21809533
345033315379741874,2021-09,0.12505507
345033315379741874,2021-10,0.4849348
345447888460137901,2021-07,0.40035582
345447888460137901,2021-08,0.52694434
345447888460137901,2021-09,0.43144867
410843023337872279,2021-07,0.11030478
410843023337872279,2021-07,0.27141142
410843023337872279,2021-07,0.27141142
410843023337872279,2021-08,0.92022556
410843023337872279,2021-09,0.25686854
410843023337872279,2021-09,0.2625578
410843023337872279,2021-09,0.25686854
410843023337872279,2021-10,0.27141142
410843023337872279,2021-10,0.2776005
410843023337872279,2021-10,0.8308026
410843023337872279,2021-10,0.27141142
410843023337872279,2021-11,0.27141142
410843023337872279,2021-11,0.27141142
411246418132008456,2021-07,0.052950222
417157680860985231,2021-07,0.041341666
417157680860985231,2021-07,0.2640227
417157680860985231,2021-08,0.20573194
417157680860985231,2021-08,0.1850198
417157680860985231,2021-08,0.20376185
417157680860985231,2021-08,0.18952356
417157680860985231,2021-08,0.20573194
417157680860985231,2021-09,0.2149637
417157680860985231,2021-09,0.2149637
417157680860985231,2021-09,0.23272306
417157680860985231,2021-09,0.22748086
417157680860985231,2021-09,0.2149637
417157680860985231,2021-09,0.2149637
417157680860985231,2021-09,0.2149637
417157680860985231,2021-09,0.9177185
417157680860985231,2021-10,0.20649697
417157680860985231,2021-10,0.2237562
417157680860985231,2021-10,0.2237562
417157680860985231,2021-10,0.20649697
417157680860985231,2021-10,0.2237562
417157680860985231,2021-10,0.2237562
417157680860985231,2021-10,0.20649697
417157680860985231,2021-10,0.91379154
417157680860985231,2021-11,0.18952356
417157680860985231,2021-11,0.18952356
417157680860985231,2021-11,0.18952356
417157680860985231,2021-11,0.1850198
417157680860985231,2021-11,0.20573194
459290606780222306,2021-07,0.023944788
459290606780222306,2021-07,0.17828326
459290606780222306,2021-07,0.18288174
459290606780222306,2021-07,0.17828326
459290606780222306,2021-07,0.1500508
459290606780222306,2021-07,0.1500508
459290606780222306,2021-07,0.1500508
459290606780222306,2021-07,0.1500508
459290606780222306,2021-07,0.1500508
459290606780222306,2021-07,0.1500508
459290606780222306,2021-07,0.1500508
459290606780222306,2021-07,0.1500508
459290606780222306,2021-07,0.1500508
459290606780222306,2021-08,0.15531865
459290606780222306,2021-08,0.15531865
459290606780222306,2021-08,0.15531865
459290606780222306,2021-08,0.15531865
459290606780222306,2021-08,0.15531865
459290606780222306,2021-08,0.15147582
459290606780222306,2021-08,0.13843556
459290606780222306,2021-08,0.15531865
459290606780222306,2021-08,0.15531865
459290606780222306,2021-08,0.15531865
459290606780222306,2021-08,0.15531865
459290606780222306,2021-08,0.15531865
459290606780222306,2021-08,0.15531865
459290606780222306,2021-08,0.15531865
459290606780222306,2021-08,0.15531865
459290606780222306,2021-09,0.24179351
459290606780222306,2021-09,0.24179351
459290606780222306,2021-09,0.24179351
459290606780222306,2021-09,0.24179351
459290606780222306,2021-09,0.24179351
459290606780222306,2021-09,0.24179351
459290606780222306,2021-09,0.24179351
459290606780222306,2021-09,0.24179351
459290606780222306,2021-09,0.24179351
459290606780222306,2021-09,0.24179351
459290606780222306,2021-09,0.24179351
459290606780222306,2021-09,0.24179351
459290606780222306,2021-09,0.24179351
459290606780222306,2021-09,0.24179351
459290606780222306,2021-09,0.24179351
459290606780222306,2021-10,0.1846744
459290606780222306,2021-10,0.1846744
459290606780222306,2021-10,0.1846744
459290606780222306,2021-10,0.1846744
459290606780222306,2021-10,0.1846744
459290606780222306,2021-10,0.1846744
459290606780222306,2021-10,0.1846744
459290606780222306,2021-10,0.1846744
459290606780222306,2021-10,0.1846744
459290606780222306,2021-10,0.1846744
459290606780222306,2021-10,0.1846744
459290606780222306,2021-10,0.1846744
459290606780222306,2021-11,0.1846744
459290606780222306,2021-11,0.18026026
459290606780222306,2021-11,0.1846744
459290606780222306,2021-11,0.2609738
459290606780222306,2021-11,0.1846744
459290606780222306,2021-11,0.18939976
459290606780222306,2021-11,0.1846744
459290606780222306,2021-11,0.1846744
460993244124061972,2021-11,0.39213642
460993244124061972,2021-11,0.48178637
465309249432033993,2021-07,0.055977948
465309249432033993,2021-07,0.21281183
465309249432033993,2021-07,0.21281183
465309249432033993,2021-07,0.21281183
465309249432033993,2021-07,0.21281183
465309249432033993,2021-08,0.2078966
465309249432033993,2021-08,0.2078966
465309249432033993,2021-08,0.21281183
465309249432033993,2021-08,0.21281183
465309249432033993,2021-08,0.2180262
465309249432033993,2021-08,0.2180262
465309249432033993,2021-08,0.21302316
465309249432033993,2021-09,0.85040575
465309249432033993,2021-09,0.21281183
465309249432033993,2021-09,0.21302316
465309249432033993,2021-10,0.2180262
465309249432033993,2021-10,0.21281183
465309249432033993,2021-10,0.21281183
465309249432033993,2021-10,0.21281183
465309249432033993,2021-11,0.30263945
465309249432033993,2021-11,0.30263945
465309249432033993,2021-11,0.30263945
465309249432033993,2021-11,0.30263945
472772897496154354,2021-07,0.040615804
472772897496154354,2021-08,0.29615688
472772897496154354,2021-08,0.29615688
472772897496154354,2021-08,0.2900259
472772897496154354,2021-08,0.29615688
472772897496154354,2021-08,0.29615688
472772897496154354,2021-09,0.34723854
472772897496154354,2021-09,0.34723854
472772897496154354,2021-09,0.34022808
472772897496154354,2021-09,0.34723854
472772897496154354,2021-10,0.29615688
472772897496154354,2021-10,0.29615688
472772897496154354,2021-11,0.2981711
493667100055938118,2021-09,0.9089579
493667100055938118,2021-11,0.9089715
499242942549937267,2021-07,0.5760372
499242942549937267,2021-07,0.3857372
499242942549937267,2021-07,0.6324323
499242942549937267,2021-07,0.6324323
499242942549937267,2021-07,0.6461348
499242942549937267,2021-07,0.6461348
499242942549937267,2021-07,0.3787497
499242942549937267,2021-07,0.3857372
499242942549937267,2021-07,0.3857372
499242942549937267,2021-07,0.6528713
499242942549937267,2021-07,0.6528713
499242942549937267,2021-07,0.6528713
499242942549937267,2021-07,0.3857372
499242942549937267,2021-07,0.3857372
499242942549937267,2021-07,0.3857372
499242942549937267,2021-07,0.6528713
499242942549937267,2021-07,0.6528713
499242942549937267,2021-08,0.40440986
499242942549937267,2021-08,0.6504023
499242942549937267,2021-08,0.40440986
499242942549937267,2021-08,0.52649915
503021894071666233,2021-07,0.3087205
503021894071666233,2021-08,0.2775927
503021894071666233,2021-08,0.2775927
503021894071666233,2021-08,0.2775927
503021894071666233,2021-10,0.26950088
503021894071666233,2021-10,0.26950088
503021894071666233,2021-10,0.26950088
503021894071666233,2021-10,0.26950088
503021894071666233,2021-11,0.26950088
510795635145114083,2021-07,0.19811964
510795635145114083,2021-07,0.46767637
510795635145114083,2021-07,0.46767637
510795635145114083,2021-07,0.46031684
510795635145114083,2021-07,0.39666402
510795635145114083,2021-07,0.39666402
510795635145114083,2021-07,0.4109966
510795635145114083,2021-08,0.4543186
510795635145114083,2021-08,0.43232635
510795635145114083,2021-08,0.4543186
510795635145114083,2021-08,0.4543186
510795635145114083,2021-09,0.52479106
510795635145114083,2021-09,0.5251616
510795635145114083,2021-09,0.51740634
510795635145114083,2021-09,0.51740634
510795635145114083,2021-09,0.5325349
510795635145114083,2021-09,0.52479106
510795635145114083,2021-10,0.4109966
510795635145114083,2021-10,0.39666402
510795635145114083,2021-10,0.3896041
510795635145114083,2021-10,0.4109966
510795635145114083,2021-11,0.47588333
510795635145114083,2021-11,0.46105924
510795635145114083,2021-11,0.47588333
510795635145114083,2021-11,0.47588333
510795635145114083,2021-11,0.47588333
510795635145114083,2021-11,0.46105924
511305041047444825,2021-07,0.36300805
511305041047444825,2021-07,0.4344982
511305041047444825,2021-07,0.4344982
511305041047444825,2021-08,0.45923907
511305041047444825,2021-09,0.4666524
511305041047444825,2021-09,0.4666524
511305041047444825,2021-09,0.4666524
511305041047444825,2021-09,0.8885445
511305041047444825,2021-10,0.42344645
511305041047444825,2021-10,0.42344645
511305041047444825,2021-10,0.40553766
511305041047444825,2021-10,0.42344645
511305041047444825,2021-11,0.47671494
521351744568531135,2021-08,0.06644872
521351744568531135,2021-09,0.38468158
521351744568531135,2021-10,0.3828224
521351744568531135,2021-10,0.3828224
521351744568531135,2021-11,0.36881906
521351744568531135,2021-11,0.36881906
524026009392362402,2021-07,0.074999265
524026009392362402,2021-07,0.35810712
524026009392362402,2021-08,0.3757969
524026009392362402,2021-08,0.3757969
524026009392362402,2021-09,0.37589338
524026009392362402,2021-09,0.9135322
524026009392362402,2021-10,0.36513606
524026009392362402,2021-10,0.91652334
531805620371082364,2021-07,0.34101218
531805620371082364,2021-08,0.26670882
531805620371082364,2021-08,0.27283084
531805620371082364,2021-09,0.9317669
531805620371082364,2021-09,0.33195907
531805620371082364,2021-09,0.3251035
531805620371082364,2021-10,0.2443085
531805620371082364,2021-10,0.2386165
531805620371082364,2021-10,0.2443085
531805620371082364,2021-11,0.91778004
621182491555347581,2021-07,0.3660866
621182491555347581,2021-07,0.46157244
621182491555347581,2021-07,0.3636777
621182491555347581,2021-07,0.37756422
621182491555347581,2021-07,0.37756422
621182491555347581,2021-07,0.3636777
621182491555347581,2021-07,0.37756422
621182491555347581,2021-08,0.35748944
621182491555347581,2021-08,0.35748944
621182491555347581,2021-08,0.63711035
621182491555347581,2021-08,0.35748944
621182491555347581,2021-08,0.35748944
621182491555347581,2021-08,0.35748944
621182491555347581,2021-09,0.37127757
621182491555347581,2021-09,0.35072145
621182491555347581,2021-09,0.35748944
621182491555347581,2021-09,0.9303332
621182491555347581,2021-10,0.35748944
621182491555347581,2021-10,0.35748944
621182491555347581,2021-10,0.35072145
621182491555347581,2021-10,0.37127757
621182491555347581,2021-10,0.35748944
621182491555347581,2021-10,0.37127757
621182491555347581,2021-10,0.35748944
621182491555347581,2021-11,0.37756422
621182491555347581,2021-11,0.3636777
621182491555347581,2021-11,0.3636777
622073912578471754,2021-07,0.7473514
622073912578471754,2021-07,0.39052522
622073912578471754,2021-09,0.4618093
622073912578471754,2021-09,0.4618093
622073912578471754,2021-10,0.39759094
622073912578471754,2021-10,0.39759094
622073912578471754,2021-10,0.39759094
644457054514416604,2021-10,0.5707513
644457054514416604,2021-10,0.5707513
644457054514416604,2021-10,0.5799136
652740132671309295,2021-07,0.26148817
652740132671309295,2021-07,0.58333826
652740132671309295,2021-07,0.6739491
652740132671309295,2021-07,0.48558655
652740132671309295,2021-07,0.48558655
652740132671309295,2021-08,0.6739491
652740132671309295,2021-09,0.51987976
652740132671309295,2021-09,0.7094932
652740132671309295,2021-10,0.51316166
652740132671309295,2021-10,0.50136846
652740132671309295,2021-11,0.4830153
652740132671309295,2021-11,0.4756301
660382477567765256,2021-07,0.23961307
660382477567765256,2021-07,0.51356506
660382477567765256,2021-07,0.51356506
660382477567765256,2021-08,0.577281
660382477567765256,2021-08,0.577281
660382477567765256,2021-08,0.577281
660382477567765256,2021-09,0.51356506
660382477567765256,2021-09,0.5269968
660382477567765256,2021-09,0.519615
660382477567765256,2021-09,0.5190174
660382477567765256,2021-09,0.5269968
660382477567765256,2021-09,0.5269968
660382477567765256,2021-09,0.5269968
660382477567765256,2021-10,0.655899
660382477567765256,2021-10,0.5002872
660382477567765256,2021-10,0.4996887
660382477567765256,2021-10,0.5002872
660382477567765256,2021-11,0.5203426
660382477567765256,2021-11,0.5129529
662944582644865942,2021-07,0.17030102
662944582644865942,2021-07,0.34181073
662944582644865942,2021-08,0.33490375
662944582644865942,2021-08,0.34181073
662944582644865942,2021-08,0.32834482
662944582644865942,2021-08,0.34181073
662944582644865942,2021-09,0.33561385
662944582644865942,2021-09,0.3425279
662944582644865942,2021-09,0.3358951
662944582644865942,2021-09,0.3358951
662944582644865942,2021-09,0.3290479
662944582644865942,2021-09,0.3425279
662944582644865942,2021-10,0.32689816
662944582644865942,2021-10,0.32014593
662944582644865942,2021-10,0.32014593
662944582644865942,2021-10,0.32014593
662944582644865942,2021-10,0.32689816
662944582644865942,2021-11,0.3281574
662944582644865942,2021-11,0.3349953
662944582644865942,2021-11,0.3281574
662944582644865942,2021-11,0.3349953
662944582644865942,2021-11,0.3284355
665505091521986356,2021-08,0.07034948
665505091521986356,2021-09,0.45789814
665505091521986356,2021-09,0.4652523
665505091521986356,2021-10,0.4652523
665505091521986356,2021-10,0.4652523
665505091521986356,2021-10,0.45789814
665505091521986356,2021-11,0.45789814
665505091521986356,2021-11,0.45789814
665505091521986356,2021-11,0.69249487
665854826624598350,2021-07,0.2369697
665854826624598350,2021-07,0.18366835
665854826624598350,2021-07,0.17927295
665854826624598350,2021-08,0.539091
665854826624598350,2021-08,0.48866904
665854826624598350,2021-08,0.18397686
665854826624598350,2021-08,0.18397686
665854826624598350,2021-08,0.18397686
665854826624598350,2021-08,0.18397686
665854826624598350,2021-08,0.1795757
665854826624598350,2021-08,0.1795757
665854826624598350,2021-08,0.1795757
665854826624598350,2021-09,0.47798675
665854826624598350,2021-09,0.47798675
665854826624598350,2021-09,0.4706084
665854826624598350,2021-10,0.18812919
665854826624598350,2021-10,0.18812919
670573866376512619,2021-07,0.124965765
670573866376512619,2021-07,0.21809533
670573866376512619,2021-07,0.21809533
670573866376512619,2021-07,0.21809533
670573866376512619,2021-10,0.22690167
670573866376512619,2021-10,0.22690167
682352428813668634,2021-07,0.28126884
682352428813668634,2021-07,0.48233697
682352428813668634,2021-07,0.47495255
682352428813668634,2021-07,0.40113664
682352428813668634,2021-07,0.40113664
682352428813668634,2021-07,0.40113664
682352428813668634,2021-07,0.40113664
682352428813668634,2021-07,0.40113664
682352428813668634,2021-07,0.40113664
682352428813668634,2021-08,0.3940101
682352428813668634,2021-08,0.3940101
682352428813668634,2021-08,0.3940101
682352428813668634,2021-08,0.40109736
682352428813668634,2021-08,0.40109736
682352428813668634,2021-08,0.40109736
682352428813668634,2021-08,0.40109736
682352428813668634,2021-08,0.40109736
682352428813668634,2021-09,0.40756172
682352428813668634,2021-09,0.40756172
682352428813668634,2021-09,0.40756172
682352428813668634,2021-09,0.40756172
682352428813668634,2021-09,0.40756172
682352428813668634,2021-09,0.40043658
682352428813668634,2021-09,0.40043658
682352428813668634,2021-09,0.40756172
682352428813668634,2021-09,0.40756172
682352428813668634,2021-09,0.40756172
682352428813668634,2021-10,0.40113664
682352428813668634,2021-10,0.39404914
682352428813668634,2021-10,0.39404914
682352428813668634,2021-10,0.40113664
682352428813668634,2021-10,0.40113664
682352428813668634,2021-10,0.39431965
682352428813668634,2021-10,0.40113664
682352428813668634,2021-10,0.40113664
682352428813668634,2021-11,0.40109736
682352428813668634,2021-11,0.40109736
682352428813668634,2021-11,0.40109736
682352428813668634,2021-11,0.40109736
682352428813668634,2021-11,0.3940101
682352428813668634,2021-11,0.38723585
682352428813668634,2021-11,0.3940101
682352428813668634,2021-11,0.40109736
682352428813668634,2021-11,0.40109736
683445437387317282,2021-07,0.050288666
683445437387317282,2021-07,0.31958523
683445437387317282,2021-07,0.31958523
683445437387317282,2021-07,0.25765273
683445437387317282,2021-07,0.25811085
683445437387317282,2021-07,0.25765273
683445437387317282,2021-08,0.24497345
683445437387317282,2021-08,0.23954141
683445437387317282,2021-08,0.24497345
683445437387317282,2021-08,0.24497345
683445437387317282,2021-09,0.23043264
683445437387317282,2021-09,0.23043264
683445437387317282,2021-09,0.23043264
683445437387317282,2021-10,0.2670116
683445437387317282,2021-10,0.2665434
683445437387317282,2021-10,0.2670116
683445437387317282,2021-10,0.26079834
683445437387317282,2021-10,0.26079834
683445437387317282,2021-10,0.2665434
683445437387317282,2021-11,0.9265734
692350198401528327,2021-11,0.09545967
696014079855281037,2021-07,0.12056214
696014079855281037,2021-08,0.16287953
696014079855281037,2021-08,0.16287953
696014079855281037,2021-09,0.19069709
696014079855281037,2021-09,0.19069709
696014079855281037,2021-09,0.18617184
696014079855281037,2021-09,0.19069709
696014079855281037,2021-09,0.19069709
696014079855281037,2021-09,0.19069709
696014079855281037,2021-09,0.19069709
696014079855281037,2021-10,0.19553958
696014079855281037,2021-10,0.19069709
696014079855281037,2021-10,0.19069709
696014079855281037,2021-10,0.18617184
696014079855281037,2021-10,0.19069709
696014079855281037,2021-11,0.18418223
696014079855281037,2021-11,0.18418223
696014079855281037,2021-11,0.8392334
705648002974742140,2021-07,0.4225878
705648002974742140,2021-08,0.45107007
705648002974742140,2021-11,0.47515032
710593997981520423,2021-08,0.09502361
710593997981520423,2021-09,0.35724986
710593997981520423,2021-10,0.34695742
710593997981520423,2021-10,0.34695742
710593997981520423,2021-11,0.38301703
717981637594591016,2021-07,0.06180018
717981637594591016,2021-07,0.32436028
717981637594591016,2021-07,0.32436028
717981637594591016,2021-07,0.81873906
717981637594591016,2021-07,0.27733484
717981637594591016,2021-08,0.29478216
717981637594591016,2021-08,0.2864679
717981637594591016,2021-08,0.2864679
717981637594591016,2021-09,0.27144325
717981637594591016,2021-10,0.2864679
717981637594591016,2021-10,0.2864679
717981637594591016,2021-10,0.2864679
717981637594591016,2021-10,0.2864679
717981637594591016,2021-10,0.7051773
761746217261797478,2021-07,0.022783045
761746217261797478,2021-07,0.16800965
761746217261797478,2021-07,0.16716154
761746217261797478,2021-07,0.16287953
761746217261797478,2021-07,0.16287953
761746217261797478,2021-08,0.18418223
761746217261797478,2021-08,0.1888979
761746217261797478,2021-08,0.8478682
761746217261797478,2021-08,0.18418223
761746217261797478,2021-09,0.18418223
761746217261797478,2021-09,0.18418223
761746217261797478,2021-09,0.17977723
761746217261797478,2021-09,0.1888979
761746217261797478,2021-09,0.18418223
761746217261797478,2021-10,0.16287953
761746217261797478,2021-10,0.15888481
761746217261797478,2021-10,0.16287953
761746217261797478,2021-10,0.16287953
761746217261797478,2021-11,0.16287953
761746217261797478,2021-11,0.16287953
780065359501679358,2021-11,0.23719265
792560389712312178,2021-07,0.07317691
792560389712312178,2021-07,0.23601544
792560389712312178,2021-07,0.23601544
792560389712312178,2021-07,0.23601544
792560389712312178,2021-08,0.2148999
792560389712312178,2021-08,0.2148999
792560389712312178,2021-08,0.2148999
792560389712312178,2021-08,0.91349715
792560389712312178,2021-08,0.2148999
792560389712312178,2021-09,0.2148999
792560389712312178,2021-09,0.2148999
792560389712312178,2021-09,0.2148999
792560389712312178,2021-09,0.2148999
792560389712312178,2021-09,0.2148999
792560389712312178,2021-09,0.2148999
792560389712312178,2021-10,0.2148999
792560389712312178,2021-10,0.45775622
792560389712312178,2021-11,0.2148999
792560389712312178,2021-11,0.2148999
792560389712312178,2021-11,0.2148999
798425422240919854,2021-07,0.08530857
798425422240919854,2021-07,0.35104424
798425422240919854,2021-07,0.35104424
798425422240919854,2021-08,0.35104424
798425422240919854,2021-08,0.35104424
798425422240919854,2021-08,0.35104424
798425422240919854,2021-09,0.39632204
798425422240919854,2021-09,0.39632204
798425422240919854,2021-09,0.39632204
798425422240919854,2021-09,0.39632204
798425422240919854,2021-10,0.35104424
798425422240919854,2021-10,0.35104424
798425422240919854,2021-11,0.35104424
819552547620904652,2021-07,0.6443273
819552547620904652,2021-07,0.41316575
819552547620904652,2021-07,0.42767185
819552547620904652,2021-07,0.40600973
819552547620904652,2021-08,0.42414656
819552547620904652,2021-08,0.43874997
819552547620904652,2021-08,0.42414656
819552547620904652,2021-08,0.41693553
819552547620904652,2021-08,0.4314767
819552547620904652,2021-09,0.42418647
819552547620904652,2021-09,0.93143535
819552547620904652,2021-10,0.43874997
819552547620904652,2021-10,0.42414656
819552547620904652,2021-10,0.43874997
819552547620904652,2021-10,0.43874997
819552547620904652,2021-10,0.42414656
819552547620904652,2021-10,0.43874997
819552547620904652,2021-10,0.42414656
819552547620904652,2021-10,0.43874997
819552547620904652,2021-11,0.41874564
824632039241482307,2021-10,0.1591929
835441927760881602,2021-07,0.7555723
835441927760881602,2021-07,0.39824325
835441927760881602,2021-07,0.41120848
835441927760881602,2021-07,0.41120848
835441927760881602,2021-07,0.41120848
835441927760881602,2021-08,0.41120848
835441927760881602,2021-08,0.41120848
835441927760881602,2021-08,0.41120848
835441927760881602,2021-08,0.40406308
835441927760881602,2021-09,0.3974526
835441927760881602,2021-09,0.3974526
835441927760881602,2021-09,0.3974526
835441927760881602,2021-09,0.38328502
835441927760881602,2021-09,0.3974526
835441927760881602,2021-10,0.3974526
835441927760881602,2021-10,0.3974526
835441927760881602,2021-10,0.3974526
835441927760881602,2021-10,0.3974526
835441927760881602,2021-10,0.37631467
835441927760881602,2021-11,0.42110234
837142477962609471,2021-07,0.041149408
837142477962609471,2021-07,0.36649507
837142477962609471,2021-08,0.366533
837142477962609471,2021-08,0.366533
837142477962609471,2021-08,0.366533
837142477962609471,2021-09,0.36649507
837142477962609471,2021-09,0.36649507
837142477962609471,2021-09,0.36649507
837142477962609471,2021-09,0.36649507
837142477962609471,2021-09,0.36649507
837142477962609471,2021-09,0.35965198
837142477962609471,2021-09,0.36649507
837142477962609471,2021-09,0.36649507
837142477962609471,2021-10,0.36649507
837142477962609471,2021-10,0.36649507
837142477962609471,2021-10,0.36649507
837142477962609471,2021-10,0.35965198
837142477962609471,2021-11,0.366533
837142477962609471,2021-11,0.366533
837142477962609471,2021-11,0.366533
843896882208504179,2021-08,0.8294107
843896882208504179,2021-10,0.8865518
851897122328714307,2021-07,0.081607364
851897122328714307,2021-07,0.27099037
851897122328714307,2021-07,0.27099037
851897122328714307,2021-08,0.27099037
851897122328714307,2021-08,0.26518407
851897122328714307,2021-10,0.27099037
864510931144626280,2021-07,0.09051227
864510931144626280,2021-08,0.24133651
864510931144626280,2021-08,0.2605515
864510931144626280,2021-08,0.5569914
864510931144626280,2021-09,0.24236028
864510931144626280,2021-09,0.24236028
864510931144626280,2021-09,0.24236028
864510931144626280,2021-09,0.24236028
864510931144626280,2021-09,0.24236028
864510931144626280,2021-10,0.21930598
864510931144626280,2021-11,0.24133651
866011924076225884,2021-10,0.067136504
873223039957991123,2021-08,0.349331
873223039957991123,2021-08,0.38214457
873223039957991123,2021-09,0.39571857
873223039957991123,2021-10,0.41139898
903093877129717133,2021-07,0.027058944
903093877129717133,2021-07,0.22214817
903093877129717133,2021-07,0.20765756
903093877129717133,2021-07,0.20765756
903093877129717133,2021-07,0.20765756
903093877129717133,2021-08,0.8824994
903093877129717133,2021-08,0.20259055
903093877129717133,2021-08,0.20765756
903093877129717133,2021-08,0.20765756
903093877129717133,2021-08,0.20765756
903093877129717133,2021-09,0.20765756
903093877129717133,2021-09,0.20283072
903093877129717133,2021-09,0.20283072
903093877129717133,2021-09,0.20283072
903093877129717133,2021-09,0.20765756
903093877129717133,2021-09,0.20765756
903093877129717133,2021-09,0.20765756
903093877129717133,2021-09,0.20765756
903093877129717133,2021-09,0.20765756
903093877129717133,2021-10,0.25430208
903093877129717133,2021-10,0.25430208
903093877129717133,2021-10,0.25430208
903093877129717133,2021-10,0.25430208
903093877129717133,2021-10,0.2484538
903093877129717133,2021-10,0.2487314
903093877129717133,2021-10,0.25430208
903093877129717133,2021-10,0.25430208
903093877129717133,2021-11,0.23340751
903093877129717133,2021-11,0.23340751
903093877129717133,2021-11,0.23340751
903093877129717133,2021-11,0.22789289
903093877129717133,2021-11,0.23340751
904857901361577913,2021-09,0.33264914
904857901361577913,2021-11,0.5561123
904857901361577913,2021-11,0.5561123
922040072471333951,2021-10,0.5576513
924957821424248698,2021-07,0.07594129
924957821424248698,2021-07,0.48646724
924957821424248698,2021-07,0.48646724
924957821424248698,2021-07,0.41226697
924957821424248698,2021-07,0.42676452
924957821424248698,2021-07,0.41226697
924957821424248698,2021-07,0.41226697
924957821424248698,2021-08,0.4122274
924957821424248698,2021-08,0.4122274
924957821424248698,2021-08,0.42376718
924957821424248698,2021-08,0.40929878
924957821424248698,2021-08,0.4122274
924957821424248698,2021-08,0.4122274
924957821424248698,2021-09,0.41950154
924957821424248698,2021-09,0.4267245
924957821424248698,2021-10,0.41226697
924957821424248698,2021-10,0.41226697
924957821424248698,2021-10,0.41226697
924957821424248698,2021-11,0.41874564
924957821424248698,2021-11,0.41874564
924957821424248698,2021-11,0.43330303
940214356651040716,2021-07,0.32425407
940214356651040716,2021-07,0.33138233
940214356651040716,2021-07,0.34470373
940214356651040716,2021-08,0.38198268
940214356651040716,2021-09,0.3468908
940214356651040716,2021-09,0.3402172
940214356651040716,2021-09,0.3468908
940214356651040716,2021-10,0.40522078
940214356651040716,2021-11,0.3525322
940214356651040716,2021-11,0.3525322
957773253650890560,2021-11,0.9096075
963687627963462983,2021-07,0.024908287
963687627963462983,2021-07,0.1836235
963687627963462983,2021-07,0.85101485
963687627963462983,2021-07,0.1655288
963687627963462983,2021-08,0.1655288
963687627963462983,2021-08,0.1655288
963687627963462983,2021-08,0.1655288
963687627963462983,2021-09,0.1736004
963687627963462983,2021-09,0.1736004
963687627963462983,2021-09,0.1736004
963687627963462983,2021-09,0.1736004
963687627963462983,2021-10,0.1655288
963687627963462983,2021-10,0.1655288
963687627963462983,2021-10,0.16148163
963687627963462983,2021-10,0.1655288
963687627963462983,2021-10,0.1655288
963687627963462983,2021-11,0.1655288
963687627963462983,2021-11,0.1655288
968199235777440720,2021-07,0.08599551
968199235777440720,2021-07,0.5298064
968199235777440720,2021-07,0.5298064
968199235777440720,2021-07,0.5298064
968199235777440720,2021-07,0.5224287
968199235777440720,2021-07,0.5224287
968199235777440720,2021-07,0.45960608
968199235777440720,2021-07,0.45960608
968199235777440720,2021-07,0.45960608
968199235777440720,2021-07,0.45960608
968199235777440720,2021-07,0.45960608
968199235777440720,2021-07,0.7160074
968199235777440720,2021-07,0.45960608
968199235777440720,2021-08,0.4595754
968199235777440720,2021-08,0.4595754
968199235777440720,2021-08,0.4595754
968199235777440720,2021-08,0.45223504
968199235777440720,2021-08,0.4595754
968199235777440720,2021-08,0.8988569
968199235777440720,2021-08,0.4595754
968199235777440720,2021-08,0.4595754
968199235777440720,2021-08,0.4595754
968199235777440720,2021-08,0.4595754
968199235777440720,2021-08,0.4595754
968199235777440720,2021-08,0.4595754
968199235777440720,2021-09,0.47083092
968199235777440720,2021-09,0.47083092
968199235777440720,2021-09,0.46346495
968199235777440720,2021-09,0.46346495
968199235777440720,2021-09,0.47083092
968199235777440720,2021-09,0.47083092
968199235777440720,2021-09,0.47083092
968199235777440720,2021-09,0.47083092
968199235777440720,2021-09,0.47083092
968199235777440720,2021-09,0.47083092
968199235777440720,2021-09,0.47083092
968199235777440720,2021-09,0.47083092
968199235777440720,2021-09,0.65139925
968199235777440720,2021-09,0.47083092
968199235777440720,2021-10,0.45960608
968199235777440720,2021-10,0.45960608
968199235777440720,2021-10,0.45960608
968199235777440720,2021-10,0.45960608
968199235777440720,2021-10,0.45960608
968199235777440720,2021-10,0.64108485
968199235777440720,2021-11,0.6410564
968199235777440720,2021-11,0.63421917
968199235777440720,2021-11,0.45223504
968199235777440720,2021-11,0.6410564
968199235777440720,2021-11,0.4595754
968400235888951633,2021-07,0.025128214
968400235888951633,2021-07,0.16731465
968400235888951633,2021-08,0.13873437
968400235888951633,2021-08,0.14230818
968400235888951633,2021-09,0.14230818
968400235888951633,2021-09,0.14230818
968400235888951633,2021-09,0.13873437
968400235888951633,2021-10,0.16143925
968400235888951633,2021-10,0.16143925
968400235888951633,2021-10,0.16143925
968400235888951633,2021-10,0.16143925
968400235888951633,2021-10,0.16143925
968400235888951633,2021-10,0.4093878
968400235888951633,2021-11,0.16143925
984915269987074754,2021-07,0.022816155
984915269987074754,2021-08,0.19927211
984915269987074754,2021-08,0.21768244
984915269987074754,2021-08,0.21768244
984915269987074754,2021-09,0.16716154
984915269987074754,2021-09,0.16287953
984915269987074754,2021-09,0.16716154
984915269987074754,2021-09,0.15888481
984915269987074754,2021-09,0.16716154
984915269987074754,2021-09,0.8344444
984915269987074754,2021-09,0.16287953
984915269987074754,2021-09,0.16287953
984915269987074754,2021-10,0.1888979
984915269987074754,2021-10,0.18418223
984915269987074754,2021-10,0.18418223
984915269987074754,2021-10,0.18418223
984915269987074754,2021-10,0.1888979
984915269987074754,2021-10,0.18418223
984915269987074754,2021-10,0.1888979
984915269987074754,2021-10,0.1888979
984915269987074754,2021-11,0.19069709
984915269987074754,2021-11,0.19069709
984915269987074754,2021-11,0.85330445
988707525807573448,2021-08,0.02782107
988707525807573448,2021-08,0.18883397
988707525807573448,2021-09,0.19568956
988707525807573448,2021-10,0.18041109
988707525807573448,2021-10,0.18041109
988707525807573448,2021-10,0.17328021
993334998462320108,2021-11,0.8542729
1000372849175668062,2021-08,0.057828493
1000372849175668062,2021-08,0.39460173
1000372849175668062,2021-08,0.93207085
1000372849175668062,2021-08,0.40169266
1000372849175668062,2021-09,0.40169266
1000372849175668062,2021-10,0.40169266
1000372849175668062,2021-10,0.40169266
1000372849175668062,2021-11,0.40169266
1002362614649347438,2021-07,0.1020497
1002362614649347438,2021-07,0.21272336
1002362614649347438,2021-07,0.21272336
1002362614649347438,2021-08,0.21272336
1002362614649347438,2021-08,0.20780964
1002362614649347438,2021-09,0.26573282
1002362614649347438,2021-09,0.26573282
1002362614649347438,2021-10,0.21272336
1002362614649347438,2021-10,0.21272336
1002362614649347438,2021-10,0.21272336
1002362614649347438,2021-11,0.7803414
1002362614649347438,2021-11,0.20756511
1002362614649347438,2021-11,0.20780964
1003144834589372198,2021-07,0.027089253
1003144834589372198,2021-07,0.20161664
1003144834589372198,2021-07,0.17328021
1003144834589372198,2021-07,0.17328021
1003144834589372198,2021-07,0.17328021
1003144834589372198,2021-08,0.17328021
1003144834589372198,2021-08,0.17328021
1003144834589372198,2021-08,0.16908193
1003144834589372198,2021-08,0.1734932
1003144834589372198,2021-08,0.17777759
1003144834589372198,2021-08,0.17328021
1003144834589372198,2021-08,0.17777759
1003144834589372198,2021-08,0.17328021
1003144834589372198,2021-09,0.17777759
1003144834589372198,2021-09,0.17328021
1003144834589372198,2021-09,0.16908193
1003144834589372198,2021-09,0.16908193
1003144834589372198,2021-09,0.17777759
1003144834589372198,2021-09,0.17328021
1003144834589372198,2021-10,0.1880934
1003144834589372198,2021-10,0.4711644
1003144834589372198,2021-10,0.1880934
1003144834589372198,2021-10,0.20899513
1003144834589372198,2021-10,0.19288553
1003144834589372198,2021-10,0.1880934
1003144834589372198,2021-10,0.19288553
1003144834589372198,2021-10,0.1880934
1003144834589372198,2021-10,0.19288553
1003144834589372198,2021-10,0.1880934
1003144834589372198,2021-10,0.1880934
1003144834589372198,2021-11,0.17777759
1003144834589372198,2021-11,0.17328021
1003144834589372198,2021-11,0.17328021
1003144834589372198,2021-11,0.17777759
1003144834589372198,2021-11,0.17328021
1003144834589372198,2021-11,0.17328021
1003144834589372198,2021-11,0.17328021
1003144834589372198,2021-11,0.17328021
1003144834589372198,2021-11,0.17328021
1028630885537616736,2021-08,0.07810647
1028630885537616736,2021-10,0.31742585
1028630885537616736,2021-10,0.3304635
1028630885537616736,2021-11,0.5590176
1033361676287635885,2021-07,0.10738306
1033361676287635885,2021-07,0.23272306
1033361676287635885,2021-07,0.23272306
1033361676287635885,2021-07,0.23272306
1033361676287635885,2021-07,0.22748086
1033361676287635885,2021-07,0.23272306
1033361676287635885,2021-08,0.23272306
1033361676287635885,2021-08,0.23272306
1033361676287635885,2021-08,0.23272306
1033361676287635885,2021-09,0.23272306
1033361676287635885,2021-09,0.23272306
1033361676287635885,2021-09,0.22748086
1033361676287635885,2021-09,0.23272306
1033361676287635885,2021-10,0.20573194
1033361676287635885,2021-10,0.20573194
1033361676287635885,2021-10,0.20573194
1036256411320325774,2021-07,0.2730998
1036256411320325774,2021-07,0.27237096
1036256411320325774,2021-07,0.27284563
1036256411320325774,2021-08,0.26398614
1036256411320325774,2021-08,0.26398614
1036256411320325774,2021-08,0.26398614
1036256411320325774,2021-08,0.26398614
1036256411320325774,2021-08,0.26398614
1036256411320325774,2021-08,0.26398614
1036256411320325774,2021-08,0.26398614
1036256411320325774,2021-09,0.32791752
1036256411320325774,2021-09,0.32791752
1036256411320325774,2021-09,0.32791752
1036256411320325774,2021-09,0.33447215
1036256411320325774,2021-09,0.45692623
1036256411320325774,2021-10,0.4575168
1036256411320325774,2021-10,0.26398614
1036256411320325774,2021-10,0.26398614
1036256411320325774,2021-10,0.26398614
1036256411320325774,2021-10,0.4575168
1036256411320325774,2021-11,0.26437563
1036256411320325774,2021-11,0.26437563
1036256411320325774,2021-11,0.2591201
1036256411320325774,2021-11,0.2591201
1036256411320325774,2021-11,0.26484144
1040994770557588198,2021-09,0.7740914
1044568737046072781,2021-07,0.27171028
1044568737046072781,2021-09,0.21302316
1044568737046072781,2021-09,0.2078966
1044568737046072781,2021-09,0.2180262
1044568737046072781,2021-09,0.21281183
1044568737046072781,2021-09,0.2180262
1044568737046072781,2021-10,0.21281183
1044568737046072781,2021-10,0.2180262
1044568737046072781,2021-10,0.21281183
1044568737046072781,2021-10,0.2180262
1044568737046072781,2021-11,0.25283152
1044568737046072781,2021-11,0.24728233
1044946691507317745,2021-08,0.061604336
1044946691507317745,2021-08,0.22555168
1044946691507317745,2021-08,0.23612118
1044946691507317745,2021-09,0.22555168
1044946691507317745,2021-09,0.22555168
1044946691507317745,2021-09,0.23082545
1044946691507317745,2021-11,0.22027858
1044946691507317745,2021-11,0.22027858
1052398277967427422,2021-08,0.849916
1052398277967427422,2021-09,0.39488208
1052398277967427422,2021-10,0.38519436
1052398277967427422,2021-10,0.94116664
1052398277967427422,2021-10,0.38519436
1052398277967427422,2021-11,0.36720574
1052398277967427422,2021-11,0.36720574
1052398277967427422,2021-11,0.36720574
1059336566956767188,2021-07,0.0747009
1059336566956767188,2021-07,0.4135215
1059336566956767188,2021-09,0.43124914
1069093308328204542,2021-07,0.079972595
1069093308328204542,2021-08,0.17935197
1069093308328204542,2021-10,0.18374887
1069093308328204542,2021-10,0.18374887
1069093308328204542,2021-10,0.18374887
1069093308328204542,2021-10,0.17498669
1078687383992817574,2021-07,0.8149084
1078687383992817574,2021-08,0.5406133
1078687383992817574,2021-08,0.5305821
1078687383992817574,2021-08,0.5406133
1078687383992817574,2021-08,0.5406133
1078687383992817574,2021-08,0.5332558
1078687383992817574,2021-08,0.52320564
1078687383992817574,2021-08,0.5406133
1078687383992817574,2021-08,0.5305821
1078687383992817574,2021-08,0.5406133
1078687383992817574,2021-08,0.5305821
1078687383992817574,2021-09,0.54836583
1078687383992817574,2021-09,0.53835934
1078687383992817574,2021-09,0.53835934
1078687383992817574,2021-09,0.5410271
1078687383992817574,2021-09,0.54836583
1078687383992817574,2021-09,0.53835934
1078687383992817574,2021-10,0.5293892
1078687383992817574,2021-10,0.5293892
1078687383992817574,2021-10,0.5193308
1078687383992817574,2021-10,0.5193308
1078687383992817574,2021-10,0.5119402
1078687383992817574,2021-10,0.5119402
1078687383992817574,2021-10,0.52201086
1078687383992817574,2021-10,0.5193308
1088268935649917461,2021-07,0.23451261
1088268935649917461,2021-07,0.49912012
1088268935649917461,2021-07,0.44306582
1088268935649917461,2021-08,0.60740167
1088268935649917461,2021-08,0.9361518
1088268935649917461,2021-08,0.60740167
1088268935649917461,2021-08,0.60740167
1088268935649917461,2021-10,0.45571077
1088521227159442264,2021-07,0.06651228
1088521227159442264,2021-07,0.19779189
1088521227159442264,2021-07,0.20276941
1088521227159442264,2021-07,0.17810431
1088521227159442264,2021-07,0.17810431
1088521227159442264,2021-07,0.17810431
1088521227159442264,2021-08,0.1655288
1088521227159442264,2021-08,0.16986632
1088521227159442264,2021-09,0.16986632
1088521227159442264,2021-09,0.1655288
1088521227159442264,2021-09,0.16986632
1088521227159442264,2021-09,0.16573417
1088521227159442264,2021-09,0.16573417
1088521227159442264,2021-09,0.16986632
1088521227159442264,2021-09,0.1655288
1088521227159442264,2021-09,0.16986632
1088521227159442264,2021-09,0.16986632
1088521227159442264,2021-10,0.1655288
1088521227159442264,2021-10,0.1655288
1088521227159442264,2021-10,0.1655288
1088521227159442264,2021-10,0.16986632
1088521227159442264,2021-10,0.1655288
1088521227159442264,2021-10,0.1655288
1088521227159442264,2021-11,0.16986632
1088521227159442264,2021-11,0.1655288
1088521227159442264,2021-11,0.16986632
1088521227159442264,2021-11,0.8424981
1093053069479288753,2021-08,0.5611216
1093053069479288753,2021-11,0.39052522
1097345589386012260,2021-07,0.04297371
1097345589386012260,2021-07,0.28826234
1097345589386012260,2021-07,0.28244293
1097345589386012260,2021-08,0.3218564
1097345589386012260,2021-08,0.28878385
1097345589386012260,2021-09,0.28244293
1097345589386012260,2021-10,0.51978755
1097345589386012260,2021-10,0.27336442
1097345589386012260,2021-10,0.27336442
1097345589386012260,2021-11,0.2764843
1097345589386012260,2021-11,0.28274417
1097345589386012260,2021-11,0.28878385
1104269683367198574,2021-07,0.056660365
1104269683367198574,2021-07,0.3868833
1104269683367198574,2021-08,0.3869221
1104269683367198574,2021-09,0.55490655
1104269683367198574,2021-10,0.6436861
1104269683367198574,2021-10,0.3762369
1104269683367198574,2021-10,0.86533433
1104269683367198574,2021-11,0.37992638
1104269683367198574,2021-11,0.8746258
1106971614386004604,2021-07,0.3424018
1106971614386004604,2021-08,0.86286706
1106971614386004604,2021-08,0.19730696
1106971614386004604,2021-09,0.19730696
1106971614386004604,2021-11,0.2292677
1106971614386004604,2021-11,0.2292677
1115703227712697214,2021-07,0.1697231
1115703227712697214,2021-07,0.23731557
1115703227712697214,2021-08,0.21930598
1115703227712697214,2021-08,0.23731557
1115703227712697214,2021-08,0.21930598
1115703227712697214,2021-09,0.21428159
1115703227712697214,2021-09,0.21930598
1115703227712697214,2021-09,0.21930598
1115703227712697214,2021-10,0.23731557
1115703227712697214,2021-10,0.21930598
1115703227712697214,2021-10,0.23200122
1115703227712697214,2021-10,0.23200122
1115703227712697214,2021-10,0.23731557
1115703227712697214,2021-10,0.21930598
1115703227712697214,2021-11,0.2605515
1115703227712697214,2021-11,0.2605515
1117184216453911295,2021-07,0.28048405
1117184216453911295,2021-07,0.43564394
1117184216453911295,2021-07,0.43564394
1117184216453911295,2021-07,0.4052015
1117184216453911295,2021-07,0.38754562
1117184216453911295,2021-08,0.86699665
1117184216453911295,2021-08,0.39830774
1117184216453911295,2021-08,0.41612074
1117184216453911295,2021-08,0.8600876
1117184216453911295,2021-09,0.41612074
1117184216453911295,2021-09,0.8600876
1117184216453911295,2021-10,0.86699665
1117184216453911295,2021-10,0.8600876
1117184216453911295,2021-11,0.38754562
1117184216453911295,2021-11,0.4052015
1117184216453911295,2021-11,0.4052015
1118514612547157551,2021-07,0.6848836
1118514612547157551,2021-07,0.38328502
1118514612547157551,2021-07,0.38328502
1118514612547157551,2021-07,0.3974526
1118514612547157551,2021-07,0.6722007
1118514612547157551,2021-08,0.39038774
1118514612547157551,2021-08,0.38328502
1118514612547157551,2021-08,0.38328502
1118514612547157551,2021-08,0.38328502
1118514612547157551,2021-09,0.38328502
1118514612547157551,2021-09,0.38328502
1118514612547157551,2021-09,0.38328502
1118514612547157551,2021-09,0.38328502
1118514612547157551,2021-09,0.38328502
1118514612547157551,2021-09,0.3974526
1118514612547157551,2021-09,0.38328502
1118514612547157551,2021-10,0.38328502
1118514612547157551,2021-10,0.90910673
1118514612547157551,2021-10,0.38328502
1119752495905732753,2021-10,0.4690335
1129657311668961746,2021-07,0.14643878
1129657311668961746,2021-07,0.43563923
1129657311668961746,2021-08,0.39703268
1129657311668961746,2021-08,0.39703268
1129657311668961746,2021-08,0.39703268
1129657311668961746,2021-09,0.3569519
1129657311668961746,2021-09,0.3857934
1129657311668961746,2021-10,0.39257956
1129657311668961746,2021-11,0.37583476
1141681690629134039,2021-07,0.047397662
1141681690629134039,2021-08,0.24195908
1156053485989336481,2021-07,0.27963948
1156053485989336481,2021-07,0.25551066
1156053485989336481,2021-07,0.25551066
1156053485989336481,2021-07,0.21559234
1156053485989336481,2021-07,0.21559234
1156053485989336481,2021-07,0.21559234
1156053485989336481,2021-07,0.21559234
1156053485989336481,2021-07,0.21559234
1156053485989336481,2021-07,0.21559234
1156053485989336481,2021-07,0.9070048
1156053485989336481,2021-08,0.20805995
1156053485989336481,2021-08,0.20805995
1156053485989336481,2021-08,0.20322616
1156053485989336481,2021-08,0.20322616
1156053485989336481,2021-08,0.24057373
1156053485989336481,2021-08,0.20805995
1156053485989336481,2021-08,0.20805995
1156053485989336481,2021-08,0.20805995
1156053485989336481,2021-08,0.20805995
1156053485989336481,2021-08,0.20805995
1156053485989336481,2021-08,0.20805995
1156053485989336481,2021-08,0.20805995
1156053485989336481,2021-08,0.20805995
1156053485989336481,2021-08,0.20805995
1156053485989336481,2021-08,0.20805995
1156053485989336481,2021-08,0.20845467
1156053485989336481,2021-08,0.20805995
1156053485989336481,2021-08,0.20845467
1156053485989336481,2021-08,0.20845467
1156053485989336481,2021-08,0.20805995
1156053485989336481,2021-08,0.20805995
1156053485989336481,2021-08,0.20845467
1156053485989336481,2021-08,0.20805995
1156053485989336481,2021-08,0.20805995
1156053485989336481,2021-08,0.20805995
1156053485989336481,2021-08,0.20805995
1156053485989336481,2021-08,0.20805995
1156053485989336481,2021-08,0.20805995
1156053485989336481,2021-08,0.20805995
1156053485989336481,2021-08,0.20805995
1156053485989336481,2021-08,0.20805995
1156053485989336481,2021-08,0.20805995
1156053485989336481,2021-08,0.20805995
1156053485989336481,2021-08,0.20805995
1156053485989336481,2021-08,0.20845467
1156053485989336481,2021-08,0.20805995
1156053485989336481,2021-08,0.20805995
1156053485989336481,2021-08,0.20805995
1156053485989336481,2021-08,0.20845467
1156053485989336481,2021-08,0.20805995
1156053485989336481,2021-08,0.20805995
1156053485989336481,2021-08,0.20805995
1156053485989336481,2021-08,0.20805995
1156053485989336481,2021-08,0.20805995
1156053485989336481,2021-08,0.20805995
1156053485989336481,2021-08,0.20805995
1156053485989336481,2021-08,0.20805995
1156053485989336481,2021-08,0.20805995
1156053485989336481,2021-08,0.20805995
1156053485989336481,2021-08,0.20805995
1156053485989336481,2021-09,0.20805995
1156053485989336481,2021-09,0.20805995
1156053485989336481,2021-09,0.20805995
1156053485989336481,2021-09,0.20322616
1156053485989336481,2021-09,0.20322616
1156053485989336481,2021-09,0.20322616
1156053485989336481,2021-09,0.20322616
1156053485989336481,2021-09,0.20322616
1156053485989336481,2021-09,0.20322616
1156053485989336481,2021-09,0.20322616
1156053485989336481,2021-09,0.20322616
1156053485989336481,2021-09,0.20322616
1156053485989336481,2021-09,0.20322616
1156053485989336481,2021-09,0.20322616
1156053485989336481,2021-09,0.75628614
1156053485989336481,2021-09,0.20805995
1156053485989336481,2021-09,0.20805995
1156053485989336481,2021-09,0.20805995
1156053485989336481,2021-09,0.20805995
1156053485989336481,2021-09,0.20805995
1156053485989336481,2021-09,0.20805995
1156053485989336481,2021-09,0.20805995
1156053485989336481,2021-09,0.9031286
1156053485989336481,2021-09,0.9031286
1156053485989336481,2021-09,0.9031286
1156053485989336481,2021-09,0.20805995
1156053485989336481,2021-09,0.20845467
1156053485989336481,2021-09,0.20805995
1156053485989336481,2021-09,0.20805995
1156053485989336481,2021-09,0.20805995
1156053485989336481,2021-09,0.20805995
1156053485989336481,2021-09,0.20845467
1156053485989336481,2021-09,0.20805995
1156053485989336481,2021-09,0.20805995
1156053485989336481,2021-09,0.20805995
1156053485989336481,2021-09,0.20805995
1156053485989336481,2021-09,0.20845467
1156053485989336481,2021-09,0.20805995
1156053485989336481,2021-09,0.20805995
1156053485989336481,2021-09,0.20805995
1156053485989336481,2021-09,0.20805995
1156053485989336481,2021-09,0.20805995
1156053485989336481,2021-09,0.20805995
1156053485989336481,2021-09,0.20805995
1156053485989336481,2021-09,0.20805995
1156053485989336481,2021-09,0.20805995
1156053485989336481,2021-09,0.20805995
1156053485989336481,2021-09,0.20805995
1156053485989336481,2021-09,0.20805995
1156053485989336481,2021-09,0.20805995
1156053485989336481,2021-09,0.20805995
1156053485989336481,2021-09,0.20805995
1156053485989336481,2021-09,0.20805995
1156053485989336481,2021-09,0.20805995
1156053485989336481,2021-09,0.20845467
1156053485989336481,2021-09,0.20805995
1156053485989336481,2021-09,0.20805995
1156053485989336481,2021-09,0.20805995
1156053485989336481,2021-09,0.20805995
1156053485989336481,2021-09,0.20845467
1156053485989336481,2021-09,0.20845467
1156053485989336481,2021-09,0.20805995
1156053485989336481,2021-09,0.20805995
1156053485989336481,2021-09,0.20805995
1156053485989336481,2021-09,0.20805995
1156053485989336481,2021-09,0.20805995
1156053485989336481,2021-09,0.20845467
1156053485989336481,2021-09,0.20805995
1156053485989336481,2021-09,0.20805995
1156053485989336481,2021-10,0.20805995
1156053485989336481,2021-10,0.20845467
1156053485989336481,2021-10,0.20805995
1156053485989336481,2021-10,0.20805995
1156053485989336481,2021-10,0.20805995
1156053485989336481,2021-10,0.20322616
1156053485989336481,2021-10,0.20322616
1156053485989336481,2021-10,0.20322616
1156053485989336481,2021-10,0.20322616
1156053485989336481,2021-10,0.20322616
1156053485989336481,2021-10,0.20361407
1156053485989336481,2021-10,0.20805995
1156053485989336481,2021-10,0.20805995
1156053485989336481,2021-10,0.20805995
1156053485989336481,2021-10,0.20805995
1156053485989336481,2021-10,0.20845467
1156053485989336481,2021-10,0.20805995
1156053485989336481,2021-10,0.20845467
1156053485989336481,2021-10,0.20845467
1156053485989336481,2021-10,0.20805995
1156053485989336481,2021-10,0.38376343
1156053485989336481,2021-10,0.8511604
1156053485989336481,2021-10,0.7712457
1156053485989336481,2021-10,0.20805995
1156053485989336481,2021-10,0.20805995
1156053485989336481,2021-10,0.20805995
1156053485989336481,2021-10,0.20845467
1156053485989336481,2021-10,0.20805995
1156053485989336481,2021-10,0.20805995
1156053485989336481,2021-10,0.20805995
1156053485989336481,2021-10,0.20805995
1156053485989336481,2021-10,0.20805995
1156053485989336481,2021-10,0.20805995
1156053485989336481,2021-10,0.20805995
1156053485989336481,2021-10,0.20845467
1156053485989336481,2021-10,0.20805995
1156053485989336481,2021-10,0.20845467
1156053485989336481,2021-10,0.20805995
1156053485989336481,2021-10,0.20805995
1156053485989336481,2021-10,0.20845467
1156053485989336481,2021-10,0.20805995
1156053485989336481,2021-10,0.20805995
1156053485989336481,2021-10,0.20805995
1156053485989336481,2021-10,0.20845467
1156053485989336481,2021-10,0.20845467
1156053485989336481,2021-10,0.20845467
1156053485989336481,2021-10,0.20805995
1156053485989336481,2021-10,0.20845467
1156053485989336481,2021-10,0.20845467
1156053485989336481,2021-10,0.20845467
1156053485989336481,2021-10,0.25034824
1156053485989336481,2021-11,0.28364465
1156053485989336481,2021-11,0.28364465
1156053485989336481,2021-11,0.28364465
1156053485989336481,2021-11,0.27741763
1156053485989336481,2021-11,0.27767053
1156053485989336481,2021-11,0.27152494
1156053485989336481,2021-11,0.27152494
1156053485989336481,2021-11,0.27152494
1156053485989336481,2021-11,0.27152494
1156053485989336481,2021-11,0.27767053
1156053485989336481,2021-11,0.27152494
1156053485989336481,2021-11,0.27152494
1156053485989336481,2021-11,0.27741763
1156053485989336481,2021-11,0.28364465
1156053485989336481,2021-11,0.78772265
1156053485989336481,2021-11,0.27741763
1156053485989336481,2021-11,0.27741763
1156053485989336481,2021-11,0.27741763
1156053485989336481,2021-11,0.27741763
1156053485989336481,2021-11,0.27741763
1156053485989336481,2021-11,0.27741763
1156053485989336481,2021-11,0.28364465
1156053485989336481,2021-11,0.27741763
1156053485989336481,2021-11,0.27741763
1156053485989336481,2021-11,0.27741763
1156053485989336481,2021-11,0.27741763
1156053485989336481,2021-11,0.27741763
1156053485989336481,2021-11,0.28364465
1156053485989336481,2021-11,0.27741763
1156053485989336481,2021-11,0.28364465
1156053485989336481,2021-11,0.28364465
1156053485989336481,2021-11,0.27741763
1156053485989336481,2021-11,0.28364465
1166653268490470189,2021-08,0.38768956
1166653268490470189,2021-08,0.3806886
1182975716201409626,2021-07,0.048026882
1182975716201409626,2021-07,0.31350055
1182975716201409626,2021-07,0.3071672
1182975716201409626,2021-07,0.3071672
1182975716201409626,2021-07,0.29163614
1182975716201409626,2021-07,0.8776634
1182975716201409626,2021-07,0.29163614
1182975716201409626,2021-08,0.30107
1182975716201409626,2021-08,0.30157396
1182975716201409626,2021-08,0.30107
1182975716201409626,2021-08,0.29487994
1182975716201409626,2021-08,0.3418445
1182975716201409626,2021-09,0.27798805
1182975716201409626,2021-09,0.2720878
1182975716201409626,2021-09,0.27798805
1182975716201409626,2021-09,0.27798805
1182975716201409626,2021-09,0.27798805
1182975716201409626,2021-10,0.29163614
1182975716201409626,2021-10,0.28556076
1182975716201409626,2021-10,0.29163614
1182975716201409626,2021-10,0.29163614
1182975716201409626,2021-10,0.29163614
1182975716201409626,2021-10,0.29163614
1182975716201409626,2021-10,0.9338873
1182975716201409626,2021-11,0.33450624
1182975716201409626,2021-11,0.33450624
1182975716201409626,2021-11,0.3526696
1182975716201409626,2021-11,0.33450624
1182975716201409626,2021-11,0.33450624
1192810733461560329,2021-07,0.021119064
1192810733461560329,2021-09,0.1385569
1192810733461560329,2021-09,0.1385569
1192810733461560329,2021-09,0.1385569
1192810733461560329,2021-09,0.1385569
1192810733461560329,2021-09,0.1385569
1192810733461560329,2021-09,0.13506246
1192810733461560329,2021-09,0.1385569
1192810733461560329,2021-09,0.1385569
1192810733461560329,2021-10,0.1385569
1192810733461560329,2021-10,0.260467
1192810733461560329,2021-10,0.1385569
1192810733461560329,2021-10,0.1385569
1192810733461560329,2021-10,0.260467
1192810733461560329,2021-11,0.16302948
1192810733461560329,2021-11,0.16302948
1192810733461560329,2021-11,0.16302948
1192810733461560329,2021-11,0.16302948
1192891347324061812,2021-07,0.1052531
1192891347324061812,2021-07,0.4249813
1192891347324061812,2021-07,0.668212
1192891347324061812,2021-07,0.4249813
1192891347324061812,2021-07,0.41776636
1192891347324061812,2021-07,0.34696496
1192891347324061812,2021-07,0.3336007
1192891347324061812,2021-07,0.34696496
1192891347324061812,2021-08,0.35307118
1192891347324061812,2021-08,0.35307118
1192891347324061812,2021-08,0.35307118
1192891347324061812,2021-08,0.35307118
1192891347324061812,2021-08,0.35307118
1192891347324061812,2021-09,0.34696496
1192891347324061812,2021-09,0.34696496
1192891347324061812,2021-09,0.3402907
1192891347324061812,2021-09,0.3402907
1192891347324061812,2021-09,0.3402907
1192891347324061812,2021-09,0.3402907
1192891347324061812,2021-09,0.34696496
1192891347324061812,2021-09,0.34696496
1192891347324061812,2021-09,0.34696496
1192891347324061812,2021-09,0.34696496
1192891347324061812,2021-10,0.34700203
1192891347324061812,2021-10,0.3403274
1192891347324061812,2021-10,0.34700203
1192891347324061812,2021-10,0.34700203
1192891347324061812,2021-10,0.34700203
1192891347324061812,2021-10,0.34700203
1192891347324061812,2021-10,0.34700203
1192891347324061812,2021-10,0.34700203
1192891347324061812,2021-11,0.35307118
1192891347324061812,2021-11,0.35307118
1192891347324061812,2021-11,0.35307118
1192891347324061812,2021-11,0.35307118
1192891347324061812,2021-11,0.35307118
1192891347324061812,2021-11,0.35307118
1192891347324061812,2021-11,0.35307118
1192891347324061812,2021-11,0.35307118
1192891347324061812,2021-11,0.35307118
1192891347324061812,2021-11,0.35307118
1192891347324061812,2021-11,0.339594
1207306324957395736,2021-08,0.9011805
1210783884008131648,2021-07,0.048176177
1210783884008131648,2021-07,0.20314056
1210783884008131648,2021-07,0.20314056
1210783884008131648,2021-07,0.20314056
1210783884008131648,2021-07,0.20314056
1210783884008131648,2021-07,0.20314056
1210783884008131648,2021-09,0.22361808
1210783884008131648,2021-10,0.2081129
1210783884008131648,2021-11,0.20314056
1210783884008131648,2021-11,0.20314056
1210783884008131648,2021-11,0.20314056
1219954496802643881,2021-10,0.5789451
1234611356650812259,2021-07,0.32127425
1234611356650812259,2021-09,0.2912405
1234611356650812259,2021-09,0.2973864
1234611356650812259,2021-10,0.2973864
1235244772550233980,2021-07,0.0377995
1235244772550233980,2021-07,0.2910375
1235244772550233980,2021-07,0.2873878
1235244772550233980,2021-07,0.2873878
1235244772550233980,2021-08,0.29576784
1235244772550233980,2021-08,0.29576784
1235244772550233980,2021-08,0.29576784
1235244772550233980,2021-08,0.29576784
1235244772550233980,2021-09,0.29809135
1235244772550233980,2021-09,0.29809135
1235244772550233980,2021-10,0.2873878
1235244772550233980,2021-10,0.2753507
1235244772550233980,2021-10,0.2753507
1235244772550233980,2021-10,0.2753507
1235244772550233980,2021-11,0.2753507
1235244772550233980,2021-11,0.2694855
1235244772550233980,2021-11,0.2753507
1235244772550233980,2021-11,0.2753507
1239032704486561936,2021-11,0.9051546
1239032704486561936,2021-11,0.8485657
1246864346193559124,2021-11,0.14389345
1253437108265925705,2021-07,0.052124936
1253437108265925705,2021-07,0.25136146
1253437108265925705,2021-07,0.21695198
1253437108265925705,2021-07,0.22723675
1253437108265925705,2021-07,0.21695198
1253437108265925705,2021-07,0.22723675
1253437108265925705,2021-08,0.21521069
1253437108265925705,2021-08,0.8161862
1253437108265925705,2021-09,0.2052446
1253437108265925705,2021-09,0.21011375
1253437108265925705,2021-09,0.21011375
1253437108265925705,2021-09,0.21011375
1253437108265925705,2021-09,0.21011375
1253437108265925705,2021-10,0.21011375
1253437108265925705,2021-10,0.21011375
1253437108265925705,2021-10,0.21011375
1253437108265925705,2021-10,0.22016545
1253437108265925705,2021-11,0.21011375
1253437108265925705,2021-11,0.21011375
1269153452773908541,2021-07,0.051463045
1269153452773908541,2021-08,0.32732457
1269153452773908541,2021-10,0.36365363
1269153452773908541,2021-11,0.3208425
1269153452773908541,2021-11,0.32732457
1272921915900711149,2021-07,0.050245993
1272921915900711149,2021-07,0.22325432
1272921915900711149,2021-08,0.21627232
1272921915900711149,2021-08,0.21627232
1272921915900711149,2021-08,0.21627232
1272921915900711149,2021-09,0.21129863
1272921915900711149,2021-09,0.21627232
1272921915900711149,2021-09,0.21627232
1272921915900711149,2021-10,0.21013804
1272921915900711149,2021-10,0.21013804
1273229638516517354,2021-07,0.27828792
1273229638516517354,2021-08,0.38301703
1273229638516517354,2021-08,0.38301703
1273229638516517354,2021-09,0.35670036
1273229638516517354,2021-10,0.3672202
1276604410881911401,2021-07,0.13395675
1276604410881911401,2021-07,0.18320587
1276604410881911401,2021-07,0.18320587
1276604410881911401,2021-07,0.18320587
1276604410881911401,2021-07,0.18320587
1276604410881911401,2021-07,0.18320587
1276604410881911401,2021-07,0.19900663
1276604410881911401,2021-07,0.18320587
1276604410881911401,2021-07,0.18320587
1276604410881911401,2021-07,0.5021266
1276604410881911401,2021-07,0.18320587
1276604410881911401,2021-07,0.18320587
1276604410881911401,2021-07,0.18320587
1276604410881911401,2021-07,0.17881913
1276604410881911401,2021-07,0.17881913
1276604410881911401,2021-08,0.18193002
1276604410881911401,2021-08,0.18193002
1276604410881911401,2021-08,0.18193002
1276604410881911401,2021-08,0.18193002
1276604410881911401,2021-08,0.18193002
1276604410881911401,2021-08,0.18193002
1276604410881911401,2021-08,0.18193002
1276604410881911401,2021-08,0.18193002
1276604410881911401,2021-08,0.18193002
1276604410881911401,2021-08,0.18193002
1276604410881911401,2021-08,0.18193002
1276604410881911401,2021-08,0.45841262
1276604410881911401,2021-08,0.1775672
1276604410881911401,2021-08,0.1775672
1276604410881911401,2021-08,0.45107532
1276604410881911401,2021-08,0.45107532
1276604410881911401,2021-08,0.45107532
1276604410881911401,2021-08,0.1775672
1276604410881911401,2021-08,0.1775672
1276604410881911401,2021-08,0.18193002
1276604410881911401,2021-08,0.45841262
1276604410881911401,2021-09,0.18320587
1276604410881911401,2021-09,0.18320587
1276604410881911401,2021-09,0.18320587
1276604410881911401,2021-09,0.18320587
1276604410881911401,2021-09,0.18320587
1276604410881911401,2021-09,0.18320587
1276604410881911401,2021-09,0.18320587
1276604410881911401,2021-09,0.18320587
1276604410881911401,2021-09,0.18320587
1276604410881911401,2021-09,0.37803647
1276604410881911401,2021-09,0.18320587
1276604410881911401,2021-09,0.37803647
1276604410881911401,2021-09,0.37803647
1276604410881911401,2021-10,0.19988042
1276604410881911401,2021-10,0.4036797
1276604410881911401,2021-10,0.19988042
1276604410881911401,2021-10,0.4036797
1276604410881911401,2021-10,0.19988042
1276604410881911401,2021-10,0.19518982
1276604410881911401,2021-10,0.52164865
1276604410881911401,2021-10,0.396577
1276604410881911401,2021-10,0.19518982
1276604410881911401,2021-11,0.45841262
1276604410881911401,2021-11,0.18193002
1276604410881911401,2021-11,0.3426688
1285245417998627607,2021-08,0.92334694
1285245417998627607,2021-10,0.91948533
1292049196559782171,2021-07,0.3583067
1292049196559782171,2021-07,0.38328502
1292049196559782171,2021-08,0.38328502
1292049196559782171,2021-08,0.38328502
1292049196559782171,2021-08,0.38328502
1292049196559782171,2021-08,0.38328502
1292049196559782171,2021-08,0.38328502
1292049196559782171,2021-08,0.38328502
1292049196559782171,2021-08,0.38328502
1292049196559782171,2021-09,0.38328502
1292049196559782171,2021-09,0.38328502
1292049196559782171,2021-09,0.38328502
1292049196559782171,2021-09,0.38328502
1292049196559782171,2021-10,0.39050594
1292049196559782171,2021-10,0.38348594
1292049196559782171,2021-10,0.39050594
1292049196559782171,2021-10,0.39050594
1292049196559782171,2021-10,0.39050594
1292049196559782171,2021-10,0.39050594
1292049196559782171,2021-10,0.56480056
1292049196559782171,2021-10,0.39050594
1292049196559782171,2021-11,0.39050594
1292049196559782171,2021-11,0.39050594
1292049196559782171,2021-11,0.39050594
1292049196559782171,2021-11,0.38348594
1292049196559782171,2021-11,0.39050594
1292049196559782171,2021-11,0.39050594
1299146298565441811,2021-07,0.2250179
1299146298565441811,2021-07,0.27582395
1299146298565441811,2021-07,0.27582395
1299146298565441811,2021-08,0.2668791
1299146298565441811,2021-08,0.2668791
1299146298565441811,2021-09,0.27582395
1299146298565441811,2021-10,0.8044505
1299146298565441811,2021-10,0.2668791
1299146298565441811,2021-11,0.26995245
1299146298565441811,2021-11,0.27582395
1308019675417057675,2021-07,0.09237241
1308019675417057675,2021-07,0.29994726
1308019675417057675,2021-07,0.25529736
1308019675417057675,2021-07,0.25529736
1308019675417057675,2021-08,0.24827637
1308019675417057675,2021-08,0.25407925
1308019675417057675,2021-08,0.25407925
1308019675417057675,2021-09,0.81436723
1308019675417057675,2021-09,0.26120734
1308019675417057675,2021-09,0.26120734
1308019675417057675,2021-09,0.25529736
1308019675417057675,2021-10,0.25407925
1308019675417057675,2021-10,0.24827637
1308019675417057675,2021-10,0.25407925
1308019675417057675,2021-10,0.24827637
1308019675417057675,2021-10,0.25407925
1308019675417057675,2021-10,0.24827637
1308019675417057675,2021-11,0.2530368
1308019675417057675,2021-11,0.2472498
1310335287370721834,2021-10,0.79581803
1311488706225587300,2021-10,0.38643447
1329553496073467331,2021-07,0.043305553
1329553496073467331,2021-07,0.3906582
1329553496073467331,2021-08,0.3836372
1329553496073467331,2021-09,0.40236294
1329553496073467331,2021-10,0.38333902
1329553496073467331,2021-10,0.3906582
1334091158016312155,2021-08,0.15712327
1334091158016312155,2021-09,0.33386752
1334091158016312155,2021-10,0.31376883
1343530446996409207,2021-07,0.06572934
1343530446996409207,2021-07,0.28851175
1343530446996409207,2021-07,0.29686064
1343530446996409207,2021-08,0.30636415
1343530446996409207,2021-08,0.29786122
1343530446996409207,2021-08,0.29786122
1343530446996409207,2021-08,0.29786122
1343530446996409207,2021-08,0.29786122
1343530446996409207,2021-09,0.30636415
1343530446996409207,2021-09,0.29786122
1343530446996409207,2021-09,0.29786122
1343530446996409207,2021-09,0.30636415
1343530446996409207,2021-10,0.29786122
1343530446996409207,2021-10,0.30636415
1343530446996409207,2021-11,0.2749285
1343530446996409207,2021-11,0.2749285
1357573192598249600,2021-07,0.09807376
1357573192598249600,2021-07,0.2480227
1357573192598249600,2021-07,0.2081129
1357573192598249600,2021-07,0.2081129
1357573192598249600,2021-08,0.20314056
1357573192598249600,2021-08,0.19839242
1357573192598249600,2021-08,0.20314056
1357573192598249600,2021-08,0.20314056
1357573192598249600,2021-08,0.20314056
1357573192598249600,2021-08,0.20314056
1357573192598249600,2021-08,0.20314056
1357573192598249600,2021-09,0.21662784
1357573192598249600,2021-09,0.21662784
1357573192598249600,2021-09,0.21164818
1366416810235233769,2021-07,0.048887525
1366416810235233769,2021-07,0.2480227
1366416810235233769,2021-07,0.2480227
1366416810235233769,2021-07,0.2425448
1366416810235233769,2021-07,0.2081129
1366416810235233769,2021-07,0.2081129
1366416810235233769,2021-07,0.83502734
1366416810235233769,2021-07,0.2081129
1366416810235233769,2021-08,0.20314056
1366416810235233769,2021-09,0.22361808
1366416810235233769,2021-09,0.22361808
1366416810235233769,2021-10,0.21164818
1366416810235233769,2021-10,0.21662784
1366416810235233769,2021-10,0.21662784
1366416810235233769,2021-10,0.21662784
1366416810235233769,2021-11,0.4000649
1366416810235233769,2021-11,0.2081129
1366416810235233769,2021-11,0.83502734
1368430815953333691,2021-07,0.4712247
1368430815953333691,2021-07,0.35965198
1368430815953333691,2021-08,0.35968965
1368430815953333691,2021-09,0.35968965
1368430815953333691,2021-10,0.36649507
1368430815953333691,2021-10,0.36649507
1396078312562623766,2021-08,0.63658947
1396078312562623766,2021-09,0.31837
1396078312562623766,2021-11,0.32727173
1414132620714431952,2021-08,0.6764283
1414132620714431952,2021-09,0.46367332
1414132620714431952,2021-09,0.48589534
1415340753324392369,2021-09,0.3067944
1420529738304793615,2021-07,0.1264083
1420529738304793615,2021-09,0.5006285
1420529738304793615,2021-10,0.49173927
1420529738304793615,2021-10,0.49173927
1420529738304793615,2021-11,0.4911777
1423952977138155129,2021-07,0.08221114
1423952977138155129,2021-07,0.52833444
1423952977138155129,2021-08,0.47881794
1423952977138155129,2021-08,0.47143835
1423952977138155129,2021-09,0.48811036
1423952977138155129,2021-09,0.48811036
1423952977138155129,2021-10,0.476814
1430896989654626045,2021-07,0.2549
1430896989654626045,2021-07,0.53786546
1430896989654626045,2021-07,0.5050792
1430896989654626045,2021-08,0.51779956
1430896989654626045,2021-08,0.51779956
1430896989654626045,2021-08,0.51779956
1430896989654626045,2021-08,0.51779956
1430896989654626045,2021-09,0.51779956
1430896989654626045,2021-11,0.48501718
1430896989654626045,2021-11,0.48501718
1430896989654626045,2021-11,0.48501718
1430896989654626045,2021-11,0.48501718
1430896989654626045,2021-11,0.48501718
1430896989654626045,2021-11,0.8158557
1430896989654626045,2021-11,0.48501718
1454789421854453615,2021-07,0.26217386
1454789421854453615,2021-07,0.44576618
1454789421854453615,2021-07,0.27951485
1454789421854453615,2021-07,0.39559957
1454789421854453615,2021-07,0.27951485
1454789421854453615,2021-07,0.27951485
1454789421854453615,2021-07,0.27951485
1454789421854453615,2021-07,0.27951485
1454789421854453615,2021-07,0.27951485
1454789421854453615,2021-07,0.27951485
1454789421854453615,2021-08,0.27951485
1454789421854453615,2021-08,0.27951485
1454789421854453615,2021-08,0.27359447
1454789421854453615,2021-08,0.27951485
1454789421854453615,2021-08,0.27951485
1454789421854453615,2021-08,0.27951485
1454789421854453615,2021-08,0.27951485
1454789421854453615,2021-09,0.27359447
1454789421854453615,2021-09,0.27951485
1454789421854453615,2021-09,0.30089217
1454789421854453615,2021-09,0.87859786
1454789421854453615,2021-09,0.27951485
1454789421854453615,2021-09,0.27951485
1454789421854453615,2021-09,0.27951485
1454789421854453615,2021-09,0.27951485
1454789421854453615,2021-09,0.27951485
1454789421854453615,2021-09,0.27951485
1454789421854453615,2021-09,0.27951485
1454789421854453615,2021-09,0.27951485
1454789421854453615,2021-09,0.27951485
1454789421854453615,2021-10,0.27184454
1454789421854453615,2021-10,0.27990085
1454789421854453615,2021-10,0.27990085
1454789421854453615,2021-10,0.27184454
1454789421854453615,2021-10,0.27184454
1454789421854453615,2021-11,0.27951485
1454789421854453615,2021-11,0.27951485
1454789421854453615,2021-11,0.27359447
1454789421854453615,2021-11,0.87859786
1454789421854453615,2021-11,0.27951485
1454789421854453615,2021-11,0.27951485
1462395707491634845,2021-09,0.9308837
1462395707491634845,2021-11,0.45050472
1462395707491634845,2021-11,0.45050472
1467843186411742274,2021-07,0.8790549
1467843186411742274,2021-08,0.25481367
1467843186411742274,2021-08,0.2919403
1467843186411742274,2021-09,0.25777334
1467843186411742274,2021-10,0.25753212
1467843186411742274,2021-10,0.26347554
1467843186411742274,2021-10,0.26347554
1467843186411742274,2021-11,0.24899963
1467843186411742274,2021-11,0.24899963
1477629972594346481,2021-07,0.1173208
1477629972594346481,2021-07,0.24717502
1477629972594346481,2021-07,0.21281183
1477629972594346481,2021-07,0.83688724
1477629972594346481,2021-08,0.2356134
1477629972594346481,2021-08,0.2356134
1477629972594346481,2021-08,0.85855204
1477629972594346481,2021-08,0.24121529
1477629972594346481,2021-08,0.2356134
1477629972594346481,2021-09,0.2180262
1477629972594346481,2021-09,0.21281183
1477629972594346481,2021-09,0.21281183
1477629972594346481,2021-10,0.2078966
1477629972594346481,2021-10,0.21281183
1477629972594346481,2021-11,0.2356134
1477629972594346481,2021-11,0.2356134
1477629972594346481,2021-11,0.2356134
1477629972594346481,2021-11,0.2356134
1507697130807703164,2021-07,0.03845659
1507697130807703164,2021-07,0.27141142
1507697130807703164,2021-08,0.2625578
1507697130807703164,2021-08,0.2625578
1507697130807703164,2021-09,0.27141142
1507697130807703164,2021-09,0.26559943
1507697130807703164,2021-09,0.27141142
1507697130807703164,2021-09,0.5081112
1507697130807703164,2021-11,0.27141142
1507697130807703164,2021-11,0.26559943
1507697130807703164,2021-11,0.27141142
1507697130807703164,2021-11,0.27141142
1533755281771668509,2021-08,0.068408795
1533755281771668509,2021-09,0.3634373
1533755281771668509,2021-09,0.3634373
1533755281771668509,2021-10,0.35104424
1533755281771668509,2021-11,0.34083578
1533755281771668509,2021-11,0.34083578
1536087798470875922,2021-07,0.4063389
1536087798470875922,2021-07,0.4213164
1536087798470875922,2021-07,0.3827597
1536087798470875922,2021-07,0.3827597
1536087798470875922,2021-07,0.3827597
1536087798470875922,2021-07,0.3827597
1536087798470875922,2021-07,0.3827597
1536087798470875922,2021-08,0.3728808
1536087798470875922,2021-08,0.3728808
1536087798470875922,2021-08,0.39663586
1536087798470875922,2021-08,0.3728808
1536087798470875922,2021-08,0.3790732
1536087798470875922,2021-08,0.39663586
1536087798470875922,2021-08,0.3728808
1536087798470875922,2021-08,0.3728808
1536087798470875922,2021-09,0.3809526
1536087798470875922,2021-09,0.35925835
1536087798470875922,2021-09,0.3660982
1536087798470875922,2021-09,0.3660982
1536087798470875922,2021-09,0.3660982
1536087798470875922,2021-10,0.3728808
1536087798470875922,2021-10,0.3728808
1536087798470875922,2021-10,0.3728808
1536087798470875922,2021-10,0.3728808
1536087798470875922,2021-11,0.34641525
1543875954928694094,2021-07,0.03489989
1543875954928694094,2021-07,0.18170682
1543875954928694094,2021-08,0.1500508
1543875954928694094,2021-08,0.1500508
1543875954928694094,2021-08,0.15405762
1543875954928694094,2021-09,0.15405762
1543875954928694094,2021-09,0.15405762
1543875954928694094,2021-09,0.15405762
1543875954928694094,2021-09,0.1500508
1543875954928694094,2021-10,0.21720864
1543875954928694094,2021-10,0.21720864
1543875954928694094,2021-10,0.21720864
1543875954928694094,2021-11,0.15405762
1551531256789550891,2021-07,0.034016475
1551531256789550891,2021-07,0.48714888
1551531256789550891,2021-07,0.24979067
1551531256789550891,2021-08,0.25749925
1551531256789550891,2021-09,0.24979067
1551531256789550891,2021-09,0.24979067
1551531256789550891,2021-09,0.24979067
1551531256789550891,2021-09,0.24979067
1551531256789550891,2021-09,0.24979067
1551531256789550891,2021-10,0.2776005
1551531256789550891,2021-10,0.27141142
1551531256789550891,2021-10,0.27141142
1551531256789550891,2021-11,0.27141142
1551531256789550891,2021-11,0.27141142
1553628056929342565,2021-07,0.0959031
1553628056929342565,2021-07,0.2524713
1553628056929342565,2021-07,0.2524713
1553628056929342565,2021-07,0.31707507
1553628056929342565,2021-08,0.26699677
1553628056929342565,2021-08,0.26699677
1553628056929342565,2021-08,0.6353275
1553628056929342565,2021-08,0.26699677
1553628056929342565,2021-08,0.28709438
1553628056929342565,2021-09,0.51470196
1553628056929342565,2021-09,0.26108137
1574054842704135993,2021-08,0.12957919
1579681122696922043,2021-07,0.11466331
1579681122696922043,2021-08,0.28780276
1579681122696922043,2021-08,0.2939062
1579681122696922043,2021-10,0.2939062
1592581784061157609,2021-11,0.53533924
1611146298923153842,2021-07,0.08123518
1611146298923153842,2021-07,0.47663617
1611146298923153842,2021-07,0.4618093
1611146298923153842,2021-08,0.4344336
1611146298923153842,2021-08,0.4119341
1611146298923153842,2021-09,0.6868037
1611146298923153842,2021-09,0.40828177
1611146298923153842,2021-09,0.4119341
1611146298923153842,2021-09,0.4119341
1611146298923153842,2021-10,0.44171798
1611146298923153842,2021-10,0.4119341
1611146298923153842,2021-11,0.4807239
1613152204777372951,2021-07,0.1925076
1613152204777372951,2021-07,0.22112118
1613152204777372951,2021-08,0.22898968
1613152204777372951,2021-08,0.22898968
1613152204777372951,2021-09,0.22112118
1613152204777372951,2021-11,0.29295048
1616952665234409442,2021-07,0.31004652
1616952665234409442,2021-07,0.51817155
1616952665234409442,2021-07,0.6663179
1616952665234409442,2021-07,0.41727594
1616952665234409442,2021-07,0.42479673
1616952665234409442,2021-08,0.41106966
1616952665234409442,2021-08,0.41076437
1616952665234409442,2021-08,0.8940198
1616952665234409442,2021-08,0.41076437
1616952665234409442,2021-08,0.68831074
1616952665234409442,2021-08,0.41825202
1616952665234409442,2021-09,0.3998894
1616952665234409442,2021-09,0.40731585
1616952665234409442,2021-10,0.42823216
1616952665234409442,2021-10,0.5875571
1616952665234409442,2021-10,0.42823216
1616952665234409442,2021-10,0.8021674
1616952665234409442,2021-10,0.88175946
1616952665234409442,2021-10,0.88175946
1616952665234409442,2021-10,0.42823216
1616952665234409442,2021-10,0.42069504
1616952665234409442,2021-10,0.42069504
1616952665234409442,2021-10,0.42069504
1616952665234409442,2021-10,0.41350055
1616952665234409442,2021-10,0.42823216
1616952665234409442,2021-10,0.42823216
1616952665234409442,2021-10,0.42069504
1616952665234409442,2021-10,0.42823216
1616952665234409442,2021-10,0.42069504
1616952665234409442,2021-10,0.42823216
1616952665234409442,2021-10,0.42069504
1616952665234409442,2021-10,0.42069504
1616952665234409442,2021-11,0.6962041
1616952665234409442,2021-11,0.41080397
1616952665234409442,2021-11,0.4182918
1617695035450525647,2021-07,0.030312933
1617695035450525647,2021-07,0.22688991
1617695035450525647,2021-07,0.22688991
1617695035450525647,2021-07,0.2398893
1617695035450525647,2021-07,0.22174112
1617695035450525647,2021-07,0.18952356
1617695035450525647,2021-07,0.18952356
1617695035450525647,2021-07,0.18952356
1617695035450525647,2021-07,0.18952356
1617695035450525647,2021-07,0.18952356
1617695035450525647,2021-07,0.18952356
1617695035450525647,2021-07,0.18952356
1617695035450525647,2021-07,0.18952356
1617695035450525647,2021-07,0.18952356
1617695035450525647,2021-07,0.18952356
1617695035450525647,2021-08,0.18952356
1617695035450525647,2021-08,0.20573194
1617695035450525647,2021-08,0.18952356
1617695035450525647,2021-08,0.18952356
1617695035450525647,2021-08,0.18952356
1617695035450525647,2021-08,0.4428355
1617695035450525647,2021-08,0.1850198
1617695035450525647,2021-08,0.1850198
1617695035450525647,2021-08,0.1850198
1617695035450525647,2021-08,0.20093852
1617695035450525647,2021-08,0.18952356
1617695035450525647,2021-09,0.2159723
1617695035450525647,2021-09,0.33547947
1617695035450525647,2021-09,0.2159723
1617695035450525647,2021-09,0.33547947
1617695035450525647,2021-09,0.21100368
1617695035450525647,2021-09,0.21100368
1617695035450525647,2021-09,0.21100368
1617695035450525647,2021-10,0.2149637
1617695035450525647,2021-10,0.4487047
1617695035450525647,2021-10,0.2149637
1617695035450525647,2021-10,0.2149637
1617695035450525647,2021-10,0.2149637
1617695035450525647,2021-10,0.2149637
1617695035450525647,2021-10,0.2149637
1617695035450525647,2021-10,0.4487047
1617695035450525647,2021-10,0.4487047
1617695035450525647,2021-10,0.498667
1617695035450525647,2021-11,0.1850198
1617695035450525647,2021-11,0.18952356
1617695035450525647,2021-11,0.29999542
1617695035450525647,2021-11,0.29999542
1617695035450525647,2021-11,0.18952356
1637960623843047520,2021-07,0.53684247
1637960623843047520,2021-07,0.33632433
1637960623843047520,2021-07,0.33632433
1637960623843047520,2021-07,0.33632433
1637960623843047520,2021-07,0.32975137
1637960623843047520,2021-07,0.32975137
1637960623843047520,2021-07,0.32975137
1637960623843047520,2021-07,0.33632433
1637960623843047520,2021-07,0.7916607
1637960623843047520,2021-07,0.87626797
1637960623843047520,2021-08,0.33632433
1637960623843047520,2021-08,0.46797785
1637960623843047520,2021-08,0.33632433
1637960623843047520,2021-08,0.33632433
1637960623843047520,2021-08,0.92000425
1637960623843047520,2021-09,0.7916607
1637960623843047520,2021-09,0.33632433
1637960623843047520,2021-09,0.33632433
1637960623843047520,2021-09,0.32975137
1637960623843047520,2021-10,0.33632433
1637960623843047520,2021-10,0.46797785
1637960623843047520,2021-10,0.33632433
1658487213084590146,2021-08,0.80665153
1661240395903230676,2021-07,0.45157185
1661240395903230676,2021-07,0.5050681
1661240395903230676,2021-07,0.47255248
1661240395903230676,2021-07,0.46486953
1661240395903230676,2021-07,0.46486953
1661240395903230676,2021-07,0.46486953
1661240395903230676,2021-07,0.46486953
1661240395903230676,2021-07,0.47255248
1661240395903230676,2021-08,0.50282735
1661240395903230676,2021-09,0.47642428
1661240395903230676,2021-09,0.48381042
1661240395903230676,2021-10,0.47610962
1661240395903230676,2021-10,0.47610962
1661240395903230676,2021-10,0.48381042
1661240395903230676,2021-11,0.47255248
1661240395903230676,2021-11,0.45751625
1661240395903230676,2021-11,0.46518332
1661240395903230676,2021-11,0.46486953
1661240395903230676,2021-11,0.47255248
1667173444642500307,2021-10,0.38137612
1667173444642500307,2021-10,0.38137612
1667173444642500307,2021-11,0.37075147
1668564607105585557,2021-09,0.82853043
1674864668198542837,2021-07,0.60356116
1674864668198542837,2021-07,0.8454897
1678680306005074426,2021-07,0.07997458
1678680306005074426,2021-07,0.3677344
1678680306005074426,2021-07,0.3608814
1678680306005074426,2021-07,0.30690733
1678680306005074426,2021-10,0.30518198
1678680306005074426,2021-10,0.30518198
1678680306005074426,2021-11,0.29494324
1678680306005074426,2021-11,0.29494324
1678680306005074426,2021-11,0.30747342
1683619849073499603,2021-07,0.06404474
1683619849073499603,2021-07,0.236996
1683619849073499603,2021-07,0.20314056
1683619849073499603,2021-08,0.24336424
1683619849073499603,2021-08,0.2081129
1683619849073499603,2021-08,0.2081129
1683619849073499603,2021-08,0.2081129
1683619849073499603,2021-08,0.2081129
1683619849073499603,2021-09,0.20314056
1683619849073499603,2021-09,0.19839242
1683619849073499603,2021-09,0.19839242
1683619849073499603,2021-09,0.20314056
1683619849073499603,2021-10,0.20314056
1683619849073499603,2021-10,0.2129486
1683619849073499603,2021-10,0.19839242
1683619849073499603,2021-10,0.20314056
1683619849073499603,2021-11,0.2081129
1683619849073499603,2021-11,0.2081129
1683619849073499603,2021-11,0.2081129
1683619849073499603,2021-11,0.83502734
1683619849073499603,2021-11,0.2081129
1687017009357941608,2021-08,0.45970044
1687017009357941608,2021-08,0.79017586
1692423451726508456,2021-07,0.11334502
1696462947583294958,2021-07,0.0603014
1696462947583294958,2021-07,0.2668791
1696462947583294958,2021-07,0.2668791
1696462947583294958,2021-08,0.27582395
1696462947583294958,2021-08,0.27582395
1696462947583294958,2021-09,0.798602
1696462947583294958,2021-09,0.26690328
1696462947583294958,2021-10,0.2611532
1696462947583294958,2021-11,0.26995245
1696462947583294958,2021-11,0.27582395
1698828605814171242,2021-07,0.050531026
1698828605814171242,2021-07,0.39958858
1698828605814171242,2021-08,0.3358917
1698828605814171242,2021-08,0.3358917
1698828605814171242,2021-09,0.34531093
1698828605814171242,2021-09,0.35203114
1698828605814171242,2021-09,0.35203114
1698828605814171242,2021-10,0.3268694
1698828605814171242,2021-10,0.3268694
1698828605814171242,2021-10,0.32039204
1708019696828098378,2021-08,0.8199463
1708019696828098378,2021-08,0.37596345
1708019696828098378,2021-09,0.3704583
1708019696828098378,2021-09,0.3704583
1708019696828098378,2021-09,0.3704583
1708019696828098378,2021-09,0.3704583
1708019696828098378,2021-09,0.3704583
1708019696828098378,2021-10,0.6801448
1708019696828098378,2021-10,0.35421437
1708019696828098378,2021-10,0.91815376
1708019696828098378,2021-10,0.36101225
1708019696828098378,2021-10,0.36101225
1708019696828098378,2021-11,0.33119082
1711114950158155307,2021-07,0.059893664
1712483726555581515,2021-11,0.07925443
1717812527056208209,2021-07,0.87588936
1717812527056208209,2021-07,0.39123568
1717812527056208209,2021-07,0.39123568
1717812527056208209,2021-09,0.38054383
1717812527056208209,2021-09,0.38054383
1717812527056208209,2021-10,0.39123568
1717812527056208209,2021-10,0.37963164
1717812527056208209,2021-11,0.61481625
1735718258017802778,2021-10,0.21924141
1735718258017802778,2021-10,0.23955421
1738460583932152602,2021-08,0.85958797
1738460583932152602,2021-11,0.82967824
1741049493106216406,2021-07,0.7609493
1741049493106216406,2021-08,0.81436723
1741049493106216406,2021-09,0.26748177
1741049493106216406,2021-09,0.26748177
1741049493106216406,2021-11,0.24562332
1741049493106216406,2021-11,0.24562332
1741049493106216406,2021-11,0.24562332
1748142500108801439,2021-10,0.06276735
1757249986361236700,2021-08,0.08702114
1767360303789815418,2021-07,0.06535558
1767360303789815418,2021-11,0.31922942
1778014915038250584,2021-07,0.6601859
1778014915038250584,2021-07,0.28237396
1778014915038250584,2021-07,0.27046716
1778014915038250584,2021-08,0.26466805
1778014915038250584,2021-08,0.27046716
1778014915038250584,2021-09,0.26466805
1778014915038250584,2021-10,0.2785769
1788369195969129749,2021-07,0.07422939
1788369195969129749,2021-07,0.41551045
1788369195969129749,2021-08,0.42744482
1788369195969129749,2021-09,0.43852156
1788369195969129749,2021-09,0.63251764
1788369195969129749,2021-09,0.4135215
1788369195969129749,2021-09,0.43852156
1788369195969129749,2021-10,0.43326032
1788369195969129749,2021-10,0.4405404
1788369195969129749,2021-11,0.4135612
1827463638348028912,2021-08,0.08346891
1827463638348028912,2021-08,0.34786463
1864367736036633256,2021-07,0.07694541
1864367736036633256,2021-07,0.46060443
1874361799315286610,2021-10,0.024329165
1874361799315286610,2021-11,0.16148163
1874361799315286610,2021-11,0.16986632
1874387298050692165,2021-07,0.04712814
1874387298050692165,2021-07,0.3906582
1874387298050692165,2021-09,0.3836372
1874387298050692165,2021-10,0.41164342
1891145854263312840,2021-07,0.7945539
1891145854263312840,2021-07,0.8804648
1891145854263312840,2021-07,0.23830135
1891145854263312840,2021-08,0.8297891
1891145854263312840,2021-08,0.83899796
1891145854263312840,2021-10,0.8264164
1891145854263312840,2021-11,0.29210147
1945147145527703963,2021-07,0.027950414
1945147145527703963,2021-07,0.18432483
1945147145527703963,2021-08,0.16888046
1945147145527703963,2021-08,0.16888046
1945147145527703963,2021-08,0.19915769
1945147145527703963,2021-09,0.19736874
1951407691087813358,2021-07,0.08774468
1951407691087813358,2021-07,0.51072174
1951407691087813358,2021-07,0.4479864
1951407691087813358,2021-08,0.4479864
1951407691087813358,2021-08,0.4479864
1951407691087813358,2021-08,0.4406802
1951407691087813358,2021-09,0.4479864
1951407691087813358,2021-09,0.4479864
1951407691087813358,2021-09,0.4479864
1951407691087813358,2021-10,0.46214986
1951407691087813358,2021-10,0.8480709
1951407691087813358,2021-11,0.4479864
1951407691087813358,2021-11,0.4479864
1951407691087813358,2021-11,0.4479864
1953058402621337677,2021-07,0.10271625
1953058402621337677,2021-07,0.47124767
1953058402621337677,2021-07,0.5267625
1953058402621337677,2021-07,0.39050594
1953058402621337677,2021-07,0.39050594
1953058402621337677,2021-07,0.39050594
1953058402621337677,2021-07,0.39050594
1953058402621337677,2021-07,0.39050594
1953058402621337677,2021-07,0.4445052
1953058402621337677,2021-08,0.4511016
1953058402621337677,2021-08,0.4511016
1953058402621337677,2021-08,0.4511016
1953058402621337677,2021-08,0.3898123
1953058402621337677,2021-08,0.39687353
1953058402621337677,2021-08,0.39687353
1953058402621337677,2021-09,0.38328502
1953058402621337677,2021-10,0.3974526
1953058402621337677,2021-10,0.4370017
1953058402621337677,2021-10,0.4370017
1953058402621337677,2021-10,0.38328502
1956406515279457110,2021-08,0.42414656
1956406515279457110,2021-08,0.42414656
1956406515279457110,2021-08,0.42414656
1956406515279457110,2021-08,0.42414656
1956406515279457110,2021-08,0.42414656
1956406515279457110,2021-08,0.42414656
1956406515279457110,2021-08,0.42414656
1956406515279457110,2021-09,0.43071517
1956406515279457110,2021-09,0.43071517
1956406515279457110,2021-09,0.43071517
1956406515279457110,2021-09,0.43071517
1956406515279457110,2021-09,0.582842
1956406515279457110,2021-10,0.41316575
1956406515279457110,2021-10,0.41316575
1956406515279457110,2021-11,0.5691005
1956406515279457110,2021-11,0.42418647
1958660709350677213,2021-07,0.3969087
1958660709350677213,2021-07,0.6709553
1958660709350677213,2021-07,0.4325294
1958660709350677213,2021-08,0.49180558
1958660709350677213,2021-08,0.48441193
1958660709350677213,2021-08,0.49180558
1958660709350677213,2021-09,0.4363445
1958660709350677213,2021-09,0.4363445
1958660709350677213,2021-09,0.4436358
1958660709350677213,2021-09,0.6792226
1958660709350677213,2021-09,0.6792226
1958660709350677213,2021-10,0.6792226
1958660709350677213,2021-10,0.6792226
1958660709350677213,2021-10,0.4436358
1958660709350677213,2021-11,0.48500985
1963239178085807816,2021-10,0.084944285
1963239178085807816,2021-11,0.48260492
1977574645216036803,2021-07,0.972378
1977574645216036803,2021-07,0.41076437
1977574645216036803,2021-08,0.41080397
1977574645216036803,2021-08,0.945921
1977574645216036803,2021-08,0.41080397
1977574645216036803,2021-09,0.4036214
1977574645216036803,2021-10,0.4347761
1977574645216036803,2021-11,0.42479673
1977574645216036803,2021-11,0.42479673
1977574645216036803,2021-11,0.42479673
1997130697107291654,2021-08,0.36705595
1997130697107291654,2021-08,0.39666402
1997130697107291654,2021-10,0.39666402
1997130697107291654,2021-10,0.39666402
1997130697107291654,2021-11,0.39666402
1998941557906036376,2021-07,0.21091367
1998941557906036376,2021-07,0.4652523
1998941557906036376,2021-08,0.47283354
1998941557906036376,2021-08,0.47283354
1998941557906036376,2021-09,0.48769355
1998941557906036376,2021-09,0.46546385
1998941557906036376,2021-10,0.4652523
1998941557906036376,2021-10,0.4652523
1998941557906036376,2021-10,0.4652523
1998941557906036376,2021-10,0.4652523
1998941557906036376,2021-11,0.4652523
1998941557906036376,2021-11,0.45789814
2003221759676247813,2021-07,0.025077883
2003221759676247813,2021-08,0.16986632
2003221759676247813,2021-08,0.1655288
2003221759676247813,2021-10,0.1655288
2003221759676247813,2021-11,0.1655288
2003221759676247813,2021-11,0.1655288
2006188298374001315,2021-07,0.087810986
2006188298374001315,2021-07,0.50511444
2006188298374001315,2021-07,0.482839
2006188298374001315,2021-07,0.43304196
2006188298374001315,2021-08,0.39666402
2006188298374001315,2021-09,0.40644953
2006188298374001315,2021-09,0.39933074
2006188298374001315,2021-09,0.40644953
2006188298374001315,2021-09,0.40644953
2006188298374001315,2021-10,0.4396029
2006188298374001315,2021-10,0.4396029
2006188298374001315,2021-10,0.4396029
2006188298374001315,2021-11,0.43304196
2012477868296377155,2021-07,0.22523932
2012477868296377155,2021-07,0.46095327
2012477868296377155,2021-07,0.46095327
2012477868296377155,2021-07,0.46095327
2012477868296377155,2021-07,0.46095327
2012477868296377155,2021-08,0.5087402
2012477868296377155,2021-08,0.5087402
2012477868296377155,2021-08,0.5087402
2012477868296377155,2021-08,0.5087402
2012477868296377155,2021-08,0.5013431
2012477868296377155,2021-08,0.5013431
2012477868296377155,2021-09,0.5013431
2012477868296377155,2021-10,0.5087402
2012477868296377155,2021-10,0.5087402
2012477868296377155,2021-10,0.5087402
2012477868296377155,2021-10,0.5087402
2022367282554149730,2021-07,0.09804293
2022367282554149730,2021-07,0.52181935
2022367282554149730,2021-07,0.4701666
2022367282554149730,2021-07,0.4701666
2022367282554149730,2021-07,0.4701666
2022367282554149730,2021-07,0.4701666
2022367282554149730,2021-07,0.4701666
2022367282554149730,2021-08,0.4436358
2022367282554149730,2021-08,0.4436358
2022367282554149730,2021-08,0.4436358
2022367282554149730,2021-08,0.4436358
2022367282554149730,2021-08,0.44422674
2022367282554149730,2021-08,0.4436358
2022367282554149730,2021-08,0.9145962
2022367282554149730,2021-08,0.4436358
2022367282554149730,2021-08,0.4436358
2022367282554149730,2021-08,0.4436358
2022367282554149730,2021-08,0.4436358
2022367282554149730,2021-09,0.4436358
2022367282554149730,2021-09,0.4363445
2022367282554149730,2021-09,0.4436358
2022367282554149730,2021-09,0.6646397
2022367282554149730,2021-09,0.4436358
2022367282554149730,2021-09,0.4436358
2022367282554149730,2021-09,0.4436358
2022367282554149730,2021-10,0.45370868
2022367282554149730,2021-10,0.45370868
2022367282554149730,2021-10,0.45370868
2022367282554149730,2021-10,0.4469763
2022367282554149730,2021-10,0.4463846
2022367282554149730,2021-10,0.45370868
2022367282554149730,2021-10,0.45370868
2022367282554149730,2021-10,0.45370868
2022367282554149730,2021-10,0.45370868
2022367282554149730,2021-10,0.45430207
2022367282554149730,2021-10,0.45370868
2022367282554149730,2021-11,0.4436358
2022367282554149730,2021-11,0.4436358
2022367282554149730,2021-11,0.44422674
2022367282554149730,2021-11,0.4436358
2022367282554149730,2021-11,0.4436358
2022367282554149730,2021-11,0.44422674
2022367282554149730,2021-11,0.4436358
2025898153078562640,2021-08,0.046267297
2025898153078562640,2021-08,0.278267
2025898153078562640,2021-10,0.26493526
2025898153078562640,2021-11,0.24960132
2032592272238235730,2021-07,0.13147105
2032592272238235730,2021-08,0.20012134
2032592272238235730,2021-08,0.20012134
2032592272238235730,2021-08,0.20012134
2032592272238235730,2021-08,0.18874186
2032592272238235730,2021-09,0.19344732
2032592272238235730,2021-10,0.21964362
2032592272238235730,2021-10,0.20725578
2032592272238235730,2021-11,0.19900663
2032592272238235730,2021-11,0.9273314
2032592272238235730,2021-11,0.19900663
2032592272238235730,2021-11,0.18320587
2033394215069562776,2021-07,0.26358506
2033394215069562776,2021-07,0.3407291
2033394215069562776,2021-07,0.3407291
2033394215069562776,2021-07,0.33411342
2033394215069562776,2021-07,0.28237396
2033394215069562776,2021-07,0.28237396
2033394215069562776,2021-07,0.28237396
2033394215069562776,2021-07,0.27046716
2033394215069562776,2021-08,0.27046716
2033394215069562776,2021-08,0.27046716
2033394215069562776,2021-09,0.29001817
2033394215069562776,2021-09,0.29001817
2033394215069562776,2021-09,0.28389117
2033394215069562776,2021-10,0.27637562
2033394215069562776,2021-10,0.27637562
2033394215069562776,2021-10,0.28843972
2033394215069562776,2021-10,0.27637562
2033394215069562776,2021-10,0.32471216
2033394215069562776,2021-11,0.27637562
2033394215069562776,2021-11,0.2704968
2033394215069562776,2021-11,0.2704968
2033394215069562776,2021-11,0.27637562
2033394215069562776,2021-11,0.28843972
2083323809219952960,2021-07,0.05233316
2083323809219952960,2021-07,0.62791246
2083323809219952960,2021-07,0.62791246
2083323809219952960,2021-07,0.62791246
2083323809219952960,2021-07,0.3603884
2083323809219952960,2021-07,0.3603884
2083323809219952960,2021-07,0.3603884
2083323809219952960,2021-07,0.3603884
2083323809219952960,2021-07,0.3603884
2083323809219952960,2021-07,0.62791246
2083323809219952960,2021-07,0.62791246
2083323809219952960,2021-07,0.62791246
2083323809219952960,2021-07,0.62791246
2083323809219952960,2021-07,0.3603884
2083323809219952960,2021-07,0.3603884
2083323809219952960,2021-08,0.3603884
2083323809219952960,2021-08,0.62791246
2083323809219952960,2021-08,0.62791246
2083323809219952960,2021-08,0.3603884
2083323809219952960,2021-08,0.3603884
2083323809219952960,2021-08,0.3603884
2083323809219952960,2021-08,0.3603884
2083323809219952960,2021-08,0.3603884
2083323809219952960,2021-08,0.3603884
2083323809219952960,2021-08,0.3535957
2083323809219952960,2021-08,0.3535957
2083323809219952960,2021-09,0.39073253
2083323809219952960,2021-09,0.39073253
2083323809219952960,2021-09,0.39073253
2083323809219952960,2021-09,0.5421872
2083323809219952960,2021-09,0.5421872
2083323809219952960,2021-09,0.5421872
2083323809219952960,2021-09,0.5421872
2083323809219952960,2021-09,0.5421872
2083323809219952960,2021-09,0.5421872
2083323809219952960,2021-09,0.5421872
2083323809219952960,2021-09,0.5421872
2083323809219952960,2021-09,0.5348332
2083323809219952960,2021-09,0.5348332
2083323809219952960,2021-09,0.38371104
2083323809219952960,2021-09,0.39073253
2083323809219952960,2021-09,0.39073253
2083323809219952960,2021-10,0.3603884
2083323809219952960,2021-10,0.62791246
2083323809219952960,2021-10,0.3603884
2083323809219952960,2021-10,0.3603884
2083323809219952960,2021-10,0.62791246
2083323809219952960,2021-10,0.3603884
2083323809219952960,2021-10,0.3603884
2083323809219952960,2021-10,0.3603884
2083323809219952960,2021-10,0.3603884
2083323809219952960,2021-10,0.62791246
2083323809219952960,2021-10,0.3603884
2083323809219952960,2021-10,0.62791246
2083323809219952960,2021-10,0.62791246
2083323809219952960,2021-11,0.3500548
2083323809219952960,2021-11,0.3500548
2083323809219952960,2021-11,0.3500548
2083323809219952960,2021-11,0.3500548
2088532321693492263,2021-07,0.4217496
2088532321693492263,2021-07,0.4122274
2088532321693492263,2021-08,0.40401712
2088532321693492263,2021-08,0.91952753
2088532321693492263,2021-08,0.41116226
2088532321693492263,2021-08,0.42564908
2088532321693492263,2021-09,0.4260515
2088532321693492263,2021-09,0.92469424
2088532321693492263,2021-10,0.41874564
2088532321693492263,2021-11,0.44332823
2092588065958607289,2021-07,0.0696097
2092588065958607289,2021-07,0.30011722
2092588065958607289,2021-07,0.30011722
2092588065958607289,2021-07,0.2939385
2092588065958607289,2021-07,0.5454388
2092588065958607289,2021-07,0.28757623
2092588065958607289,2021-07,0.28757623
2092588065958607289,2021-07,0.24121529
2092588065958607289,2021-07,0.24121529
2092588065958607289,2021-07,0.2356134
2092588065958607289,2021-07,0.2356134
2092588065958607289,2021-08,0.254296
2092588065958607289,2021-08,0.254296
2092588065958607289,2021-08,0.254296
2092588065958607289,2021-08,0.254296
2092588065958607289,2021-08,0.2484898
2092588065958607289,2021-08,0.2484898
2092588065958607289,2021-08,0.24872538
2092588065958607289,2021-08,0.24300493
2092588065958607289,2021-08,0.24872538
2092588065958607289,2021-08,0.2593335
2092588065958607289,2021-08,0.2484898
2092588065958607289,2021-08,0.2484898
2092588065958607289,2021-08,0.8705528
2092588065958607289,2021-08,0.2484898
2092588065958607289,2021-08,0.2484898
2092588065958607289,2021-08,0.2484898
2092588065958607289,2021-09,0.21281183
2092588065958607289,2021-09,0.2180262
2092588065958607289,2021-09,0.2180262
2092588065958607289,2021-09,0.2078966
2092588065958607289,2021-09,0.2078966
2092588065958607289,2021-09,0.2078966
2092588065958607289,2021-09,0.2180262
2092588065958607289,2021-09,0.2180262
2092588065958607289,2021-09,0.21281183
2092588065958607289,2021-10,0.21281183
2092588065958607289,2021-10,0.21281183
2092588065958607289,2021-10,0.2180262
2092588065958607289,2021-10,0.21281183
2092588065958607289,2021-10,0.2180262
2092588065958607289,2021-10,0.21281183
2092588065958607289,2021-10,0.21281183
2092588065958607289,2021-11,0.2430262
2092588065958607289,2021-11,0.2430262
2092588065958607289,2021-11,0.2430262
2092588065958607289,2021-11,0.24325828
2092588065958607289,2021-11,0.2430262
2092588065958607289,2021-11,0.2430262
2092588065958607289,2021-11,0.2430262
2092588065958607289,2021-11,0.2430262
2092588065958607289,2021-11,0.2430262
2092588065958607289,2021-11,0.2430262
2106875407768047316,2021-07,0.048620142
2106875407768047316,2021-07,0.21261685
2106875407768047316,2021-07,0.21261685
2106875407768047316,2021-07,0.21261685
2106875407768047316,2021-07,0.2074605
2106875407768047316,2021-09,0.23392284
2106875407768047316,2021-09,0.23392284
2106875407768047316,2021-10,0.19542515
2106875407768047316,2021-10,0.80991733
2106875407768047316,2021-10,0.19239298
2106875407768047316,2021-11,0.19726804
2106875407768047316,2021-11,0.80991733
2119292203323657032,2021-07,0.035824474
2119292203323657032,2021-07,0.20252928
2119292203323657032,2021-07,0.1736004
2119292203323657032,2021-08,0.1786199
2119292203323657032,2021-09,0.1738137
2119292203323657032,2021-09,0.1736004
2119292203323657032,2021-09,0.17810431
2119292203323657032,2021-09,0.1736004
2119292203323657032,2021-09,0.1736004
2119292203323657032,2021-10,0.18696068
2119292203323657032,2021-10,0.18250412
2119292203323657032,2021-10,0.18696068
2119292203323657032,2021-10,0.19173075
2123312420728961012,2021-09,0.30115902
2123312420728961012,2021-10,0.3273095
2123312420728961012,2021-10,0.3273095
2123312420728961012,2021-10,0.3273095
2123312420728961012,2021-10,0.3273095
2123312420728961012,2021-11,0.3273095
2128970218770090704,2021-07,0.56219167
2128970218770090704,2021-07,0.4842556
2128970218770090704,2021-07,0.47686887
2128970218770090704,2021-07,0.44422674
2128970218770090704,2021-07,0.44422674
2128970218770090704,2021-07,0.44422674
2128970218770090704,2021-08,0.43311706
2128970218770090704,2021-08,0.4325294
2128970218770090704,2021-08,0.43311706
2128970218770090704,2021-08,0.65450937
2128970218770090704,2021-08,0.43311706
2128970218770090704,2021-09,0.44422674
2128970218770090704,2021-09,0.44422674
2128970218770090704,2021-09,0.44422674
2128970218770090704,2021-09,0.43693334
2128970218770090704,2021-09,0.658012
2128970218770090704,2021-09,0.44422674
2128970218770090704,2021-09,0.44422674
2128970218770090704,2021-09,0.44422674
2128970218770090704,2021-09,0.44422674
2128970218770090704,2021-09,0.44422674
2128970218770090704,2021-09,0.44422674
2128970218770090704,2021-10,0.4436358
2128970218770090704,2021-10,0.44422674
2128970218770090704,2021-10,0.44422674
2128970218770090704,2021-10,0.44422674
2128970218770090704,2021-10,0.44422674
2128970218770090704,2021-10,0.44422674
2128970218770090704,2021-10,0.44422674
2128970218770090704,2021-11,0.4548086
2179772649873197365,2021-07,0.66450495
2179772649873197365,2021-07,0.8996832
2179772649873197365,2021-10,0.871851
2191990606593345695,2021-07,0.07895922
2191990606593345695,2021-07,0.5003559
2191990606593345695,2021-07,0.5003559
2191990606593345695,2021-07,0.5003559
2191990606593345695,2021-07,0.5003559
2191990606593345695,2021-08,0.5003559
2191990606593345695,2021-08,0.5003559
2191990606593345695,2021-08,0.5003559
2191990606593345695,2021-08,0.49295834
2191990606593345695,2021-10,0.48904684
2191990606593345695,2021-10,0.48904684
2191990606593345695,2021-10,0.48904684
2191990606593345695,2021-11,0.7413757
2191990606593345695,2021-11,0.7413757
2201150681962815877,2021-07,0.1071418
2201150681962815877,2021-07,0.17713146
2201150681962815877,2021-07,0.18170682
2201150681962815877,2021-08,0.1500508
2201150681962815877,2021-08,0.1500508
2201150681962815877,2021-09,0.17734817
2201150681962815877,2021-09,0.17285937
2201150681962815877,2021-09,0.18170682
2201150681962815877,2021-09,0.17713146
2201150681962815877,2021-10,0.18939976
2201150681962815877,2021-10,0.45315686
2201150681962815877,2021-10,0.1846744
2201150681962815877,2021-11,0.17285937
2201150681962815877,2021-11,0.9089272
2201150681962815877,2021-11,0.17713146
2208316821038817776,2021-08,0.67577916
2208316821038817776,2021-10,0.24328941
2209806355660046187,2021-07,0.12900718
2209806355660046187,2021-07,0.22943847
2209806355660046187,2021-08,0.2732111
2209806355660046187,2021-08,0.21969497
2209806355660046187,2021-10,0.22675551
2209806355660046187,2021-10,0.22675551
2209806355660046187,2021-10,0.2182807
2209806355660046187,2021-11,0.20652051
2214132103234633622,2021-07,0.08291115
2214132103234633622,2021-07,0.45986065
2214132103234633622,2021-07,0.38666296
2214132103234633622,2021-07,0.38666296
2214132103234633622,2021-07,0.38666296
2214132103234633622,2021-07,0.38666296
2214132103234633622,2021-07,0.38666296
2214132103234633622,2021-08,0.38666296
2214132103234633622,2021-08,0.38666296
2214132103234633622,2021-08,0.38666296
2214132103234633622,2021-08,0.38666296
2214132103234633622,2021-08,0.38666296
2214132103234633622,2021-08,0.6654685
2214132103234633622,2021-09,0.37966904
2214132103234633622,2021-09,0.38666296
2214132103234633622,2021-09,0.38666296
2214132103234633622,2021-09,0.38666296
2214132103234633622,2021-09,0.38666296
2214132103234633622,2021-09,0.38666296
2214132103234633622,2021-09,0.38666296
2214132103234633622,2021-09,0.37966904
2214132103234633622,2021-10,0.48432982
2214132103234633622,2021-10,0.48432982
2214132103234633622,2021-10,0.48432982
2214132103234633622,2021-10,0.48432982
2214132103234633622,2021-10,0.48432982
2214132103234633622,2021-10,0.48432982
2214132103234633622,2021-10,0.6342942
2214132103234633622,2021-10,0.48432982
2214132103234633622,2021-10,0.48432982
2214132103234633622,2021-10,0.48432982
2214132103234633622,2021-11,0.48432982
2214132103234633622,2021-11,0.48432982
2214132103234633622,2021-11,0.48432982
2214132103234633622,2021-11,0.48432982
2233850024349336054,2021-09,0.11555435
2233850024349336054,2021-09,0.50080967
2250817603281429928,2021-07,0.036467493
2250817603281429928,2021-08,0.21964426
2250817603281429928,2021-08,0.21964426
2250817603281429928,2021-08,0.21964426
2250817603281429928,2021-08,0.21964426
2250817603281429928,2021-09,0.22490656
2250817603281429928,2021-09,0.22490656
2250817603281429928,2021-10,0.21964426
2250817603281429928,2021-10,0.21964426
2250817603281429928,2021-10,0.21964426
2250817603281429928,2021-10,0.21964426
2250817603281429928,2021-10,0.21964426
2278650548373578523,2021-09,0.37277254
2278650548373578523,2021-09,0.21729861
2278650548373578523,2021-10,0.21261685
2278650548373578523,2021-11,0.2074605
2290083177086946553,2021-07,0.090089746
2290083177086946553,2021-07,0.2887886
2290083177086946553,2021-07,0.2832346
2290083177086946553,2021-08,0.26797488
2290083177086946553,2021-08,0.26844475
2290083177086946553,2021-08,0.26797488
2290083177086946553,2021-08,0.26797488
2290083177086946553,2021-08,0.26844475
2290083177086946553,2021-09,0.33307213
2290083177086946553,2021-09,0.33996063
2290083177086946553,2021-10,0.32419574
2290083177086946553,2021-10,0.32419574
2290083177086946553,2021-10,0.3236715
2290083177086946553,2021-10,0.32419574
2290083177086946553,2021-10,0.32419574
2290083177086946553,2021-11,0.31837866
2290083177086946553,2021-11,0.31837866
2290083177086946553,2021-11,0.31199154
2290083177086946553,2021-11,0.31785938
2302464746243069589,2021-07,0.0640242
2302464746243069589,2021-07,0.8654373
2302464746243069589,2021-07,0.2785769
2302464746243069589,2021-08,0.27637562
2302464746243069589,2021-08,0.2704968
2302464746243069589,2021-08,0.27637562
2302464746243069589,2021-08,0.27637562
2302464746243069589,2021-09,0.2861593
2302464746243069589,2021-09,0.2922422
2302464746243069589,2021-10,0.27637562
2302464746243069589,2021-10,0.27637562
2302464746243069589,2021-10,0.27637562
2302464746243069589,2021-11,0.2824044
2307201111381758912,2021-07,0.10426669
2307201111381758912,2021-08,0.5128733
2307201111381758912,2021-09,0.5241681
2307201111381758912,2021-11,0.48904684
2307201111381758912,2021-11,0.48904684
2308217045093677129,2021-07,0.043435086
2308217045093677129,2021-08,0.3438473
2308217045093677129,2021-09,0.35988072
2308217045093677129,2021-10,0.32226336
2308217045093677129,2021-11,0.32226336
2310272650667756227,2021-08,0.9074951
2310272650667756227,2021-10,0.86654
2322847438374159400,2021-07,0.05144801
2322847438374159400,2021-07,0.25255486
2322847438374159400,2021-08,0.24389873
2322847438374159400,2021-09,0.21886162
2322847438374159400,2021-10,0.22209537
2333404192508932057,2021-07,0.092486635
2333404192508932057,2021-07,0.58687603
2333404192508932057,2021-07,0.4804417
2333404192508932057,2021-07,0.50599694
2333404192508932057,2021-07,0.50599694
2333404192508932057,2021-08,0.45744628
2333404192508932057,2021-08,0.45744628
2333404192508932057,2021-08,0.45744628
2333404192508932057,2021-09,0.44627148
2333404192508932057,2021-09,0.49575886
2333404192508932057,2021-09,0.49575886
2333404192508932057,2021-09,0.49575886
2333404192508932057,2021-09,0.4642916
2333404192508932057,2021-09,0.4716591
2333404192508932057,2021-09,0.4716591
2333404192508932057,2021-09,0.4716591
2333404192508932057,2021-09,0.4716591
2333404192508932057,2021-10,0.49878
2333404192508932057,2021-10,0.49878
2333404192508932057,2021-10,0.71423525
2333404192508932057,2021-10,0.48291525
2333404192508932057,2021-10,0.49138287
2333404192508932057,2021-10,0.45011163
2333404192508932057,2021-10,0.48291525
2333404192508932057,2021-10,0.48291525
2333404192508932057,2021-10,0.92572385
2333404192508932057,2021-10,0.51443267
2333404192508932057,2021-10,0.51443267
2333404192508932057,2021-10,0.51443267
2333404192508932057,2021-11,0.47162834
2335982750277990437,2021-07,0.25576237
2335982750277990437,2021-07,0.23835793
2335982750277990437,2021-07,0.23835793
2335982750277990437,2021-07,0.22523764
2335982750277990437,2021-08,0.2124681
2335982750277990437,2021-08,0.21746174
2335982750277990437,2021-09,0.2802555
2346482557594782345,2021-07,0.16266505
2346482557594782345,2021-07,0.3974526
2346482557594782345,2021-08,0.3895429
2346482557594782345,2021-08,0.3974526
2346482557594782345,2021-09,0.40666077
2346482557594782345,2021-09,0.42110234
2346482557594782345,2021-09,0.41390592
2346482557594782345,2021-09,0.41390592
2346482557594782345,2021-09,0.42110234
2346482557594782345,2021-09,0.42110234
2346482557594782345,2021-09,0.42110234
2346482557594782345,2021-09,0.42110234
2346482557594782345,2021-09,0.42110234
2346482557594782345,2021-09,0.42110234
2346482557594782345,2021-10,0.4072444
2346482557594782345,2021-10,0.4072444
2346482557594782345,2021-10,0.4072444
2346482557594782345,2021-10,0.4072444
2346482557594782345,2021-10,0.4072444
2346482557594782345,2021-10,0.68110996
2346482557594782345,2021-10,0.40012103
2346482557594782345,2021-10,0.4072444
2346482557594782345,2021-10,0.4072444
2346482557594782345,2021-10,0.4072444
2346482557594782345,2021-11,0.3974526
2346482557594782345,2021-11,0.3974526
2346482557594782345,2021-11,0.3974526
2347028805684088098,2021-07,0.02450133
2347028805684088098,2021-07,0.41656154
2347028805684088098,2021-07,0.15727614
2347028805684088098,2021-07,0.15727614
2347028805684088098,2021-08,0.16805704
2347028805684088098,2021-08,0.16805704
2347028805684088098,2021-08,0.17244712
2347028805684088098,2021-08,0.16805704
2347028805684088098,2021-08,0.16805704
2347028805684088098,2021-08,0.16805704
2347028805684088098,2021-08,0.16805704
2347028805684088098,2021-09,0.16143925
2347028805684088098,2021-09,0.15339367
2347028805684088098,2021-09,0.15339367
2347028805684088098,2021-09,0.15727614
2347028805684088098,2021-09,0.15727614
2347028805684088098,2021-09,0.8224424
2347028805684088098,2021-09,0.16143925
2347028805684088098,2021-09,0.15727614
2347028805684088098,2021-09,0.16143925
2347028805684088098,2021-10,0.15727614
2347028805684088098,2021-10,0.15339367
2347028805684088098,2021-10,0.15727614
2347028805684088098,2021-11,0.1385569
2347028805684088098,2021-11,0.14230818
2347028805684088098,2021-11,0.8129592
2347028805684088098,2021-11,0.1385569
2369364892942408355,2021-11,0.04449889
2371917341091102894,2021-07,0.34531444
2371917341091102894,2021-07,0.3245711
2371917341091102894,2021-07,0.3245711
2371917341091102894,2021-07,0.3245711
2371917341091102894,2021-08,0.3245711
2371917341091102894,2021-09,0.68201673
2371917341091102894,2021-09,0.68201673
2371917341091102894,2021-10,0.3245711
2371917341091102894,2021-10,0.3245711
2371917341091102894,2021-10,0.3245711
2377020220794016532,2021-07,0.07374137
2377020220794016532,2021-07,0.2511949
2377020220794016532,2021-07,0.2511949
2377020220794016532,2021-08,0.24090238
2380458252615213706,2021-07,0.07482111
2380458252615213706,2021-07,0.4923289
2380458252615213706,2021-08,0.4849348
2380458252615213706,2021-09,0.60655946
2380458252615213706,2021-09,0.60655946
2380458252615213706,2021-09,0.5994757
2380458252615213706,2021-09,0.60655946
2380458252615213706,2021-10,0.5019042
2380458252615213706,2021-10,0.50938946
2382123267535341265,2021-07,0.15745611
2382123267535341265,2021-07,0.5818525
2382123267535341265,2021-07,0.79119605
2382123267535341265,2021-07,0.5040974
2382123267535341265,2021-07,0.9249714
2382123267535341265,2021-07,0.7580768
2382123267535341265,2021-08,0.41076437
2382123267535341265,2021-08,0.41076437
2382123267535341265,2021-08,0.41076437
2382123267535341265,2021-08,0.41076437
2382123267535341265,2021-08,0.41076437
2382123267535341265,2021-08,0.41076437
2382123267535341265,2021-08,0.41076437
2382123267535341265,2021-09,0.3998894
2382123267535341265,2021-09,0.3998894
2382123267535341265,2021-09,0.3998894
2382123267535341265,2021-10,0.41825202
2382123267535341265,2021-10,0.41825202
2386535178006664233,2021-08,0.85207564
2397171153213063761,2021-07,0.15326725
2397171153213063761,2021-07,0.47240016
2397171153213063761,2021-07,0.46503124
2397171153213063761,2021-07,0.4656268
2397171153213063761,2021-07,0.4656268
2397171153213063761,2021-07,0.4325294
2397171153213063761,2021-07,0.43311706
2397171153213063761,2021-07,0.4325294
2397171153213063761,2021-08,0.49180558
2397171153213063761,2021-08,0.49240392
2397171153213063761,2021-08,0.49180558
2397171153213063761,2021-08,0.49240392
2397171153213063761,2021-08,0.48441193
2397171153213063761,2021-08,0.4990019
2397171153213063761,2021-08,0.49240392
2397171153213063761,2021-08,0.49180558
2397171153213063761,2021-08,0.49180558
2397171153213063761,2021-08,0.49240392
2397171153213063761,2021-08,0.49180558
2397171153213063761,2021-08,0.49240392
2397171153213063761,2021-09,0.4701666
2397171153213063761,2021-09,0.47076297
2397171153213063761,2021-09,0.462802
2397171153213063761,2021-09,0.4701666
2397171153213063761,2021-09,0.91661036
2397171153213063761,2021-09,0.47076297
2397171153213063761,2021-09,0.47076297
2397171153213063761,2021-09,0.47076297
2397171153213063761,2021-09,0.4701666
2397171153213063761,2021-09,0.4701666
2397171153213063761,2021-09,0.4701666
2397171153213063761,2021-09,0.47076297
2397171153213063761,2021-09,0.4701666
2397171153213063761,2021-10,0.45370868
2397171153213063761,2021-10,0.45430207
2397171153213063761,2021-10,0.45370868
2397171153213063761,2021-10,0.45430207
2397171153213063761,2021-10,0.45430207
2397171153213063761,2021-10,0.4469763
2397171153213063761,2021-10,0.4469763
2397171153213063761,2021-10,0.45430207
2397171153213063761,2021-10,0.45370868
2397171153213063761,2021-10,0.45430207
2397171153213063761,2021-10,0.45370868
2397171153213063761,2021-10,0.45370868
2397171153213063761,2021-11,0.4325294
2397171153213063761,2021-11,0.4325294
2397171153213063761,2021-11,0.43311706
2397171153213063761,2021-11,0.43311706
2397171153213063761,2021-11,0.4258663
2397171153213063761,2021-11,0.43311706
2397171153213063761,2021-11,0.43311706
2397171153213063761,2021-11,0.43311706
2397171153213063761,2021-11,0.43311706
2397171153213063761,2021-11,0.43311706
2407532237672094312,2021-07,0.31922895
2407532237672094312,2021-07,0.5344997
2407532237672094312,2021-07,0.4716591
2407532237672094312,2021-08,0.4462409
2407532237672094312,2021-08,0.4462409
2407532237672094312,2021-08,0.9251617
2407532237672094312,2021-08,0.47162834
2407532237672094312,2021-09,0.4716591
2407532237672094312,2021-09,0.4716591
2407532237672094312,2021-09,0.4716591
2407532237672094312,2021-09,0.44627148
2407532237672094312,2021-10,0.47162834
2407532237672094312,2021-10,0.47162834
2407532237672094312,2021-10,0.4462409
2407532237672094312,2021-10,0.9251617
2407532237672094312,2021-10,0.4462409
2407532237672094312,2021-11,0.48291525
2407532237672094312,2021-11,0.48291525
2407532237672094312,2021-11,0.48291525
2407532237672094312,2021-11,0.48291525
2408009918678280470,2021-07,0.20042016
2408009918678280470,2021-07,0.45646188
2408009918678280470,2021-07,0.45646188
2408009918678280470,2021-07,0.44173288
2408009918678280470,2021-07,0.44912994
2408009918678280470,2021-07,0.3859179
2408009918678280470,2021-07,0.3859179
2408009918678280470,2021-07,0.40011966
2408009918678280470,2021-07,0.40011966
2408009918678280470,2021-07,0.40011966
2408009918678280470,2021-07,0.40011966
2408009918678280470,2021-07,0.3859179
2408009918678280470,2021-08,0.40993246
2408009918678280470,2021-08,0.40993246
2408009918678280470,2021-08,0.40993246
2408009918678280470,2021-08,0.40279403
2408009918678280470,2021-08,0.37425593
2408009918678280470,2021-08,0.40993246
2408009918678280470,2021-08,0.3956121
2408009918678280470,2021-08,0.425372
2408009918678280470,2021-08,0.40993246
2408009918678280470,2021-09,0.4543186
2408009918678280470,2021-09,0.74524885
2408009918678280470,2021-09,0.4543186
2408009918678280470,2021-09,0.4543186
2408009918678280470,2021-09,0.4396029
2408009918678280470,2021-09,0.44699278
2408009918678280470,2021-09,0.44699278
2408009918678280470,2021-09,0.44699278
2408009918678280470,2021-09,0.6877552
2408009918678280470,2021-09,0.4543186
2408009918678280470,2021-09,0.4543186
2408009918678280470,2021-09,0.4543186
2408009918678280470,2021-09,0.4543186
2408009918678280470,2021-09,0.4396029
2408009918678280470,2021-09,0.4543186
2408009918678280470,2021-10,0.40011966
2408009918678280470,2021-10,0.40011966
2408009918678280470,2021-10,0.3859179
2408009918678280470,2021-10,0.40011966
2408009918678280470,2021-10,0.40011966
2408009918678280470,2021-10,0.40011966
2408009918678280470,2021-10,0.40011966
2408009918678280470,2021-10,0.40011966
2408009918678280470,2021-10,0.3859179
2408009918678280470,2021-10,0.40011966
2408009918678280470,2021-10,0.40011966
2408009918678280470,2021-10,0.6365954
2408009918678280470,2021-10,0.40011966
2408009918678280470,2021-10,0.40011966
2408009918678280470,2021-11,0.39666402
2408009918678280470,2021-11,0.4109966
2408009918678280470,2021-11,0.4109966
2408009918678280470,2021-11,0.4109966
2408009918678280470,2021-11,0.39666402
2408009918678280470,2021-11,0.4109966
2408009918678280470,2021-11,0.4109966
2423599281313969582,2021-09,0.28955147
2432667449154431819,2021-08,0.8592616
2432667449154431819,2021-09,0.8592616
2432667449154431819,2021-10,0.78011197
2439954154030259398,2021-07,0.078351
2439954154030259398,2021-10,0.22546497
2439954154030259398,2021-10,0.22546497
2439954154030259398,2021-10,0.22027858
2439954154030259398,2021-11,0.24542688
2439954154030259398,2021-11,0.23998801
2444743522510084109,2021-07,0.045761354
2444743522510084109,2021-09,0.3687363
2451708306555441014,2021-07,0.059492365
2451708306555441014,2021-07,0.35049197
2451708306555441014,2021-07,0.35049197
2451708306555441014,2021-07,0.35049197
2451708306555441014,2021-08,0.3354301
2451708306555441014,2021-08,0.3354301
2451708306555441014,2021-08,0.3354301
2451708306555441014,2021-09,0.37943164
2451708306555441014,2021-09,0.3724891
2451708306555441014,2021-09,0.3724891
2451708306555441014,2021-09,0.37943164
2451708306555441014,2021-09,0.37943164
2451708306555441014,2021-09,0.37943164
2451708306555441014,2021-09,0.37943164
2451708306555441014,2021-09,0.37943164
2451708306555441014,2021-10,0.37943164
2451708306555441014,2021-10,0.37943164
2451708306555441014,2021-11,0.32886595
2455576782104041698,2021-07,0.17920241
2455576782104041698,2021-07,0.83158517
2455576782104041698,2021-07,0.34301436
2455576782104041698,2021-07,0.3598334
2455576782104041698,2021-08,0.36049297
2455576782104041698,2021-08,0.36049297
2455576782104041698,2021-08,0.40465584
2455576782104041698,2021-09,0.38071135
2455576782104041698,2021-09,0.37375945
2455576782104041698,2021-10,0.38729417
2455576782104041698,2021-10,0.38729417
2455576782104041698,2021-11,0.8830063
2466177460692220853,2021-07,0.07707888
2466177460692220853,2021-08,0.29615688
2466177460692220853,2021-08,0.28366858
2467590416042313927,2021-07,0.06953698
2467590416042313927,2021-08,0.46214986
2467590416042313927,2021-10,0.4479864
2467590416042313927,2021-10,0.4479864
2467590416042313927,2021-11,0.4555259
2493305884832539159,2021-07,0.54554874
2493305884832539159,2021-07,0.33086646
2493305884832539159,2021-08,0.33033672
2493305884832539159,2021-09,0.33683547
2493305884832539159,2021-09,0.33630094
2493305884832539159,2021-10,0.33037284
2493305884832539159,2021-10,0.33090264
2493688222671282470,2021-07,0.100446165
2493688222671282470,2021-07,0.3820626
2493688222671282470,2021-07,0.39935994
2493688222671282470,2021-07,0.3299105
2493688222671282470,2021-08,0.32343757
2493688222671282470,2021-08,0.3299466
2493688222671282470,2021-08,0.3299466
2493688222671282470,2021-09,0.3299466
2493688222671282470,2021-09,0.3299466
2493688222671282470,2021-09,0.3299466
2493688222671282470,2021-09,0.3077438
2493688222671282470,2021-10,0.3299466
2493688222671282470,2021-11,0.31345594
2493688222671282470,2021-11,0.32930243
2499050168966442376,2021-08,0.48991564
2499050168966442376,2021-08,0.27454135
2499050168966442376,2021-09,0.3629504
2508429106201166689,2021-08,0.046586644
2508429106201166689,2021-08,0.33948395
2508429106201166689,2021-09,0.3245711
2508429106201166689,2021-09,0.3116577
2508429106201166689,2021-09,0.3245711
2508429106201166689,2021-09,0.3116577
2508429106201166689,2021-10,0.3245711
2508429106201166689,2021-10,0.3116577
2508429106201166689,2021-10,0.3245711
2508429106201166689,2021-10,0.3245711
2508429106201166689,2021-11,0.3245711
2508429106201166689,2021-11,0.3245711
2522900990060384939,2021-11,0.45448226
2522900990060384939,2021-11,0.45448226
2522900990060384939,2021-11,0.45448226
2530707686830644666,2021-07,0.06365994
2530707686830644666,2021-07,0.25364977
2530707686830644666,2021-07,0.2081129
2530707686830644666,2021-07,0.21809533
2530707686830644666,2021-07,0.2081129
2530707686830644666,2021-07,0.21809533
2530707686830644666,2021-08,0.2081129
2530707686830644666,2021-08,0.21809533
2530707686830644666,2021-09,0.20314056
2530707686830644666,2021-09,0.20314056
2530707686830644666,2021-09,0.2129486
2530707686830644666,2021-10,0.45256576
2530707686830644666,2021-11,0.22361808
2532435113844289043,2021-07,0.045136742
2532435113844289043,2021-07,0.37374195
2532435113844289043,2021-07,0.37374195
2532435113844289043,2021-07,0.3668419
2532435113844289043,2021-07,0.3668419
2532435113844289043,2021-07,0.3668419
2532435113844289043,2021-07,0.3668419
2532435113844289043,2021-07,0.32002753
2532435113844289043,2021-07,0.32002753
2532435113844289043,2021-07,0.32002753
2532435113844289043,2021-07,0.32002753
2532435113844289043,2021-07,0.32002753
2532435113844289043,2021-07,0.32002753
2532435113844289043,2021-07,0.32002753
2532435113844289043,2021-07,0.32002753
2532435113844289043,2021-07,0.32002753
2532435113844289043,2021-08,0.34829718
2532435113844289043,2021-08,0.34829718
2532435113844289043,2021-08,0.34829718
2532435113844289043,2021-08,0.34829718
2532435113844289043,2021-08,0.34829718
2532435113844289043,2021-08,0.34829718
2532435113844289043,2021-08,0.34829718
2532435113844289043,2021-08,0.34829718
2532435113844289043,2021-08,0.34829718
2532435113844289043,2021-08,0.34829718
2532435113844289043,2021-08,0.34829718
2532435113844289043,2021-09,0.3357902
2532435113844289043,2021-09,0.3357902
2532435113844289043,2021-09,0.3357902
2532435113844289043,2021-09,0.3357902
2532435113844289043,2021-09,0.3357902
2532435113844289043,2021-09,0.3357902
2532435113844289043,2021-09,0.3292225
2532435113844289043,2021-09,0.3292225
2532435113844289043,2021-09,0.3292225
2532435113844289043,2021-09,0.6264884
2532435113844289043,2021-09,0.3357902
2532435113844289043,2021-09,0.3357902
2532435113844289043,2021-09,0.3357902
2532435113844289043,2021-09,0.3357902
2532435113844289043,2021-09,0.3357902
2532435113844289043,2021-09,0.3357902
2532435113844289043,2021-09,0.3357902
2532435113844289043,2021-09,0.3357902
2532435113844289043,2021-09,0.3357902
2532435113844289043,2021-09,0.3357902
2532435113844289043,2021-10,0.3357902
2532435113844289043,2021-10,0.3357902
2532435113844289043,2021-10,0.3357902
2532435113844289043,2021-10,0.3292225
2532435113844289043,2021-10,0.3292225
2532435113844289043,2021-10,0.3357902
2532435113844289043,2021-10,0.3357902
2532435113844289043,2021-10,0.3357902
2532435113844289043,2021-10,0.3357902
2532435113844289043,2021-10,0.3357902
2532435113844289043,2021-11,0.3357902
2532435113844289043,2021-11,0.3292225
2532435113844289043,2021-11,0.33632433
2535803443850893368,2021-07,0.580284
2535803443850893368,2021-07,0.38308463
2535803443850893368,2021-08,0.38308463
2535803443850893368,2021-08,0.38308463
2535803443850893368,2021-09,0.90902954
2535803443850893368,2021-10,0.38308463
2535803443850893368,2021-10,0.37611574
2535803443850893368,2021-10,0.38308463
2535803443850893368,2021-10,0.38308463
2535803443850893368,2021-11,0.38676086
2549266739079962864,2021-09,0.9663562
2550506309527280168,2021-10,0.32147995
2550506309527280168,2021-10,0.36128125
2550506309527280168,2021-10,0.5946645
2554972344348383830,2021-07,0.07659282
2554972344348383830,2021-07,0.4471873
2554972344348383830,2021-07,0.4295463
2554972344348383830,2021-10,0.4357934
2554972344348383830,2021-11,0.41584787
2554972344348383830,2021-11,0.40925646
2573553293518763494,2021-08,0.06535558
2573553293518763494,2021-08,0.3156683
2573553293518763494,2021-09,0.2973864
2573553293518763494,2021-09,0.2973864
2573553293518763494,2021-09,0.2973864
2573553293518763494,2021-09,0.2973864
2573553293518763494,2021-09,0.5310152
2573553293518763494,2021-09,0.2912405
2573553293518763494,2021-09,0.2912405
2573553293518763494,2021-09,0.2912405
2573553293518763494,2021-09,0.2973864
2573553293518763494,2021-10,0.2912405
2573553293518763494,2021-10,0.2973864
2573553293518763494,2021-10,0.2973864
2573553293518763494,2021-11,0.2973864
2573553293518763494,2021-11,0.2973864
2573553293518763494,2021-11,0.2973864
2573553293518763494,2021-11,0.2973864
2598475569074240783,2021-07,0.18029495
2598475569074240783,2021-08,0.42384574
2598475569074240783,2021-10,0.40925646
2598475569074240783,2021-10,0.41642952
2598475569074240783,2021-10,0.41642952
2598475569074240783,2021-11,0.40550777
2598475569074240783,2021-11,0.40550777
2619109825960703851,2021-08,0.12009043
2619109825960703851,2021-08,0.20314056
2619109825960703851,2021-08,0.20314056
2619109825960703851,2021-09,0.20995311
2619109825960703851,2021-09,0.21490376
2619109825960703851,2021-09,0.21490376
2619109825960703851,2021-09,0.21490376
2619109825960703851,2021-10,0.20314056
2619109825960703851,2021-10,0.20314056
2619109825960703851,2021-10,0.20314056
2619109825960703851,2021-11,0.20314056
2619109825960703851,2021-11,0.19839242
2619109825960703851,2021-11,0.19839242
2619109825960703851,2021-11,0.20314056
2634859679238614382,2021-07,0.09703479
2634859679238614382,2021-07,0.32593837
2634859679238614382,2021-07,0.31947067
2634859679238614382,2021-07,0.31947067
2634859679238614382,2021-07,0.31947067
2634859679238614382,2021-07,0.2690825
2634859679238614382,2021-07,0.2690825
2634859679238614382,2021-07,0.2690825
2634859679238614382,2021-07,0.2690825
2634859679238614382,2021-08,0.5243976
2634859679238614382,2021-08,0.2690825
2634859679238614382,2021-08,0.2690825
2634859679238614382,2021-08,0.26330233
2634859679238614382,2021-08,0.79439217
2634859679238614382,2021-08,0.2690825
2634859679238614382,2021-09,0.2690825
2634859679238614382,2021-09,0.2690825
2634859679238614382,2021-09,0.2690825
2634859679238614382,2021-09,0.26330233
2634859679238614382,2021-09,0.26330233
2634859679238614382,2021-09,0.2690825
2634859679238614382,2021-09,0.2690825
2634859679238614382,2021-09,0.2690825
2634859679238614382,2021-09,0.2690825
2634859679238614382,2021-09,0.2690825
2634859679238614382,2021-10,0.2690825
2634859679238614382,2021-10,0.5243976
2634859679238614382,2021-10,0.2690825
2634859679238614382,2021-10,0.5243976
2634859679238614382,2021-10,0.2690825
2634859679238614382,2021-10,0.2690825
2634859679238614382,2021-11,0.5243976
2634859679238614382,2021-11,0.5243976
2634859679238614382,2021-11,0.2690825
2634859679238614382,2021-11,0.5243976
2634859679238614382,2021-11,0.2690825
2645324649046215594,2021-07,0.20058846
2645324649046215594,2021-07,0.47516367
2645324649046215594,2021-07,0.40134004
2645324649046215594,2021-07,0.40134004
2645324649046215594,2021-07,0.40134004
2645324649046215594,2021-07,0.6507531
2645324649046215594,2021-07,0.40134004
2645324649046215594,2021-08,0.4122274
2645324649046215594,2021-08,0.4122274
2645324649046215594,2021-08,0.4122274
2645324649046215594,2021-08,0.4122274
2645324649046215594,2021-08,0.4122274
2645324649046215594,2021-08,0.4122274
2645324649046215594,2021-09,0.40134004
2645324649046215594,2021-09,0.39425126
2645324649046215594,2021-09,0.40134004
2645324649046215594,2021-09,0.40134004
2645324649046215594,2021-10,0.40134004
2645324649046215594,2021-10,0.40134004
2645324649046215594,2021-10,0.40134004
2645324649046215594,2021-10,0.40134004
2645324649046215594,2021-10,0.40134004
2645324649046215594,2021-11,0.4122274
2645324649046215594,2021-11,0.4122274
2645324649046215594,2021-11,0.40507644
2645324649046215594,2021-11,0.4122274
2645324649046215594,2021-11,0.4122274
2658946240987854807,2021-07,0.08572605
2658946240987854807,2021-07,0.48365772
2658946240987854807,2021-07,0.47627178
2658946240987854807,2021-07,0.4436358
2658946240987854807,2021-07,0.4436358
2658946240987854807,2021-07,0.4436358
2658946240987854807,2021-07,0.4436358
2658946240987854807,2021-08,0.4325294
2658946240987854807,2021-08,0.4325294
2658946240987854807,2021-08,0.4325294
2658946240987854807,2021-09,0.520121
2658946240987854807,2021-09,0.512731
2658946240987854807,2021-09,0.520121
2658946240987854807,2021-10,0.4436358
2658946240987854807,2021-10,0.91134894
2658946240987854807,2021-11,0.4325294
2658946240987854807,2021-11,0.65450937
2658946240987854807,2021-11,0.4325294
2658946240987854807,2021-11,0.4325294
2658946240987854807,2021-11,0.4325294
2658946240987854807,2021-11,0.4325294
2673576168790933175,2021-08,0.08808054
2677901391425651891,2021-07,0.042968825
2677901391425651891,2021-10,0.22361808
2677901391425651891,2021-10,0.22361808
2677901391425651891,2021-11,0.20314056
2678966409665050034,2021-07,0.083944514
2678966409665050034,2021-07,0.42497694
2678966409665050034,2021-07,0.34959358
2678966409665050034,2021-07,0.34959358
2678966409665050034,2021-08,0.2781305
2678966409665050034,2021-09,0.2781305
2678966409665050034,2021-09,0.27222836
2678966409665050034,2021-09,0.27222836
2678966409665050034,2021-09,0.2781305
2678966409665050034,2021-09,0.2781305
2678966409665050034,2021-10,0.3295844
2678966409665050034,2021-10,0.85695666
2678966409665050034,2021-10,0.3295844
2678966409665050034,2021-10,0.8888931
2678966409665050034,2021-11,0.2786114
2678966409665050034,2021-11,0.2786114
2678966409665050034,2021-11,0.2786114
2687720147676132707,2021-08,0.14656839
2687720147676132707,2021-08,0.4794461
2687720147676132707,2021-08,0.48623756
2687720147676132707,2021-08,0.48683557
2687720147676132707,2021-09,0.51356506
2687720147676132707,2021-09,0.51356506
2687720147676132707,2021-10,0.4794461
2687720147676132707,2021-10,0.48683557
2687720147676132707,2021-11,0.48683557
2687720147676132707,2021-11,0.48623756
2687720147676132707,2021-11,0.48683557
2694466161223698243,2021-07,0.9466616
2694466161223698243,2021-07,0.7820822
2694466161223698243,2021-07,0.8359292
2726314736140152277,2021-07,0.9676311
2726314736140152277,2021-07,0.8642205
2726314736140152277,2021-10,0.82478064
2726314736140152277,2021-10,0.82478064
2735662700719640627,2021-07,0.3206373
2735662700719640627,2021-07,0.21763839
2735662700719640627,2021-08,0.2100537
2735662700719640627,2021-09,0.3148257
2735662700719640627,2021-10,0.2100537
2735662700719640627,2021-11,0.2100537
2735662700719640627,2021-11,0.20518558
2759416556905651870,2021-10,0.7688746
2759416556905651870,2021-10,0.7740914
2759416556905651870,2021-11,0.7881098
2762573180349093009,2021-09,0.20450355
2763141362035716801,2021-07,0.09997989
2763141362035716801,2021-07,0.21222436
2763141362035716801,2021-07,0.18874186
2763141362035716801,2021-08,0.19988042
2763141362035716801,2021-09,0.18320587
2763141362035716801,2021-09,0.17881913
2763141362035716801,2021-09,0.19900663
2763141362035716801,2021-09,0.19900663
2763141362035716801,2021-10,0.18874186
2763141362035716801,2021-10,0.18874186
2763141362035716801,2021-10,0.18874186
2763141362035716801,2021-11,0.18937837
2768068015169423097,2021-07,0.14782542
2768068015169423097,2021-07,0.31345594
2768068015169423097,2021-08,0.30770898
2768068015169423097,2021-08,0.30770898
2768068015169423097,2021-08,0.30770898
2768068015169423097,2021-10,0.30770898
2768068015169423097,2021-10,0.30770898
2768068015169423097,2021-10,0.30770898
2771214050521171719,2021-07,0.0525449
2771214050521171719,2021-07,0.22399198
2771214050521171719,2021-07,0.22399198
2771214050521171719,2021-07,0.22399198
2771214050521171719,2021-07,0.22399198
2771214050521171719,2021-07,0.22399198
2771214050521171719,2021-07,0.22399198
2771214050521171719,2021-08,0.22187321
2771214050521171719,2021-08,0.21680635
2771214050521171719,2021-08,0.22187321
2771214050521171719,2021-08,0.22187321
2771214050521171719,2021-09,0.22399198
2771214050521171719,2021-09,0.22399198
2771214050521171719,2021-09,0.22399198
2771214050521171719,2021-09,0.91436625
2771214050521171719,2021-09,0.91436625
2771214050521171719,2021-10,0.22399198
2771214050521171719,2021-10,0.22399198
2771214050521171719,2021-11,0.22399198
2771214050521171719,2021-11,0.22399198
2771214050521171719,2021-11,0.21889034
2771214050521171719,2021-11,0.22399198
2771214050521171719,2021-11,0.4940483
2772135008486239291,2021-07,0.073428884
2772135008486239291,2021-07,0.30404413
2772135008486239291,2021-08,0.89818543
2772135008486239291,2021-09,0.8655843
2772135008486239291,2021-09,0.31988272
2772135008486239291,2021-10,0.29781896
2772135008486239291,2021-10,0.30404413
2772135008486239291,2021-10,0.30404413
2772135008486239291,2021-10,0.30404413
2772135008486239291,2021-10,0.30404413
2773493808492482979,2021-08,0.027611593
2773493808492482979,2021-08,0.19311488
2773493808492482979,2021-09,0.16137573
2773493808492482979,2021-09,0.16137573
2773493808492482979,2021-10,0.15721394
2773493808492482979,2021-10,0.15721394
2778852475840838977,2021-07,0.30157718
2778852475840838977,2021-08,0.31837
2778852475840838977,2021-08,0.31837
2780030912070252968,2021-08,0.7547449
2780030912070252968,2021-08,0.67106193
2780030912070252968,2021-09,0.36881906
2780030912070252968,2021-10,0.36881906
2780030912070252968,2021-10,0.36881906
2780030912070252968,2021-11,0.36881906
2785178201607654410,2021-08,0.30413625
2785178201607654410,2021-10,0.19814007
2805743565496207618,2021-08,0.14837824
2805743565496207618,2021-09,0.65200126
2805743565496207618,2021-09,0.41825202
2805743565496207618,2021-10,0.4347761
2808145376905474927,2021-07,0.6832145
2808145376905474927,2021-07,0.3318317
2808145376905474927,2021-07,0.3318317
2808145376905474927,2021-07,0.91893333
2808145376905474927,2021-07,0.3318317
2808145376905474927,2021-08,0.36743614
2808145376905474927,2021-08,0.325117
2808145376905474927,2021-08,0.325117
2808145376905474927,2021-09,0.3152962
2808145376905474927,2021-09,0.3152962
2808145376905474927,2021-09,0.3152962
2808145376905474927,2021-09,0.3152962
2808145376905474927,2021-10,0.3152962
2808145376905474927,2021-10,0.3089429
2808145376905474927,2021-10,0.3152962
2808145376905474927,2021-11,0.3152962
2808145376905474927,2021-11,0.3089429
2814790209436551216,2021-07,0.17276216
2814790209436551216,2021-08,0.44092467
2814790209436551216,2021-08,0.4662643
2814790209436551216,2021-09,0.41551045
2814790209436551216,2021-09,0.43326032
2814790209436551216,2021-09,0.41551045
2814790209436551216,2021-09,0.4405404
2814790209436551216,2021-10,0.4135612
2819054834565698513,2021-07,0.4464591
2819054834565698513,2021-07,0.65057564
2819054834565698513,2021-07,0.47894153
2819054834565698513,2021-07,0.47894153
2819054834565698513,2021-08,0.6624973
2819054834565698513,2021-08,0.6624973
2819054834565698513,2021-08,0.67442364
2819054834565698513,2021-09,0.6627088
2819054834565698513,2021-09,0.6560627
2819054834565698513,2021-09,0.49238425
2819054834565698513,2021-09,0.49238425
2819054834565698513,2021-10,0.66321087
2819054834565698513,2021-10,0.66321087
2819054834565698513,2021-10,0.49294588
2819054834565698513,2021-10,0.66321087
2819054834565698513,2021-11,0.65656954
2819054834565698513,2021-11,0.49294588
2819054834565698513,2021-11,0.66321087
2870813069335519467,2021-08,0.1121429
2870813069335519467,2021-08,0.4846141
2870813069335519467,2021-09,0.4920079
2870813069335519467,2021-09,0.4920079
2870813069335519467,2021-10,0.46074164
2900002014851776114,2021-07,0.97716105
2900002014851776114,2021-07,0.7007806
2900002014851776114,2021-09,0.72339123
2900002014851776114,2021-09,0.49247828
2900002014851776114,2021-10,0.45320693
2900002014851776114,2021-10,0.45320693
2900002014851776114,2021-10,0.6590242
2900002014851776114,2021-11,0.47414118
2900002014851776114,2021-11,0.5168053
2903869860445366876,2021-07,0.14485441
2903869860445366876,2021-08,0.3517475
2903869860445366876,2021-08,0.3517475
2903869860445366876,2021-08,0.3517475
2903869860445366876,2021-08,0.35886618
2903869860445366876,2021-08,0.3517475
2903869860445366876,2021-08,0.3517475
2903869860445366876,2021-08,0.3517475
2903869860445366876,2021-09,0.2981711
2903869860445366876,2021-09,0.2981711
2903869860445366876,2021-10,0.34022808
2903869860445366876,2021-10,0.34022808
2903869860445366876,2021-10,0.34022808
2903869860445366876,2021-11,0.34022808
2903869860445366876,2021-11,0.34022808
2929243640075785940,2021-07,0.072245926
2929243640075785940,2021-07,0.30129933
2929243640075785940,2021-07,0.30129933
2929243640075785940,2021-07,0.30129933
2929243640075785940,2021-07,0.30129933
2929243640075785940,2021-07,0.2696547
2929243640075785940,2021-07,0.2696547
2929243640075785940,2021-07,0.2696547
2929243640075785940,2021-07,0.2696547
2929243640075785940,2021-08,0.2696547
2929243640075785940,2021-08,0.2696547
2929243640075785940,2021-08,0.2696547
2929243640075785940,2021-09,0.2696547
2929243640075785940,2021-09,0.2696547
2929243640075785940,2021-09,0.27581888
2929243640075785940,2021-09,0.2696547
2929243640075785940,2021-09,0.2696547
2929243640075785940,2021-10,0.2638667
2929243640075785940,2021-10,0.2696547
2929243640075785940,2021-10,0.2696547
2929243640075785940,2021-10,0.2696547
2929243640075785940,2021-10,0.2696547
2929243640075785940,2021-10,0.2696547
2929243640075785940,2021-11,0.2838973
2929243640075785940,2021-11,0.2838973
2943087245123311166,2021-07,0.1173208
2943087245123311166,2021-07,0.25296083
2943087245123311166,2021-07,0.24717502
2943087245123311166,2021-07,0.2180262
2943087245123311166,2021-07,0.85040575
2943087245123311166,2021-07,0.2180262
2943087245123311166,2021-08,0.18529345
2943087245123311166,2021-08,0.21281183
2943087245123311166,2021-08,0.2180262
2943087245123311166,2021-08,0.2180262
2943087245123311166,2021-08,0.2180262
2943087245123311166,2021-09,0.24121529
2943087245123311166,2021-09,0.24121529
2943087245123311166,2021-09,0.24121529
2943087245123311166,2021-09,0.24121529
2943087245123311166,2021-09,0.24121529
2943087245123311166,2021-10,0.21281183
2943087245123311166,2021-10,0.2180262
2943087245123311166,2021-11,0.46207574
2943087245123311166,2021-11,0.2180262
2943087245123311166,2021-11,0.2180262
2943087245123311166,2021-11,0.21302316
2951563549197799278,2021-07,0.09933583
2951563549197799278,2021-07,0.236996
2951563549197799278,2021-07,0.20314056
2951563549197799278,2021-07,0.4434433
2951563549197799278,2021-07,0.20314056
2951563549197799278,2021-07,0.20314056
2951563549197799278,2021-08,0.8255415
2951563549197799278,2021-08,0.20314056
2951563549197799278,2021-09,0.2081129
2951563549197799278,2021-09,0.2081129
2951563549197799278,2021-10,0.21662784
2951563549197799278,2021-10,0.21662784
2951563549197799278,2021-10,0.21164818
2951563549197799278,2021-10,0.21662784
2951563549197799278,2021-11,0.19839242
2951563549197799278,2021-11,0.20314056
2973474340148068982,2021-10,0.9175074
2983174282784691273,2021-07,0.09804293
2983174282784691273,2021-07,0.9196175
2983174282784691273,2021-07,0.4701666
2983174282784691273,2021-07,0.4701666
2983174282784691273,2021-08,0.4325294
2983174282784691273,2021-08,0.4325294
2983174282784691273,2021-08,0.4325294
2983174282784691273,2021-08,0.4325294
2983174282784691273,2021-08,0.4325294
2983174282784691273,2021-08,0.43311706
2983174282784691273,2021-09,0.4436358
2983174282784691273,2021-09,0.44422674
2983174282784691273,2021-09,0.4363445
2983174282784691273,2021-09,0.4436358
2983174282784691273,2021-09,0.4436358
2983174282784691273,2021-10,0.4325294
2983174282784691273,2021-10,0.43311706
2983174282784691273,2021-10,0.43311706
2983174282784691273,2021-10,0.4325294
2983174282784691273,2021-10,0.4325294
2983174282784691273,2021-10,0.43311706
2983174282784691273,2021-10,0.4258663
2983174282784691273,2021-10,0.4258663
2983174282784691273,2021-10,0.4325294
2983174282784691273,2021-10,0.4325294
2983174282784691273,2021-10,0.4325294
2983174282784691273,2021-10,0.4325294
2983174282784691273,2021-11,0.90763533
2988042199057874759,2021-07,0.08347541
2988042199057874759,2021-07,0.37127757
2988042199057874759,2021-07,0.35748944
2988042199057874759,2021-07,0.35748944
2988042199057874759,2021-07,0.37127757
2988042199057874759,2021-08,0.35748944
2988042199057874759,2021-08,0.37127757
2988042199057874759,2021-08,0.92763686
2988042199057874759,2021-09,0.37127757
2988042199057874759,2021-09,0.37127757
2988042199057874759,2021-09,0.37127757
2988042199057874759,2021-10,0.36439657
2988042199057874759,2021-10,0.35748944
2988042199057874759,2021-11,0.38718092
2988042199057874759,2021-11,0.38718092
2988042199057874759,2021-11,0.38718092
3022528659032597047,2021-07,0.08865518
3022528659032597047,2021-07,0.18104006
3022528659032597047,2021-07,0.18104006
3022528659032597047,2021-07,0.18104006
3022528659032597047,2021-08,0.23429029
3022528659032597047,2021-08,0.23964071
3022528659032597047,2021-08,0.898505
3022528659032597047,2021-09,0.17669395
3022528659032597047,2021-09,0.18104006
3022528659032597047,2021-09,0.18104006
3022528659032597047,2021-10,0.18104006
3022528659032597047,2021-10,0.18104006
3022528659032597047,2021-10,0.17669395
3022528659032597047,2021-10,0.18104006
3022528659032597047,2021-10,0.89604485
3022528659032597047,2021-10,0.18104006
3022528659032597047,2021-11,0.18104006
3022528659032597047,2021-11,0.17669395
3025708129948185495,2021-07,0.043554112
3025708129948185495,2021-09,0.18366835
3025708129948185495,2021-10,0.19571228
3025708129948185495,2021-11,0.18868849
3025708129948185495,2021-11,0.18868849
3027683745465216663,2021-07,0.04955142
3027683745465216663,2021-07,0.20314056
3027683745465216663,2021-07,0.8307908
3027683745465216663,2021-08,0.22361808
3027683745465216663,2021-10,0.21662784
3027683745465216663,2021-10,0.21662784
3027683745465216663,2021-11,0.2081129
3027683745465216663,2021-11,0.21809533
3036967290595689189,2021-07,0.06587144
3036967290595689189,2021-08,0.25534555
3036967290595689189,2021-08,0.25534555
3036967290595689189,2021-08,0.25534555
3036967290595689189,2021-09,0.24975967
3036967290595689189,2021-09,0.25534555
3036967290595689189,2021-10,0.25534555
3036967290595689189,2021-10,0.25534555
3036967290595689189,2021-11,0.25534555
3045840317107313913,2021-07,0.053988583
3045840317107313913,2021-08,0.2081129
3045840317107313913,2021-08,0.2081129
3045840317107313913,2021-08,0.2081129
3045840317107313913,2021-09,0.21662784
3045840317107313913,2021-09,0.21164818
3045840317107313913,2021-09,0.8419216
3045840317107313913,2021-09,0.21662784
3045840317107313913,2021-10,0.24315703
3045840317107313913,2021-10,0.23236838
3045840317107313913,2021-10,0.23236838
3045840317107313913,2021-10,0.2271318
3045840317107313913,2021-10,0.24315703
3045840317107313913,2021-10,0.23236838
3045840317107313913,2021-10,0.23236838
3045840317107313913,2021-11,0.21662784
3045840317107313913,2021-11,0.21662784
3045840317107313913,2021-11,0.21662784
3045840317107313913,2021-11,0.21662784
3093415403379897112,2021-07,0.05541867
3093415403379897112,2021-07,0.39089853
3093415403379897112,2021-08,0.4154998
3093415403379897112,2021-08,0.39089853
3093415403379897112,2021-08,0.4154998
3093415403379897112,2021-09,0.40169266
3093415403379897112,2021-09,0.40169266
3093415403379897112,2021-09,0.42649758
3093415403379897112,2021-10,0.40173194
3093415403379897112,2021-10,0.40173194
3093415403379897112,2021-10,0.40173194
3093415403379897112,2021-10,0.40173194
3093415403379897112,2021-11,0.3857372
3093415403379897112,2021-11,0.3857372
3095408468798675621,2021-07,0.02773985
3095408468798675621,2021-07,0.20534247
3095408468798675621,2021-07,0.47215414
3095408468798675621,2021-08,0.21194007
3095408468798675621,2021-08,0.21194007
3095408468798675621,2021-09,0.19260553
3095408468798675621,2021-09,0.19283672
3095408468798675621,2021-09,0.19260553
3095408468798675621,2021-09,0.19260553
3095408468798675621,2021-09,0.19260553
3095408468798675621,2021-09,0.19260553
3095408468798675621,2021-10,0.16287953
3095408468798675621,2021-10,0.16716154
3095408468798675621,2021-11,0.19553958
3095408468798675621,2021-11,0.19069709
3095408468798675621,2021-11,0.18617184
3095686599956852697,2021-07,0.09414793
3095686599956852697,2021-07,0.37314567
3095686599956852697,2021-07,0.36649507
3095686599956852697,2021-07,0.36649507
3095686599956852697,2021-07,0.36649507
3095686599956852697,2021-07,0.36649507
3095686599956852697,2021-08,0.36649507
3095686599956852697,2021-08,0.35965198
3095686599956852697,2021-08,0.36649507
3095686599956852697,2021-08,0.36649507
3095686599956852697,2021-08,0.36649507
3095686599956852697,2021-09,0.3593616
3095686599956852697,2021-09,0.36649507
3095686599956852697,2021-09,0.36649507
3095686599956852697,2021-09,0.3593616
3095686599956852697,2021-09,0.6131262
3095686599956852697,2021-09,0.36649507
3095686599956852697,2021-10,0.36649507
3095686599956852697,2021-10,0.36649507
3095686599956852697,2021-10,0.36649507
3095686599956852697,2021-10,0.36649507
3095686599956852697,2021-10,0.36649507
3095686599956852697,2021-11,0.35968965
3095686599956852697,2021-11,0.366533
3095686599956852697,2021-11,0.366533
3109771318936962520,2021-11,0.119821645
3118152790263512426,2021-07,0.08535677
3118152790263512426,2021-07,0.34879246
3118152790263512426,2021-07,0.28966314
3118152790263512426,2021-07,0.28966314
3118152790263512426,2021-07,0.28966314
3118152790263512426,2021-07,0.28966314
3118152790263512426,2021-08,0.28969675
3118152790263512426,2021-08,0.26911464
3118152790263512426,2021-08,0.28969675
3118152790263512426,2021-08,0.28969675
3118152790263512426,2021-08,0.26911464
3118152790263512426,2021-08,0.26911464
3118152790263512426,2021-09,0.2690825
3118152790263512426,2021-09,0.2836124
3118152790263512426,2021-09,0.2690825
3118152790263512426,2021-09,0.2690825
3118152790263512426,2021-10,0.26330233
3118152790263512426,2021-10,0.2690825
3118152790263512426,2021-10,0.28966314
3118152790263512426,2021-10,0.28966314
3118152790263512426,2021-10,0.2690825
3118152790263512426,2021-11,0.2888861
3118152790263512426,2021-11,0.3042803
3118152790263512426,2021-11,0.3042803
3118152790263512426,2021-11,0.2888861
3118152790263512426,2021-11,0.2888861
3118683330911759410,2021-07,0.6004539
3118683330911759410,2021-07,0.26149982
3118683330911759410,2021-08,0.27957827
3118683330911759410,2021-09,0.27365705
3118683330911759410,2021-10,0.20518558
3118683330911759410,2021-10,0.2100537
3136129226228632675,2021-10,0.3968264
3137879241768961145,2021-07,0.047170267
3137879241768961145,2021-07,0.31435326
3137879241768961145,2021-07,0.3076938
3137879241768961145,2021-07,0.31435326
3137879241768961145,2021-07,0.31435326
3137879241768961145,2021-08,0.31738758
3137879241768961145,2021-08,0.3241586
3137879241768961145,2021-08,0.3241586
3137879241768961145,2021-09,0.326275
3137879241768961145,2021-09,0.326275
3137879241768961145,2021-09,0.3331431
3137879241768961145,2021-09,0.326275
3137879241768961145,2021-10,0.33502665
3137879241768961145,2021-10,0.34198546
3137879241768961145,2021-10,0.34198546
3137879241768961145,2021-10,0.34198546
3137879241768961145,2021-11,0.31435326
3137879241768961145,2021-11,0.3076938
3137879241768961145,2021-11,0.31435326
3140918607946425426,2021-07,0.043559767
3140918607946425426,2021-07,0.20801695
3140918607946425426,2021-07,0.21799605
3140918607946425426,2021-08,0.21299352
3140918607946425426,2021-08,0.20801695
3140918607946425426,2021-08,0.20801695
3140918607946425426,2021-08,0.21799605
3140918607946425426,2021-08,0.21799605
3140918607946425426,2021-08,0.21799605
3140918607946425426,2021-09,0.20318389
3140918607946425426,2021-09,0.21799605
3140918607946425426,2021-09,0.21799605
3140918607946425426,2021-09,0.21799605
3140918607946425426,2021-09,0.21799605
3140918607946425426,2021-09,0.20801695
3148228961195376491,2021-08,0.06441607
3156580765759568020,2021-10,0.65243655
3156580765759568020,2021-10,0.65243655
3156580765759568020,2021-11,0.65243655
3156580765759568020,2021-11,0.65243655
3156852928909455203,2021-07,0.30103827
3156852928909455203,2021-07,0.5571095
3156852928909455203,2021-07,0.5244815
3156852928909455203,2021-07,0.5244815
3156852928909455203,2021-08,0.47610962
3156852928909455203,2021-08,0.47610962
3156852928909455203,2021-08,0.5228562
3156852928909455203,2021-08,0.47610962
3156852928909455203,2021-08,0.47610962
3156852928909455203,2021-09,0.46873432
3156852928909455203,2021-09,0.47610962
3156852928909455203,2021-10,0.49615818
3156852928909455203,2021-10,0.76427084
3156852928909455203,2021-10,0.49615818
3156852928909455203,2021-10,0.49615818
3156852928909455203,2021-10,0.49615818
3156852928909455203,2021-11,0.47610962
3156852928909455203,2021-11,0.47610962
3156852928909455203,2021-11,0.47610962
3161361581909316305,2021-07,0.11998725
3161361581909316305,2021-07,0.3593616
3161361581909316305,2021-08,0.36649507
3161361581909316305,2021-10,0.3593616
3161361581909316305,2021-10,0.92619437
3161361581909316305,2021-10,0.36649507
3161361581909316305,2021-11,0.35965198
3183208564139585182,2021-07,0.954103
3183208564139585182,2021-09,0.9503002
3183208564139585182,2021-11,0.95568204
3192341047315717823,2021-07,0.42535853
3192341047315717823,2021-07,0.24820767
3192341047315717823,2021-08,0.2398843
3192341047315717823,2021-08,0.2398843
3192341047315717823,2021-08,0.2398843
3192341047315717823,2021-09,0.2958998
3192341047315717823,2021-11,0.24820767
3192341047315717823,2021-11,0.24820767
3195023578711095555,2021-10,0.37325236
3204108603682323936,2021-07,0.038064886
3204108603682323936,2021-07,0.25521612
3204108603682323936,2021-07,0.25521612
3204108603682323936,2021-07,0.22280721
3204108603682323936,2021-07,0.22239298
3204108603682323936,2021-08,0.22280721
3204108603682323936,2021-08,0.22280721
3204108603682323936,2021-08,0.217725
3204108603682323936,2021-08,0.22280721
3204108603682323936,2021-09,0.22280721
3204108603682323936,2021-09,0.22280721
3204108603682323936,2021-10,0.21341223
3204108603682323936,2021-10,0.21341223
3204108603682323936,2021-10,0.21341223
3204108603682323936,2021-10,0.21341223
3204108603682323936,2021-10,0.20827879
3204108603682323936,2021-11,0.21341223
3204108603682323936,2021-11,0.21341223
3218226066162129945,2021-07,0.66387945
3218226066162129945,2021-07,0.47717702
3218226066162129945,2021-08,0.4695882
3218226066162129945,2021-08,0.4695882
3218226066162129945,2021-08,0.46222475
3218226066162129945,2021-08,0.46222475
3218226066162129945,2021-08,0.4695882
3218226066162129945,2021-08,0.36218846
3218226066162129945,2021-08,0.866008
3218226066162129945,2021-09,0.86940473
3218226066162129945,2021-09,0.88270754
3218226066162129945,2021-10,0.36218846
3218226066162129945,2021-10,0.92715293
3228830386980584958,2021-07,0.058640417
3228830386980584958,2021-07,0.27767095
3228830386980584958,2021-07,0.27767095
3228830386980584958,2021-08,0.2892714
3228830386980584958,2021-08,0.28322563
3228830386980584958,2021-09,0.27767095
3228830386980584958,2021-09,0.27177486
3228830386980584958,2021-09,0.26588896
3228830386980584958,2021-09,0.26588896
3228830386980584958,2021-10,0.28000894
3228830386980584958,2021-10,0.27408206
3248432590399829766,2021-07,0.0921493
3248432590399829766,2021-07,0.5241592
3248432590399829766,2021-07,0.46132955
3248432590399829766,2021-07,0.46132955
3248432590399829766,2021-07,0.46132955
3248432590399829766,2021-08,0.4539847
3248432590399829766,2021-08,0.46132955
3248432590399829766,2021-08,0.46132955
3248432590399829766,2021-08,0.46132955
3248432590399829766,2021-10,0.4539847
3248432590399829766,2021-10,0.46132955
3248432590399829766,2021-11,0.46132955
3248432590399829766,2021-11,0.46132955
3248432590399829766,2021-11,0.46132955
3248432590399829766,2021-11,0.84281987
3248432590399829766,2021-11,0.46132955
3258345688897172820,2021-07,0.78585476
3258345688897172820,2021-07,0.86930114
3258345688897172820,2021-07,0.5479505
3258345688897172820,2021-08,0.54854345
3258345688897172820,2021-09,0.49229127
3258345688897172820,2021-09,0.49229127
3258345688897172820,2021-09,0.8456855
3258345688897172820,2021-09,0.4996887
3258345688897172820,2021-09,0.5002872
3258345688897172820,2021-10,0.5269968
3258345688897172820,2021-10,0.5269968
3258345688897172820,2021-11,0.8591319
3263212305228307743,2021-07,0.072787255
3263212305228307743,2021-07,0.36391982
3263212305228307743,2021-07,0.36391982
3263212305228307743,2021-07,0.35709777
3263212305228307743,2021-07,0.31382304
3263212305228307743,2021-07,0.31382304
3263212305228307743,2021-07,0.31382304
3263212305228307743,2021-08,0.29786122
3263212305228307743,2021-08,0.29786122
3263212305228307743,2021-08,0.29786122
3263212305228307743,2021-08,0.49937636
3263212305228307743,2021-08,0.29786122
3263212305228307743,2021-08,0.29786122
3263212305228307743,2021-08,0.29786122
3263212305228307743,2021-08,0.29786122
3263212305228307743,2021-09,0.2884864
3263212305228307743,2021-09,0.2884864
3263212305228307743,2021-09,0.2884864
3263212305228307743,2021-10,0.31382304
3263212305228307743,2021-10,0.5181676
3263212305228307743,2021-11,0.3041635
3263212305228307743,2021-11,0.3041635
3275327267689584006,2021-07,0.799353
3275327267689584006,2021-08,0.4396029
3275327267689584006,2021-08,0.43232635
3275327267689584006,2021-08,0.4396029
3275327267689584006,2021-09,0.44306582
3275327267689584006,2021-09,0.9164923
3275327267689584006,2021-10,0.3859179
3275327267689584006,2021-10,0.3859179
3279078057358159966,2021-07,0.2697315
3279078057358159966,2021-08,0.30770898
3279078057358159966,2021-08,0.30770898
3279078057358159966,2021-08,0.30144125
3279078057358159966,2021-09,0.316451
3279078057358159966,2021-09,0.316451
3279078057358159966,2021-09,0.316451
3279078057358159966,2021-10,0.31345594
3279078057358159966,2021-10,0.31345594
3279078057358159966,2021-10,0.31345594
3279417303675586812,2021-07,0.09340594
3279417303675586812,2021-07,0.5747851
3279417303675586812,2021-07,0.5747851
3281617395243454427,2021-07,0.1701289
3281617395243454427,2021-07,0.2798454
3281617395243454427,2021-07,0.2798454
3281617395243454427,2021-08,0.2725425
3281617395243454427,2021-08,0.28741783
3281617395243454427,2021-09,0.2979566
3281617395243454427,2021-09,0.53396237
3281617395243454427,2021-10,0.2827523
3281617395243454427,2021-10,0.2979566
3281617395243454427,2021-10,0.2827523
3281617395243454427,2021-11,0.2594895
3281617395243454427,2021-11,0.2798454
3281617395243454427,2021-11,0.2798454
3281818438120834833,2021-07,0.033844307
3281818438120834833,2021-07,0.19292217
3281818438120834833,2021-08,0.2055538
3281818438120834833,2021-09,0.18007751
3281818438120834833,2021-09,0.19361448
3283662016127058429,2021-07,0.13036625
3283662016127058429,2021-07,0.36881906
3283662016127058429,2021-08,0.37834835
3283662016127058429,2021-09,0.3681787
3283662016127058429,2021-10,0.3821339
3283662016127058429,2021-10,0.38240132
3283662016127058429,2021-11,0.38914475
3285246914299291124,2021-07,0.0395542
3285246914299291124,2021-07,0.25926718
3285246914299291124,2021-07,0.2536247
3285246914299291124,2021-07,0.2089387
3285246914299291124,2021-07,0.2089387
3285246914299291124,2021-07,0.21412185
3285246914299291124,2021-07,0.2089387
3285246914299291124,2021-08,0.18557447
3285246914299291124,2021-08,0.18114357
3285246914299291124,2021-08,0.19189559
3285246914299291124,2021-08,0.18557447
3285246914299291124,2021-08,0.18557447
3285246914299291124,2021-09,0.14631572
3285246914299291124,2021-09,0.1500508
3285246914299291124,2021-09,0.1500508
3285246914299291124,2021-09,0.1500508
3285246914299291124,2021-09,0.1500508
3285246914299291124,2021-09,0.1500508
3285246914299291124,2021-09,0.1500508
3285246914299291124,2021-09,0.1500508
3285246914299291124,2021-09,0.1500508
3285246914299291124,2021-10,0.1500508
3285246914299291124,2021-10,0.1500508
3285246914299291124,2021-10,0.1500508
3285246914299291124,2021-10,0.1500508
3285246914299291124,2021-10,0.1500508
3285246914299291124,2021-10,0.1500508
3285246914299291124,2021-11,0.17285937
3285246914299291124,2021-11,0.17713146
3285246914299291124,2021-11,0.18170682
3285246914299291124,2021-11,0.17713146
3333870869270823799,2021-08,0.17777157
3338087778895249031,2021-07,0.6376151
3355881107559250653,2021-07,0.05948401
3355881107559250653,2021-07,0.32041767
3355881107559250653,2021-07,0.32041767
3355881107559250653,2021-07,0.32717285
3355881107559250653,2021-07,0.32717285
3355881107559250653,2021-07,0.3140085
3355881107559250653,2021-07,0.3140085
3355881107559250653,2021-07,0.27592698
3355881107559250653,2021-07,0.27592698
3355881107559250653,2021-07,0.28213358
3355881107559250653,2021-07,0.27592698
3355881107559250653,2021-07,0.27592698
3355881107559250653,2021-07,0.27592698
3355881107559250653,2021-07,0.27592698
3355881107559250653,2021-07,0.27592698
3355881107559250653,2021-08,0.21991692
3355881107559250653,2021-08,0.21991692
3355881107559250653,2021-08,0.21991692
3355881107559250653,2021-08,0.21991692
3355881107559250653,2021-08,0.21991692
3355881107559250653,2021-08,0.21991692
3355881107559250653,2021-08,0.21991692
3355881107559250653,2021-08,0.21991692
3355881107559250653,2021-08,0.22032787
3355881107559250653,2021-08,0.22032787
3355881107559250653,2021-08,0.22032787
3355881107559250653,2021-08,0.21991692
3355881107559250653,2021-08,0.21991692
3355881107559250653,2021-08,0.22032787
3355881107559250653,2021-08,0.21991692
3355881107559250653,2021-08,0.21991692
3355881107559250653,2021-09,0.21301064
3355881107559250653,2021-09,0.21301064
3355881107559250653,2021-09,0.21301064
3355881107559250653,2021-09,0.21341223
3355881107559250653,2021-09,0.21341223
3355881107559250653,2021-09,0.20809203
3355881107559250653,2021-09,0.20809203
3355881107559250653,2021-09,0.21341223
3355881107559250653,2021-09,0.21301064
3355881107559250653,2021-09,0.21301064
3355881107559250653,2021-10,0.21341223
3355881107559250653,2021-10,0.21301064
3355881107559250653,2021-10,0.21341223
3355881107559250653,2021-10,0.21341223
3355881107559250653,2021-10,0.21301064
3355881107559250653,2021-10,0.21301064
3355881107559250653,2021-10,0.21341223
3355881107559250653,2021-10,0.21301064
3355881107559250653,2021-10,0.2084868
3355881107559250653,2021-10,0.20809203
3355881107559250653,2021-10,0.21301064
3355881107559250653,2021-10,0.21341223
3355881107559250653,2021-10,0.21301064
3355881107559250653,2021-10,0.21301064
3355881107559250653,2021-10,0.21341223
3355881107559250653,2021-10,0.21301064
3355881107559250653,2021-10,0.21301064
3355881107559250653,2021-10,0.21301064
3355881107559250653,2021-10,0.21301064
3355881107559250653,2021-11,0.2789226
3355881107559250653,2021-11,0.27844137
3355881107559250653,2021-11,0.27844137
3355881107559250653,2021-11,0.81688774
3355881107559250653,2021-11,0.2789226
3355881107559250653,2021-11,0.27844137
3355881107559250653,2021-11,0.2789226
3355881107559250653,2021-11,0.2789226
3355881107559250653,2021-11,0.2789226
3355881107559250653,2021-11,0.27844137
3357976326879346012,2021-07,0.62457687
3357976326879346012,2021-07,0.47325352
3357976326879346012,2021-08,0.40844595
3357976326879346012,2021-08,0.4013158
3357976326879346012,2021-09,0.39666402
3357976326879346012,2021-09,0.39666402
3357976326879346012,2021-09,0.39666402
3357976326879346012,2021-09,0.3896041
3357976326879346012,2021-10,0.39666402
3357976326879346012,2021-10,0.39666402
3357976326879346012,2021-10,0.39666402
3357976326879346012,2021-10,0.3896041
3361278050140871809,2021-08,0.7167741
3361278050140871809,2021-10,0.530881
3382609338395832683,2021-07,0.32100812
3382609338395832683,2021-07,0.26149982
3382609338395832683,2021-07,0.26149982
3382609338395832683,2021-07,0.26149982
3382609338395832683,2021-08,0.21763839
3382609338395832683,2021-08,0.2126418
3382609338395832683,2021-08,0.21763839
3382609338395832683,2021-08,0.21763839
3382609338395832683,2021-09,0.21763839
3382609338395832683,2021-09,0.21763839
3382609338395832683,2021-10,0.27145034
3382624494518753363,2021-07,0.92626095
3382624494518753363,2021-07,0.8915772
3382624494518753363,2021-07,0.4129569
3382624494518753363,2021-07,0.36939806
3382624494518753363,2021-07,0.36939806
3382624494518753363,2021-07,0.36218846
3382624494518753363,2021-07,0.36939806
3382624494518753363,2021-07,0.36939806
3382624494518753363,2021-08,0.38854155
3382624494518753363,2021-08,0.38153476
3382624494518753363,2021-08,0.88225394
3382624494518753363,2021-08,0.42727745
3382624494518753363,2021-09,0.36959606
3382624494518753363,2021-09,0.3765171
3382624494518753363,2021-09,0.87686133
3382624494518753363,2021-09,0.3765171
3382624494518753363,2021-09,0.3765171
3382624494518753363,2021-09,0.36924994
3382624494518753363,2021-10,0.36218846
3382624494518753363,2021-10,0.36939806
3382624494518753363,2021-11,0.36218846
3382624494518753363,2021-11,0.36253184
3382624494518753363,2021-11,0.36939806
3384356870037163810,2021-07,0.08822389
3386019519917828299,2021-07,0.06778776
3386019519917828299,2021-08,0.27637562
3386019519917828299,2021-08,0.3153145
3386019519917828299,2021-09,0.27637562
3386019519917828299,2021-09,0.27637562
3386019519917828299,2021-10,0.27046716
3386019519917828299,2021-10,0.27046716
3386019519917828299,2021-10,0.27046716
3386019519917828299,2021-11,0.27637562
3386019519917828299,2021-11,0.27637562
3387580208304842365,2021-10,0.06982959
3391123212703223634,2021-09,0.079439506
3408536439470975134,2021-07,0.022783045
3408536439470975134,2021-07,0.15814824
3408536439470975134,2021-07,0.15814824
3408536439470975134,2021-07,0.1385569
3408536439470975134,2021-07,0.1385569
3408536439470975134,2021-07,0.1385569
3408536439470975134,2021-07,0.1385569
3408536439470975134,2021-07,0.1385569
3408536439470975134,2021-08,0.14230818
3408536439470975134,2021-08,0.1385569
3408536439470975134,2021-08,0.1644735
3408536439470975134,2021-08,0.1385569
3408536439470975134,2021-08,0.1385569
3408536439470975134,2021-08,0.1385569
3408536439470975134,2021-08,0.1385569
3408536439470975134,2021-08,0.1385569
3408536439470975134,2021-08,0.1385569
3408536439470975134,2021-09,0.1385569
3408536439470975134,2021-09,0.1385569
3408536439470975134,2021-09,0.1385569
3408536439470975134,2021-09,0.1385569
3408536439470975134,2021-09,0.1385569
3408536439470975134,2021-09,0.1385569
3408536439470975134,2021-09,0.13506246
3408536439470975134,2021-09,0.13506246
3408536439470975134,2021-09,0.13506246
3408536439470975134,2021-09,0.1385569
3408536439470975134,2021-09,0.1385569
3408536439470975134,2021-09,0.1385569
3408536439470975134,2021-10,0.20808382
3408536439470975134,2021-10,0.20808382
3408536439470975134,2021-10,0.20808382
3408536439470975134,2021-10,0.20808382
3408536439470975134,2021-10,0.20808382
3408536439470975134,2021-10,0.20808382
3408536439470975134,2021-10,0.20808382
3408536439470975134,2021-10,0.20808382
3408536439470975134,2021-10,0.20808382
3408536439470975134,2021-11,0.1385569
3408536439470975134,2021-11,0.1385569
3408536439470975134,2021-11,0.1385569
3408536439470975134,2021-11,0.1385569
3408536439470975134,2021-11,0.1385569
3408536439470975134,2021-11,0.1385569
3408536439470975134,2021-11,0.1385569
3408536439470975134,2021-11,0.1385569
3415156360538677905,2021-07,0.06242958
3415156360538677905,2021-07,0.22027858
3415156360538677905,2021-09,0.24195908
3421433989501830226,2021-07,0.91896486
3421433989501830226,2021-07,0.30454102
3421433989501830226,2021-09,0.28138158
3421433989501830226,2021-09,0.28138158
3421433989501830226,2021-10,0.2892262
3421433989501830226,2021-11,0.27543676
3423512048884192208,2021-10,0.11180082
3423512048884192208,2021-10,0.32080942
3431426889924624821,2021-11,0.47197145
3431426889924624821,2021-11,0.45716295
3447213159487287154,2021-08,0.5115607
3447213159487287154,2021-08,0.8616283
3447213159487287154,2021-08,0.8616283
3447213159487287154,2021-08,0.85514516
3447213159487287154,2021-10,0.22027858
3447213159487287154,2021-10,0.21523806
3447213159487287154,2021-10,0.22027858
3447213159487287154,2021-11,0.23456874
3454481508285917519,2021-09,0.24195908
3454481508285917519,2021-09,0.2530462
3454481508285917519,2021-09,0.24195908
3472934456083131714,2021-07,0.108577654
3472934456083131714,2021-08,0.40169266
3472934456083131714,2021-08,0.42649758
3472934456083131714,2021-08,0.42649758
3472934456083131714,2021-08,0.40169266
3472934456083131714,2021-09,0.40169266
3472934456083131714,2021-09,0.40169266
3472934456083131714,2021-10,0.42653757
3472934456083131714,2021-10,0.9320812
3472934456083131714,2021-11,0.64870393
3472934456083131714,2021-11,0.4115176
3472934456083131714,2021-11,0.4115176
3480297543931395935,2021-07,0.63809234
3480297543931395935,2021-07,0.4153613
3480297543931395935,2021-07,0.4153613
3480297543931395935,2021-07,0.4153613
3480297543931395935,2021-07,0.40819368
3480297543931395935,2021-07,0.40819368
3480297543931395935,2021-08,0.94573766
3480297543931395935,2021-08,0.41642952
3480297543931395935,2021-08,0.41642952
3480297543931395935,2021-09,0.41642952
3480297543931395935,2021-09,0.41642952
3480297543931395935,2021-09,0.41642952
3480297543931395935,2021-10,0.40757036
3480297543931395935,2021-10,0.5670695
3480297543931395935,2021-10,0.5670695
3480297543931395935,2021-10,0.40757036
3480297543931395935,2021-10,0.5670695
3511416927745338332,2021-07,0.05242562
3511416927745338332,2021-07,0.32331887
3511416927745338332,2021-07,0.31687874
3511416927745338332,2021-07,0.31739712
3511416927745338332,2021-07,0.31687874
3511416927745338332,2021-07,0.31687874
3511416927745338332,2021-07,0.30107
3511416927745338332,2021-07,0.30107
3511416927745338332,2021-08,0.28556076
3511416927745338332,2021-08,0.2921309
3511416927745338332,2021-09,0.29487994
3511416927745338332,2021-10,0.28672415
3511416927745338332,2021-10,0.2862348
3511416927745338332,2021-11,0.31021982
3516294920850464913,2021-07,0.065840766
3516294920850464913,2021-08,0.27885905
3536431875244944563,2021-07,0.03399573
3536431875244944563,2021-07,0.23411745
3536431875244944563,2021-08,0.2060305
3536704882799524586,2021-07,0.33131942
3536704882799524586,2021-07,0.19842476
3536704882799524586,2021-08,0.19949415
3536704882799524586,2021-08,0.19949415
3536704882799524586,2021-10,0.1880934
3538481420098344176,2021-07,0.8921109
3538481420098344176,2021-07,0.8978347
3538481420098344176,2021-08,0.8086297
3538481420098344176,2021-08,0.9103123
3543162424793477785,2021-07,0.6112712
3543162424793477785,2021-07,0.2129486
3543162424793477785,2021-08,0.43615267
3543162424793477785,2021-08,0.20314056
3543162424793477785,2021-08,0.20314056
3543162424793477785,2021-08,0.20314056
3543162424793477785,2021-09,0.2032782
3543162424793477785,2021-09,0.21809533
3543162424793477785,2021-09,0.21809533
3543162424793477785,2021-09,0.2081129
3543162424793477785,2021-10,0.2129486
3543162424793477785,2021-10,0.20314056
3543162424793477785,2021-11,0.19839242
3543162424793477785,2021-11,0.20314056
3543162424793477785,2021-11,0.2129486
3543162424793477785,2021-11,0.8255415
3543162424793477785,2021-11,0.4434433
3543162424793477785,2021-11,0.20314056
3555655653190753786,2021-07,0.70047885
3555655653190753786,2021-09,0.5133714
3571198145319411787,2021-07,0.040635735
3571198145319411787,2021-07,0.20424932
3571198145319411787,2021-07,0.42022806
3571198145319411787,2021-07,0.18222679
3571198145319411787,2021-07,0.18222679
3571198145319411787,2021-10,0.19571228
3591324331706630867,2021-07,0.17993863
3591324331706630867,2021-07,0.17952038
3591324331706630867,2021-08,0.1655288
3591324331706630867,2021-08,0.1655288
3591324331706630867,2021-08,0.16148163
3591324331706630867,2021-08,0.1655288
3591324331706630867,2021-08,0.1655288
3591324331706630867,2021-09,0.16148163
3591324331706630867,2021-09,0.1655288
3591324331706630867,2021-09,0.1655288
3591324331706630867,2021-10,0.1736004
3591324331706630867,2021-10,0.1736004
3591324331706630867,2021-10,0.1736004
3591324331706630867,2021-10,0.16939595
3591324331706630867,2021-10,0.1736004
3591324331706630867,2021-10,0.1736004
3591324331706630867,2021-11,0.20717965
3591324331706630867,2021-11,0.20717965
3592461881055047578,2021-08,0.24884215
3592461881055047578,2021-09,0.28367153
3592461881055047578,2021-09,0.28367153
3592461881055047578,2021-10,0.26860273
3592639146446725280,2021-09,0.7131871
3605652314611460806,2021-09,0.04224076
3605652314611460806,2021-09,0.19984242
3605652314611460806,2021-10,0.21585351
3605652314611460806,2021-10,0.2261012
3605652314611460806,2021-10,0.22272483
3605652314611460806,2021-11,0.19995889
3629889536335411116,2021-10,0.04491137
3631603567749349715,2021-07,0.02846424
3631603567749349715,2021-08,0.14561228
3631603567749349715,2021-08,0.14526513
3631603567749349715,2021-08,0.14916658
3631603567749349715,2021-11,0.1703969
3632378524835692731,2021-07,0.048261296
3632378524835692731,2021-07,0.28064173
3632378524835692731,2021-07,0.24253325
3632378524835692731,2021-07,0.22923367
3632378524835692731,2021-08,0.22923367
3632378524835692731,2021-08,0.22404711
3632378524835692731,2021-10,0.22923367
3632378524835692731,2021-10,0.80248386
3632378524835692731,2021-10,0.24253325
3634047863995720708,2021-07,0.06953698
3634047863995720708,2021-07,0.4652523
3634047863995720708,2021-08,0.4652523
3634047863995720708,2021-08,0.4652523
3634047863995720708,2021-08,0.4652523
3634047863995720708,2021-09,0.48009107
3634047863995720708,2021-09,0.4652523
3634047863995720708,2021-09,0.48009107
3634047863995720708,2021-10,0.49436054
3634047863995720708,2021-10,0.47948745
3634047863995720708,2021-10,0.49436054
3634047863995720708,2021-10,0.49436054
3634047863995720708,2021-10,0.47948745
3634047863995720708,2021-10,0.47948745
3660744270380078352,2021-07,0.5567804
3660744270380078352,2021-08,0.39050594
3660744270380078352,2021-08,0.6868615
3660744270380078352,2021-08,0.39050594
3660744270380078352,2021-08,0.40476528
3660744270380078352,2021-08,0.39050594
3660744270380078352,2021-09,0.38328502
3660744270380078352,2021-09,0.41275084
3660744270380078352,2021-09,0.37631467
3660744270380078352,2021-09,0.38328502
3660744270380078352,2021-10,0.3898123
3660744270380078352,2021-10,0.9165819
3660744270380078352,2021-10,0.39687353
3660744270380078352,2021-10,0.41120848
3660744270380078352,2021-11,0.38328502
3660744270380078352,2021-11,0.38328502
3660744270380078352,2021-11,0.3974526
3660744270380078352,2021-11,0.5359085
3660744270380078352,2021-11,0.3974526
3660744270380078352,2021-11,0.5359085
3660744270380078352,2021-11,0.38328502
3668905663669864663,2021-07,0.05242562
3668905663669864663,2021-07,0.30157396
3668905663669864663,2021-07,0.30157396
3668905663669864663,2021-08,0.27846876
3668905663669864663,2021-08,0.3175731
3668905663669864663,2021-08,0.92440087
3668905663669864663,2021-08,0.27846876
3668905663669864663,2021-09,0.29537788
3668905663669864663,2021-09,0.30157396
3668905663669864663,2021-10,0.27846876
3668905663669864663,2021-10,0.27846876
3668905663669864663,2021-11,0.9289529
3668905663669864663,2021-11,0.2921309
3668905663669864663,2021-11,0.2921309
3682570285558758138,2021-08,0.08123518
3682570285558758138,2021-10,0.45170528
3682570285558758138,2021-10,0.45170528
3682570285558758138,2021-11,0.4109966
3682570285558758138,2021-11,0.4109966
3685376304786338340,2021-09,0.030111467
3690886209682028027,2021-07,0.08412147
3690886209682028027,2021-07,0.192157
3690886209682028027,2021-07,0.192157
3690886209682028027,2021-10,0.24464837
3690886209682028027,2021-10,0.24464837
3690886209682028027,2021-11,0.192157
3698481516392183789,2021-07,0.048136454
3698481516392183789,2021-07,0.2921309
3698481516392183789,2021-09,0.28604937
3698481516392183789,2021-11,0.28672415
3713742318997880410,2021-07,0.050171323
3713742318997880410,2021-07,0.43448153
3713742318997880410,2021-07,0.36042607
3713742318997880410,2021-07,0.36042607
3713742318997880410,2021-08,0.3535957
3713742318997880410,2021-08,0.3603884
3713742318997880410,2021-09,0.3500548
3713742318997880410,2021-09,0.3500548
3713742318997880410,2021-09,0.3500548
3713742318997880410,2021-10,0.3929128
3713742318997880410,2021-10,0.3754544
3713742318997880410,2021-10,0.3754544
3713742318997880410,2021-10,0.3754544
3724562776372632620,2021-08,0.486326
3724562776372632620,2021-08,0.37889636
3724562776372632620,2021-09,0.36720574
3724562776372632620,2021-10,0.5900745
3724562776372632620,2021-10,0.5900745
3724562776372632620,2021-11,0.60120004
3731278848600349375,2021-07,0.076345906
3750579377644235511,2021-07,0.5959957
3750579377644235511,2021-07,0.32226336
3750579377644235511,2021-07,0.32226336
3750579377644235511,2021-07,0.91759443
3750579377644235511,2021-08,0.33540204
3750579377644235511,2021-08,0.33540204
3750579377644235511,2021-08,0.6481566
3750579377644235511,2021-10,0.32226336
3750579377644235511,2021-10,0.32226336
3750579377644235511,2021-10,0.32226336
3807130563335796378,2021-07,0.35238728
3807130563335796378,2021-08,0.36720574
3807130563335796378,2021-08,0.36720574
3807130563335796378,2021-08,0.36035696
3807130563335796378,2021-09,0.36720574
3807130563335796378,2021-10,0.36720574
3807130563335796378,2021-10,0.36720574
3812760626052898456,2021-07,0.10336387
3812760626052898456,2021-09,0.44598934
3812760626052898456,2021-09,0.45331222
3812760626052898456,2021-10,0.46451542
3812760626052898456,2021-10,0.45716295
3812760626052898456,2021-10,0.46451542
3812760626052898456,2021-11,0.5054671
3812760626052898456,2021-11,0.5128625
3822753345985951756,2021-07,0.124524295
3822753345985951756,2021-07,0.5191376
3822753345985951756,2021-07,0.5191376
3822753345985951756,2021-07,0.5191376
3822753345985951756,2021-08,0.5251963
3822753345985951756,2021-08,0.51781213
3822753345985951756,2021-08,0.5251963
3822753345985951756,2021-08,0.5251963
3822753345985951756,2021-08,0.52579325
3822753345985951756,2021-09,0.49908027
3822753345985951756,2021-09,0.49908027
3822753345985951756,2021-10,0.50689876
3822753345985951756,2021-10,0.50689876
3822753345985951756,2021-10,0.4989027
3822753345985951756,2021-11,0.52373105
3822753345985951756,2021-11,0.56355536
3829967475074118757,2021-07,0.8585485
3829967475074118757,2021-07,0.58342075
3829967475074118757,2021-07,0.5653808
3829967475074118757,2021-07,0.5653808
3829967475074118757,2021-08,0.46470883
3829967475074118757,2021-08,0.8966064
3829967475074118757,2021-08,0.49761355
3829967475074118757,2021-08,0.47207716
3829967475074118757,2021-08,0.47207716
3829967475074118757,2021-08,0.47207716
3829967475074118757,2021-08,0.49761355
3829967475074118757,2021-08,0.47207716
3829967475074118757,2021-08,0.47207716
3829967475074118757,2021-08,0.47207716
3829967475074118757,2021-09,0.5653808
3829967475074118757,2021-09,0.5653808
3829967475074118757,2021-09,0.5653808
3829967475074118757,2021-09,0.9275913
3829967475074118757,2021-10,0.4658029
3829967475074118757,2021-10,0.47317323
3829967475074118757,2021-10,0.47317323
3829967475074118757,2021-10,0.49871293
3829967475074118757,2021-10,0.49871293
3829967475074118757,2021-10,0.47317323
3829967475074118757,2021-10,0.47317323
3829967475074118757,2021-11,0.52154374
3832944730982767714,2021-07,0.06079343
3832944730982767714,2021-07,0.30654427
3832944730982767714,2021-09,0.27392066
3838562409581494430,2021-08,0.04626346
3838562409581494430,2021-09,0.20353901
3888528635045328222,2021-07,0.19914602
3888528635045328222,2021-07,0.23412432
3888528635045328222,2021-07,0.23412432
3888528635045328222,2021-07,0.22361808
3888528635045328222,2021-07,0.22361808
3888528635045328222,2021-08,0.21809533
3888528635045328222,2021-08,0.84867203
3888528635045328222,2021-09,0.19839242
3888528635045328222,2021-09,0.83982027
3888528635045328222,2021-09,0.20314056
3888528635045328222,2021-10,0.2081129
3888528635045328222,2021-10,0.84867203
3903290047715748290,2021-08,0.91383415
3906045000005838812,2021-10,0.23858987
3915426102465954493,2021-07,0.04238477
3915426102465954493,2021-08,0.19571228
3915426102465954493,2021-09,0.18633819
3915426102465954493,2021-09,0.19086652
3915426102465954493,2021-10,0.18222679
3915426102465954493,2021-10,0.18222679
3915426102465954493,2021-11,0.18397686
3915426102465954493,2021-11,0.18868849
3931892303497206092,2021-07,0.21753933
3931892303497206092,2021-07,0.25272262
3931892303497206092,2021-07,0.21281183
3931892303497206092,2021-07,0.21281183
3931892303497206092,2021-08,0.24121529
3931892303497206092,2021-08,0.2356134
3931892303497206092,2021-08,0.2356134
3931892303497206092,2021-08,0.2356134
3931892303497206092,2021-08,0.2356134
3931892303497206092,2021-08,0.2356134
3931892303497206092,2021-08,0.24121529
3931892303497206092,2021-08,0.24121529
3931892303497206092,2021-09,0.22142448
3931892303497206092,2021-09,0.2267891
3931892303497206092,2021-09,0.23202015
3931892303497206092,2021-09,0.22656806
3931892303497206092,2021-10,0.24121529
3931892303497206092,2021-10,0.2356134
3931892303497206092,2021-10,0.2356134
3931892303497206092,2021-11,0.85040575
3931892303497206092,2021-11,0.2180262
3941676647656952109,2021-10,0.88984257
3941676647656952109,2021-10,0.88984257
3941676647656952109,2021-11,0.8834386
3941676647656952109,2021-11,0.8834386
3941676647656952109,2021-11,0.87020653
3960251564708868781,2021-07,0.04810211
3960251564708868781,2021-07,0.52597654
3960251564708868781,2021-07,0.2074605
3960251564708868781,2021-07,0.2074605
3960251564708868781,2021-07,0.2074605
3960251564708868781,2021-07,0.2074605
3960251564708868781,2021-07,0.20263706
3960251564708868781,2021-08,0.5137487
3960251564708868781,2021-08,0.5137487
3960251564708868781,2021-08,0.19952075
3960251564708868781,2021-08,0.19952075
3960251564708868781,2021-08,0.50635386
3960251564708868781,2021-09,0.19952075
3960251564708868781,2021-09,0.5137487
3960251564708868781,2021-09,0.5137487
3960251564708868781,2021-09,0.5137487
3960251564708868781,2021-09,0.5137487
3960251564708868781,2021-10,0.51050633
3960251564708868781,2021-10,0.51050633
3960251564708868781,2021-10,0.50310975
3960251564708868781,2021-11,0.5137487
3960251564708868781,2021-11,0.5137487
3965955331400146488,2021-09,0.40549645
3970572142453508637,2021-07,0.37303963
3970572142453508637,2021-07,0.48091942
3970572142453508637,2021-08,0.857548
3970572142453508637,2021-08,0.4325294
3970572142453508637,2021-09,0.86297137
3970572142453508637,2021-10,0.4701666
3970572142453508637,2021-10,0.47076297
3970572142453508637,2021-11,0.86727554
3970610368027129821,2021-07,0.061597038
3970610368027129821,2021-08,0.18630037
3970610368027129821,2021-08,0.190828
3970610368027129821,2021-09,0.18139161
3970610368027129821,2021-10,0.17542312
3970610368027129821,2021-11,0.1797448
3977861004707764824,2021-07,0.23621915
3977861004707764824,2021-07,0.32331887
3977861004707764824,2021-07,0.32331887
3977861004707764824,2021-07,0.31687874
3977861004707764824,2021-07,0.31687874
3977861004707764824,2021-07,0.30107
3977861004707764824,2021-07,0.30157396
3977861004707764824,2021-07,0.30107
3977861004707764824,2021-07,0.30107
3977861004707764824,2021-07,0.30157396
3977861004707764824,2021-07,0.30107
3977861004707764824,2021-07,0.30107
3977861004707764824,2021-08,0.30107
3977861004707764824,2021-08,0.30107
3977861004707764824,2021-08,0.30107
3977861004707764824,2021-08,0.30107
3977861004707764824,2021-08,0.29487994
3977861004707764824,2021-08,0.30107
3977861004707764824,2021-08,0.30157396
3977861004707764824,2021-08,0.30107
3977861004707764824,2021-08,0.30107
3977861004707764824,2021-08,0.30107
3977861004707764824,2021-08,0.30157396
3977861004707764824,2021-09,0.29163614
3977861004707764824,2021-09,0.29163614
3977861004707764824,2021-09,0.2921309
3977861004707764824,2021-09,0.29163614
3977861004707764824,2021-09,0.28604937
3977861004707764824,2021-09,0.28604937
3977861004707764824,2021-09,0.28556076
3977861004707764824,2021-09,0.29163614
3977861004707764824,2021-09,0.29163614
3977861004707764824,2021-09,0.29163614
3977861004707764824,2021-09,0.2921309
3977861004707764824,2021-09,0.29163614
3977861004707764824,2021-09,0.2921309
3977861004707764824,2021-09,0.29163614
3977861004707764824,2021-09,0.29163614
3977861004707764824,2021-09,0.2921309
3977861004707764824,2021-10,0.30107
3977861004707764824,2021-10,0.30157396
3977861004707764824,2021-10,0.29537788
3977861004707764824,2021-10,0.29537788
3977861004707764824,2021-10,0.29537788
3977861004707764824,2021-10,0.30107
3977861004707764824,2021-10,0.30157396
3977861004707764824,2021-10,0.30157396
3977861004707764824,2021-10,0.30157396
3977861004707764824,2021-10,0.30107
3977861004707764824,2021-10,0.30107
3977861004707764824,2021-10,0.30157396
3977861004707764824,2021-10,0.30157396
3977861004707764824,2021-10,0.30157396
3977861004707764824,2021-10,0.30107
3977861004707764824,2021-10,0.30107
3977861004707764824,2021-11,0.30157396
3977861004707764824,2021-11,0.30157396
3977861004707764824,2021-11,0.30107
3977861004707764824,2021-11,0.30107
3977861004707764824,2021-11,0.30107
3977861004707764824,2021-11,0.30157396
3977861004707764824,2021-11,0.29487994
3977861004707764824,2021-11,0.30157396
3977861004707764824,2021-11,0.30107
3977861004707764824,2021-11,0.30157396
3977861004707764824,2021-11,0.30107
3977861004707764824,2021-11,0.30157396
3977861004707764824,2021-11,0.30107
3979129042322937623,2021-10,0.342782
3979129042322937623,2021-10,0.342782
3979129042322937623,2021-10,0.342782
3979129042322937623,2021-10,0.36617556
3997247264680905799,2021-07,0.06130133
3997247264680905799,2021-07,0.44371304
3997247264680905799,2021-07,0.38118422
3997247264680905799,2021-07,0.38118422
3997247264680905799,2021-08,0.38118422
3997247264680905799,2021-08,0.38742936
3997247264680905799,2021-08,0.38854155
3997247264680905799,2021-08,0.38118422
3997247264680905799,2021-08,0.38118422
3997247264680905799,2021-08,0.38118422
3997247264680905799,2021-09,0.36924994
3997247264680905799,2021-09,0.36238486
3997247264680905799,2021-09,0.36238486
3997247264680905799,2021-09,0.36924994
3997247264680905799,2021-09,0.36924994
3997247264680905799,2021-09,0.36924994
3997247264680905799,2021-09,0.6739084
3997247264680905799,2021-10,0.36218846
3997247264680905799,2021-10,0.36218846
3997247264680905799,2021-10,0.36218846
3997247264680905799,2021-10,0.3553807
3997247264680905799,2021-10,0.36218846
3997247264680905799,2021-10,0.36939806
3997247264680905799,2021-10,0.36218846
3997247264680905799,2021-10,0.36218846
3997247264680905799,2021-10,0.36218846
3997247264680905799,2021-10,0.36218846
3997247264680905799,2021-10,0.36218846
3997247264680905799,2021-11,0.36218846
3997247264680905799,2021-11,0.36939806
3997247264680905799,2021-11,0.36218846
4003696935579172837,2021-09,0.8944448
4008627434689715639,2021-07,0.8115123
4008627434689715639,2021-07,0.7579119
4008627434689715639,2021-07,0.41267928
4008627434689715639,2021-08,0.48179567
4008627434689715639,2021-08,0.81356066
4008627434689715639,2021-08,0.8212785
4008627434689715639,2021-08,0.8212785
4008627434689715639,2021-08,0.7531805
4008627434689715639,2021-08,0.6061982
4008627434689715639,2021-08,0.8212785
4008627434689715639,2021-08,0.48242557
4008627434689715639,2021-09,0.47482908
4008627434689715639,2021-09,0.4592418
4008627434689715639,2021-09,0.41986975
4008627434689715639,2021-09,0.8042829
4008627434689715639,2021-09,0.46682784
4008627434689715639,2021-09,0.47482908
4008627434689715639,2021-09,0.47482908
4008627434689715639,2021-10,0.41986975
4008627434689715639,2021-10,0.41986975
4008627434689715639,2021-10,0.41986975
4008627434689715639,2021-10,0.41986975
4008627434689715639,2021-10,0.427458
4008627434689715639,2021-10,0.41986975
4008627434689715639,2021-11,0.41267928
4018182555897034052,2021-07,0.07049455
4018182555897034052,2021-07,0.3492226
4018182555897034052,2021-07,0.30644733
4018182555897034052,2021-07,0.30644733
4018182555897034052,2021-08,0.32533008
4018182555897034052,2021-08,0.32533008
4018182555897034052,2021-08,0.4466836
4018182555897034052,2021-08,0.31886876
4018182555897034052,2021-08,0.30279583
4018182555897034052,2021-08,0.30907926
4018182555897034052,2021-08,0.30907926
4018182555897034052,2021-08,0.30907926
4018182555897034052,2021-09,0.2884864
4018182555897034052,2021-09,0.2884864
4018182555897034052,2021-09,0.8243859
4018182555897034052,2021-09,0.2884864
4018182555897034052,2021-09,0.404333
4018182555897034052,2021-09,0.2884864
4018182555897034052,2021-10,0.38830194
4018182555897034052,2021-10,0.38830194
4018182555897034052,2021-10,0.2749285
4018182555897034052,2021-10,0.269069
4018182555897034052,2021-10,0.2749285
4018182555897034052,2021-10,0.2749285
4018182555897034052,2021-10,0.2749285
4018182555897034052,2021-10,0.2749285
4018182555897034052,2021-10,0.2749285
4018182555897034052,2021-10,0.2749285
4018182555897034052,2021-10,0.2749285
4018182555897034052,2021-11,0.48809865
4018182555897034052,2021-11,0.28851175
4018182555897034052,2021-11,0.28851175
4043546053926060305,2021-07,0.83673924
4043546053926060305,2021-07,0.568018
4043546053926060305,2021-07,0.568018
4043546053926060305,2021-07,0.568018
4043546053926060305,2021-07,0.568018
4043546053926060305,2021-07,0.568018
4043546053926060305,2021-07,0.56074274
4043546053926060305,2021-08,0.8335351
4043546053926060305,2021-08,0.48838532
4043546053926060305,2021-08,0.48838532
4043546053926060305,2021-08,0.5134738
4043546053926060305,2021-08,0.47352365
4043546053926060305,2021-08,0.5134738
4043546053926060305,2021-08,0.47352365
4043546053926060305,2021-08,0.48838532
4043546053926060305,2021-08,0.48838532
4043546053926060305,2021-08,0.48838532
4043546053926060305,2021-09,0.84853375
4043546053926060305,2021-09,0.5015628
4043546053926060305,2021-10,0.589613
4043546053926060305,2021-10,0.589613
4043546053926060305,2021-10,0.59711146
4045739494965095560,2021-07,0.061570577
4045739494965095560,2021-07,0.38386497
4045739494965095560,2021-07,0.39118782
4045739494965095560,2021-07,0.3693616
4045739494965095560,2021-07,0.36220425
4045739494965095560,2021-07,0.3693616
4045739494965095560,2021-07,0.3693616
4045739494965095560,2021-07,0.36220425
4045739494965095560,2021-07,0.36220425
4045739494965095560,2021-07,0.40003228
4045739494965095560,2021-07,0.7364404
4045739494965095560,2021-08,0.36649507
4045739494965095560,2021-08,0.36649507
4045739494965095560,2021-08,0.3593616
4045739494965095560,2021-08,0.36649507
4045739494965095560,2021-08,0.3525776
4045739494965095560,2021-08,0.35965198
4045739494965095560,2021-08,0.3525776
4045739494965095560,2021-08,0.35965198
4045739494965095560,2021-08,0.32736856
4045739494965095560,2021-08,0.3593616
4045739494965095560,2021-08,0.3593616
4045739494965095560,2021-08,0.3593616
4045739494965095560,2021-08,0.36649507
4045739494965095560,2021-08,0.3593616
4045739494965095560,2021-08,0.3593616
4045739494965095560,2021-08,0.3593616
4045739494965095560,2021-09,0.36878935
4045739494965095560,2021-09,0.36878935
4045739494965095560,2021-09,0.36878935
4045739494965095560,2021-09,0.37600008
4045739494965095560,2021-09,0.37600008
4045739494965095560,2021-09,0.37600008
4045739494965095560,2021-09,0.36878935
4045739494965095560,2021-09,0.369083
4045739494965095560,2021-09,0.369083
4045739494965095560,2021-09,0.36192793
4045739494965095560,2021-09,0.37600008
4045739494965095560,2021-09,0.36878935
4045739494965095560,2021-09,0.37600008
4045739494965095560,2021-09,0.36878935
4045739494965095560,2021-09,0.36878935
4045739494965095560,2021-09,0.36878935
4045739494965095560,2021-09,0.36878935
4045739494965095560,2021-09,0.37600008
4045739494965095560,2021-09,0.37600008
4045739494965095560,2021-09,0.37600008
4045739494965095560,2021-09,0.37600008
4045739494965095560,2021-09,0.37600008
4045739494965095560,2021-09,0.36878935
4045739494965095560,2021-09,0.36878935
4045739494965095560,2021-10,0.3593616
4045739494965095560,2021-10,0.38887963
4045739494965095560,2021-10,0.36649507
4045739494965095560,2021-10,0.3593616
4045739494965095560,2021-10,0.3593616
4045739494965095560,2021-10,0.3525776
4045739494965095560,2021-10,0.3593616
4045739494965095560,2021-10,0.3593616
4045739494965095560,2021-10,0.3593616
4045739494965095560,2021-10,0.3593616
4045739494965095560,2021-10,0.36649507
4045739494965095560,2021-10,0.3593616
4045739494965095560,2021-10,0.36649507
4045739494965095560,2021-11,0.36649507
4045739494965095560,2021-11,0.3593616
4045739494965095560,2021-11,0.36649507
4045739494965095560,2021-11,0.36649507
4045739494965095560,2021-11,0.3525776
4045739494965095560,2021-11,0.35965198
4045739494965095560,2021-11,0.36649507
4045739494965095560,2021-11,0.3593616
4045739494965095560,2021-11,0.3593616
4050525344257805036,2021-08,0.4695338
4052557282157719526,2021-07,0.096719496
4052557282157719526,2021-07,0.20314056
4052557282157719526,2021-08,0.21662784
4052557282157719526,2021-08,0.22175269
4052557282157719526,2021-09,0.21164818
4052557282157719526,2021-09,0.21662784
4052557282157719526,2021-09,0.21662784
4052557282157719526,2021-10,0.2129486
4052557282157719526,2021-10,0.20314056
4052557282157719526,2021-10,0.20314056
4052557282157719526,2021-10,0.19839242
4052557282157719526,2021-10,0.20314056
4061297388883391410,2021-07,0.024101295
4061297388883391410,2021-08,0.1738137
4061297388883391410,2021-08,0.16939595
4061297388883391410,2021-08,0.20961812
4061297388883391410,2021-08,0.17810431
4061297388883391410,2021-09,0.16573417
4061297388883391410,2021-09,0.16986632
4061297388883391410,2021-09,0.1655288
4061297388883391410,2021-10,0.16986632
4061297388883391410,2021-10,0.9244832
4061297388883391410,2021-10,0.1655288
4061297388883391410,2021-10,0.1655288
4061297388883391410,2021-11,0.16573417
4061297388883391410,2021-11,0.1655288
4061297388883391410,2021-11,0.16986632
4071158585850879204,2021-07,0.22880265
4071158585850879204,2021-07,0.5244014
4071158585850879204,2021-07,0.8952931
4071158585850879204,2021-07,0.48416936
4071158585850879204,2021-08,0.48416936
4071158585850879204,2021-09,0.48416936
4071158585850879204,2021-09,0.48416936
4071158585850879204,2021-09,0.4767828
4071158585850879204,2021-10,0.46633172
4071158585850879204,2021-10,0.48117396
4071158585850879204,2021-11,0.7031245
4071158585850879204,2021-11,0.47101703
4071158585850879204,2021-11,0.46365076
4071158585850879204,2021-11,0.46365076
4071158585850879204,2021-11,0.45621264
4071158585850879204,2021-11,0.47101703
4090195792518021727,2021-07,0.05710063
4090195792518021727,2021-08,0.38123646
4090195792518021727,2021-08,0.38123646
4090195792518021727,2021-08,0.37428078
4090195792518021727,2021-08,0.38123646
4090195792518021727,2021-10,0.40307468
4090195792518021727,2021-11,0.3836644
4095739077267179172,2021-07,0.29689014
4095739077267179172,2021-07,0.2959559
4095739077267179172,2021-07,0.2959559
4095739077267179172,2021-07,0.2652161
4095739077267179172,2021-07,0.2652161
4095739077267179172,2021-09,0.554201
4095739077267179172,2021-09,0.2926317
4095739077267179172,2021-10,0.5104408
4095739077267179172,2021-10,0.2652161
4095739077267179172,2021-10,0.2652161
4095739077267179172,2021-10,0.5104408
4095739077267179172,2021-11,0.5104408
4095739077267179172,2021-11,0.5104408
4104959289203999917,2021-07,0.023092754
4104959289203999917,2021-07,0.16986632
4104959289203999917,2021-08,0.17982347
4104959289203999917,2021-10,0.16986632
4104959289203999917,2021-11,0.18525428
4104959289203999917,2021-11,0.18525428
4110562609148185966,2021-10,0.7052782
4121608857053177761,2021-07,0.9386604
4130617254899676131,2021-08,0.087430894
4130617254899676131,2021-08,0.798185
4130617254899676131,2021-09,0.263975
4130617254899676131,2021-10,0.2690825
4130617254899676131,2021-10,0.26330233
4130617254899676131,2021-11,0.8029679
4165983075385227812,2021-08,0.042563304
4165983075385227812,2021-08,0.25449646
4165983075385227812,2021-08,0.26061255
4165983075385227812,2021-09,0.25495088
4165983075385227812,2021-09,0.24994113
4165983075385227812,2021-09,0.25039014
4165983075385227812,2021-10,0.25039014
4165983075385227812,2021-10,0.25039014
4165983075385227812,2021-11,0.2308574
4166581859919473627,2021-07,0.075405955
4166581859919473627,2021-07,0.2831769
4166581859919473627,2021-07,0.24938935
4166581859919473627,2021-07,0.4742722
4166581859919473627,2021-07,0.24938935
4166581859919473627,2021-08,0.25747266
4166581859919473627,2021-08,0.25747266
4166581859919473627,2021-08,0.25793067
4166581859919473627,2021-08,0.25793067
4166581859919473627,2021-11,0.31032285
4170463992215954403,2021-07,0.05284855
4170463992215954403,2021-08,0.47587135
4183921942053157552,2021-07,0.16584074
4183921942053157552,2021-07,0.28843972
4183921942053157552,2021-08,0.27637562
4183921942053157552,2021-08,0.28843972
4183921942053157552,2021-08,0.28843972
4183921942053157552,2021-08,0.28843972
4183921942053157552,2021-09,0.2824044
4183921942053157552,2021-09,0.2824044
4183921942053157552,2021-10,0.27046716
4183921942053157552,2021-10,0.28237396
4183921942053157552,2021-10,0.28237396
4187591029730357479,2021-07,0.3359447
4187591029730357479,2021-09,0.5561123
4187591029730357479,2021-10,0.5561123
4187591029730357479,2021-10,0.5561123
4187591029730357479,2021-10,0.5561123
4189705495607963592,2021-09,0.48505896
4202876623878743806,2021-07,0.13489278
4202876623878743806,2021-09,0.22361808
4202876623878743806,2021-10,0.22690167
4202876623878743806,2021-10,0.855095
4202876623878743806,2021-10,0.21662784
4202876623878743806,2021-10,0.21662784
4202876623878743806,2021-11,0.20314056
4210463673385510745,2021-07,0.5417303
4210463673385510745,2021-07,0.952504
4210463673385510745,2021-07,0.35528702
4210463673385510745,2021-07,0.35528702
4210463673385510745,2021-07,0.35528702
4210463673385510745,2021-08,0.32855216
4210463673385510745,2021-08,0.3220574
4210463673385510745,2021-08,0.32855216
4210463673385510745,2021-08,0.32855216
4210463673385510745,2021-08,0.32855216
4210463673385510745,2021-09,0.3477602
4210463673385510745,2021-09,0.3410786
4210463673385510745,2021-09,0.49612156
4210463673385510745,2021-10,0.33858168
4210463673385510745,2021-10,0.4785561
4210463673385510745,2021-10,0.36184642
4210463673385510745,2021-10,0.33858168
4210463673385510745,2021-11,0.33861828
4210463673385510745,2021-11,0.33202294
4210463673385510745,2021-11,0.95362586
4225765667813563302,2021-10,0.16888046
4228701400180066884,2021-09,0.9111548
4235078665660987689,2021-07,0.053901464
4235078665660987689,2021-07,0.20584324
4235078665660987689,2021-09,0.21220385
4235078665660987689,2021-09,0.20729896
4235078665660987689,2021-09,0.21220385
4235078665660987689,2021-09,0.21220385
4235078665660987689,2021-09,0.21220385
4235078665660987689,2021-09,0.21220385
4235078665660987689,2021-10,0.20584324
4235078665660987689,2021-10,0.20584324
4235078665660987689,2021-10,0.20584324
4235078665660987689,2021-10,0.20584324
4235078665660987689,2021-10,0.20584324
4235078665660987689,2021-10,0.20584324
4235078665660987689,2021-11,0.20104787
4235078665660987689,2021-11,0.20584324
4237135112070444140,2021-10,0.50924605
4237135112070444140,2021-10,0.516639
4237135112070444140,2021-10,0.516639
4237135112070444140,2021-11,0.6001969
4237135112070444140,2021-11,0.6001969
4284129442855564250,2021-07,0.04765106
4284129442855564250,2021-08,0.3569519
4284129442855564250,2021-09,0.37583476
4296149971687628223,2021-08,0.0854764
4296149971687628223,2021-09,0.44159
4296149971687628223,2021-09,0.44159
4296149971687628223,2021-10,0.44159
4327694790333781288,2021-07,0.05485905
4327694790333781288,2021-07,0.27900878
4327694790333781288,2021-07,0.27900878
4327694790333781288,2021-07,0.27900878
4327694790333781288,2021-08,0.4410328
4327694790333781288,2021-08,0.27900878
4327694790333781288,2021-08,0.86865443
4327694790333781288,2021-08,0.29114154
4327694790333781288,2021-09,0.27900878
4327694790333781288,2021-10,0.26999915
4327694790333781288,2021-10,0.43717808
4327694790333781288,2021-10,0.26999915
4327694790333781288,2021-10,0.43717808
4327694790333781288,2021-10,0.2818933
4327694790333781288,2021-10,0.26999915
4327694790333781288,2021-11,0.25699627
4327694790333781288,2021-11,0.25138646
4327694790333781288,2021-11,0.25699627
4334472256949955221,2021-07,0.1139279
4334472256949955221,2021-07,0.4420241
4334472256949955221,2021-07,0.42384574
4334472256949955221,2021-08,0.40550777
4334472256949955221,2021-08,0.40550777
4334472256949955221,2021-09,0.40550777
4334472256949955221,2021-09,0.39839438
4334472256949955221,2021-09,0.40550777
4334472256949955221,2021-09,0.40550777
4334472256949955221,2021-10,0.41642952
4334472256949955221,2021-10,0.41642952
4334472256949955221,2021-10,0.41584787
4334472256949955221,2021-10,0.41642952
4334472256949955221,2021-11,0.40757036
4334472256949955221,2021-11,0.40757036
4334472256949955221,2021-11,0.8951358
4335865859049992260,2021-07,0.04327225
4335865859049992260,2021-07,0.7676036
4335865859049992260,2021-08,0.21599741
4335865859049992260,2021-08,0.21102835
4335865859049992260,2021-08,0.22008942
4335865859049992260,2021-08,0.21599741
4335865859049992260,2021-09,0.21102835
4335865859049992260,2021-09,0.21063007
4335865859049992260,2021-09,0.21599741
4335865859049992260,2021-09,0.21559234
4335865859049992260,2021-10,0.21599741
4335865859049992260,2021-10,0.21559234
4335865859049992260,2021-10,0.21559234
4335865859049992260,2021-10,0.21559234
4335865859049992260,2021-11,0.2815324
4335865859049992260,2021-11,0.2815324
4335865859049992260,2021-11,0.28201687
4335865859049992260,2021-11,0.28201687
4342146186255136598,2021-07,0.030312933
4342146186255136598,2021-07,0.22688991
4342146186255136598,2021-07,0.6979319
4342146186255136598,2021-07,0.18952356
4342146186255136598,2021-07,0.18952356
4342146186255136598,2021-08,0.2159723
4342146186255136598,2021-08,0.2159723
4342146186255136598,2021-08,0.5001586
4342146186255136598,2021-08,0.2159723
4342146186255136598,2021-08,0.2159723
4342146186255136598,2021-08,0.2159723
4342146186255136598,2021-08,0.2159723
4342146186255136598,2021-08,0.21100368
4342146186255136598,2021-08,0.24933326
4342146186255136598,2021-08,0.24933326
4342146186255136598,2021-08,0.2159723
4342146186255136598,2021-09,0.20649697
4342146186255136598,2021-09,0.20169023
4342146186255136598,2021-09,0.20649697
4342146186255136598,2021-09,0.20649697
4342146186255136598,2021-10,0.18952356
4342146186255136598,2021-10,0.18952356
4342146186255136598,2021-10,0.18952356
4342146186255136598,2021-10,0.40291205
4342146186255136598,2021-10,0.40291205
4342146186255136598,2021-10,0.18952356
4342146186255136598,2021-11,0.30014482
4342146186255136598,2021-11,0.22191547
4347826483121154490,2021-07,0.14673585
4347826483121154490,2021-07,0.21686283
4347826483121154490,2021-07,0.21686283
4347826483121154490,2021-07,0.21686283
4347826483121154490,2021-07,0.21686283
4347826483121154490,2021-07,0.53807926
4347826483121154490,2021-07,0.21686283
4347826483121154490,2021-07,0.18320587
4347826483121154490,2021-07,0.18320587
4347826483121154490,2021-07,0.18320587
4347826483121154490,2021-07,0.18320587
4347826483121154490,2021-07,0.19900663
4347826483121154490,2021-07,0.18320587
4347826483121154490,2021-07,0.18320587
4347826483121154490,2021-07,0.18320587
4347826483121154490,2021-07,0.19900663
4347826483121154490,2021-07,0.18320587
4347826483121154490,2021-07,0.19900663
4347826483121154490,2021-07,0.18320587
4347826483121154490,2021-08,0.18874186
4347826483121154490,2021-08,0.18874186
4347826483121154490,2021-08,0.18874186
4347826483121154490,2021-08,0.18874186
4347826483121154490,2021-08,0.18874186
4347826483121154490,2021-08,0.18874186
4347826483121154490,2021-08,0.18425246
4347826483121154490,2021-08,0.18425246
4347826483121154490,2021-08,0.2049003
4347826483121154490,2021-08,0.18874186
4347826483121154490,2021-08,0.2049003
4347826483121154490,2021-08,0.18874186
4347826483121154490,2021-08,0.18874186
4347826483121154490,2021-08,0.18874186
4347826483121154490,2021-08,0.18874186
4347826483121154490,2021-08,0.18874186
4347826483121154490,2021-08,0.18874186
4347826483121154490,2021-09,0.18320587
4347826483121154490,2021-09,0.18320587
4347826483121154490,2021-09,0.18320587
4347826483121154490,2021-09,0.18320587
4347826483121154490,2021-09,0.18320587
4347826483121154490,2021-09,0.17881913
4347826483121154490,2021-09,0.17881913
4347826483121154490,2021-09,0.17881913
4347826483121154490,2021-09,0.19900663
4347826483121154490,2021-09,0.18320587
4347826483121154490,2021-09,0.18320587
4347826483121154490,2021-09,0.18320587
4347826483121154490,2021-09,0.18320587
4347826483121154490,2021-09,0.18320587
4347826483121154490,2021-10,0.2049003
4347826483121154490,2021-10,0.18874186
4347826483121154490,2021-10,0.18874186
4347826483121154490,2021-10,0.18874186
4347826483121154490,2021-10,0.18874186
4347826483121154490,2021-10,0.18874186
4347826483121154490,2021-10,0.38667265
4347826483121154490,2021-10,0.18874186
4347826483121154490,2021-11,0.20030272
4347826483121154490,2021-11,0.18874186
4347826483121154490,2021-11,0.18874186
4347826483121154490,2021-11,0.18874186
4347826483121154490,2021-11,0.2049003
4347826483121154490,2021-11,0.2049003
4347826483121154490,2021-11,0.18874186
4347826483121154490,2021-11,0.18874186
4351694415353093046,2021-08,0.93311566
4351694415353093046,2021-09,0.82904494
4365965554261111250,2021-07,0.67602056
4365965554261111250,2021-07,0.47894153
4365965554261111250,2021-07,0.47894153
4365965554261111250,2021-07,0.47894153
4365965554261111250,2021-07,0.47894153
4365965554261111250,2021-07,0.47894153
4365965554261111250,2021-07,0.47894153
4365965554261111250,2021-08,0.47950226
4365965554261111250,2021-09,0.4682536
4365965554261111250,2021-09,0.4682536
4365965554261111250,2021-09,0.4682536
4365965554261111250,2021-09,0.4682536
4365965554261111250,2021-10,0.4682536
4365965554261111250,2021-10,0.4682536
4365965554261111250,2021-10,0.4682536
4392369075438855735,2021-08,0.08819597
4392369075438855735,2021-08,0.4013158
4392369075438855735,2021-08,0.4013158
4392369075438855735,2021-09,0.46588308
4392369075438855735,2021-09,0.47325352
4392369075438855735,2021-09,0.47325352
4392369075438855735,2021-10,0.43781075
4392369075438855735,2021-10,0.44510722
4395946187332973749,2021-07,0.04965471
4395946187332973749,2021-08,0.27144325
4395946187332973749,2021-09,0.2864679
4395946187332973749,2021-10,0.2720722
4395946187332973749,2021-11,0.2714188
4414438591613884911,2021-07,0.21283701
4414438591613884911,2021-07,0.49382144
4414438591613884911,2021-07,0.48642638
4414438591613884911,2021-07,0.4122274
4414438591613884911,2021-08,0.4122274
4414438591613884911,2021-08,0.4122274
4414438591613884911,2021-08,0.4122274
4414438591613884911,2021-08,0.4267245
4414438591613884911,2021-08,0.4122274
4414438591613884911,2021-08,0.4122274
4414438591613884911,2021-09,0.4122274
4414438591613884911,2021-09,0.4122274
4414438591613884911,2021-09,0.4122274
4414438591613884911,2021-09,0.4122274
4414438591613884911,2021-10,0.4122274
4414438591613884911,2021-10,0.40507644
4414438591613884911,2021-10,0.4122274
4414438591613884911,2021-10,0.4122274
4414438591613884911,2021-11,0.42212817
4414438591613884911,2021-11,0.42212817
4414438591613884911,2021-11,0.42212817
4414438591613884911,2021-11,0.42212817
4424973922927242822,2021-10,0.27579045
4424973922927242822,2021-10,0.2699194
4424973922927242822,2021-10,0.27579045
4432551314797496562,2021-07,0.97454405
4432551314797496562,2021-09,0.8824687
4444330375740387073,2021-09,0.20570086
4444330375740387073,2021-10,0.5265935
4444330375740387073,2021-10,0.5265935
4465150716052427320,2021-07,0.12147931
4465150716052427320,2021-07,0.27054814
4465150716052427320,2021-07,0.4125853
4465150716052427320,2021-07,0.22900313
4465150716052427320,2021-08,0.21599741
4465150716052427320,2021-09,0.2738755
4465150716052427320,2021-09,0.26850003
4465150716052427320,2021-09,0.26803014
4465150716052427320,2021-09,0.26850003
4465150716052427320,2021-09,0.27435178
4465150716052427320,2021-09,0.2738755
4465150716052427320,2021-09,0.88292575
4465150716052427320,2021-09,0.2738755
4465150716052427320,2021-09,0.2738755
4465150716052427320,2021-09,0.2738755
4465150716052427320,2021-10,0.21599741
4465150716052427320,2021-10,0.21599741
4465150716052427320,2021-10,0.21599741
4465150716052427320,2021-11,0.25963792
4465150716052427320,2021-11,0.25399014
4465150716052427320,2021-11,0.25399014
4489904752023469353,2021-07,0.22454472
4489904752023469353,2021-07,0.25659585
4489904752023469353,2021-08,0.21662784
4489904752023469353,2021-08,0.21662784
4489904752023469353,2021-08,0.21662784
4489904752023469353,2021-08,0.21662784
4489904752023469353,2021-09,0.21852253
4489904752023469353,2021-09,0.22361808
4489904752023469353,2021-09,0.22361808
4489904752023469353,2021-09,0.48294812
4489904752023469353,2021-10,0.20314056
4489904752023469353,2021-10,0.20314056
4489904752023469353,2021-10,0.20314056
4489904752023469353,2021-11,0.19839242
4489904752023469353,2021-11,0.8307908
4495596792165551705,2021-08,0.084670745
4495596792165551705,2021-09,0.3082076
4495596792165551705,2021-10,0.31687257
4495596792165551705,2021-10,0.3082076
4512887927067894301,2021-08,0.9080304
4512887927067894301,2021-09,0.2921309
4512887927067894301,2021-09,0.2921309
4512887927067894301,2021-11,0.27846876
4512887927067894301,2021-11,0.27846876
4524147234488547993,2021-07,0.19592522
4524147234488547993,2021-07,0.48348898
4524147234488547993,2021-07,0.48348898
4524147234488547993,2021-07,0.42642796
4524147234488547993,2021-07,0.42642796
4524147234488547993,2021-08,0.42638794
4524147234488547993,2021-08,0.41916656
4524147234488547993,2021-08,0.42638794
4524147234488547993,2021-08,0.4340059
4524147234488547993,2021-09,0.42638794
4524147234488547993,2021-09,0.42638794
4524147234488547993,2021-10,0.42642796
4524147234488547993,2021-10,0.42642796
4524147234488547993,2021-10,0.42642796
4524147234488547993,2021-11,0.43296525
4524147234488547993,2021-11,0.43296525
4527499691197377217,2021-07,0.09060796
4527499691197377217,2021-07,0.18379802
4527499691197377217,2021-07,0.18379802
4527499691197377217,2021-08,0.7915399
4527499691197377217,2021-08,0.19406469
4527499691197377217,2021-10,0.18947825
4527499691197377217,2021-11,0.18379802
4530631557358349711,2021-07,0.064629845
4530631557358349711,2021-07,0.36490917
4530631557358349711,2021-08,0.33960277
4530631557358349711,2021-08,0.33960277
4530631557358349711,2021-08,0.34627062
4530631557358349711,2021-08,0.34627062
4530631557358349711,2021-09,0.34646305
4530631557358349711,2021-09,0.3531936
4530631557358349711,2021-09,0.3531936
4530631557358349711,2021-10,0.3531936
4530631557358349711,2021-10,0.3531936
4530631557358349711,2021-11,0.34627062
4530631557358349711,2021-11,0.33960277
4532469127306079736,2021-07,0.16618717
4532469127306079736,2021-07,0.2705194
4532469127306079736,2021-07,0.2705194
4532469127306079736,2021-08,0.27951485
4532469127306079736,2021-09,0.27359447
4532469127306079736,2021-09,0.27359447
4532469127306079736,2021-09,0.87458515
4532469127306079736,2021-09,0.27951485
4532469127306079736,2021-09,0.28770867
4532469127306079736,2021-10,0.27715713
4532469127306079736,2021-10,0.27715713
4532469127306079736,2021-11,0.27951485
4532469127306079736,2021-11,0.27951485
4537268360654655629,2021-07,0.2676819
4537268360654655629,2021-08,0.30062255
4537268360654655629,2021-09,0.2921309
4537982850248578883,2021-07,0.05756228
4537982850248578883,2021-07,0.2665434
4537982850248578883,2021-07,0.2665434
4537982850248578883,2021-08,0.24994113
4537982850248578883,2021-08,0.244877
4537982850248578883,2021-08,0.28968567
4537982850248578883,2021-09,0.24541645
4537982850248578883,2021-09,0.24497345
4537982850248578883,2021-09,0.23997773
4537982850248578883,2021-09,0.23954141
4537982850248578883,2021-10,0.2225289
4537982850248578883,2021-10,0.2225289
4537982850248578883,2021-11,0.22542459
4537982850248578883,2021-11,0.23043264
4541506527938763361,2021-09,0.4052396
4541506527938763361,2021-09,0.18646647
4541506527938763361,2021-10,0.19736874
4541506527938763361,2021-11,0.15721008
4556737702757145073,2021-07,0.04765106
4556737702757145073,2021-07,0.34985048
4556737702757145073,2021-08,0.35018852
4556737702757145073,2021-08,0.35018852
4556737702757145073,2021-08,0.34985048
4556737702757145073,2021-09,0.3595107
4556737702757145073,2021-09,0.3595107
4556737702757145073,2021-09,0.3663526
4556737702757145073,2021-09,0.8969238
4556737702757145073,2021-10,0.90298444
4556737702757145073,2021-11,0.8969238
4556737702757145073,2021-11,0.34985048
4559400286159883576,2021-09,0.21098828
4562495119288161876,2021-10,0.07869344
4566920105008626302,2021-07,0.043321203
4566920105008626302,2021-07,0.20468862
4566920105008626302,2021-07,0.19239298
4566920105008626302,2021-08,0.19207367
4566920105008626302,2021-10,0.19483653
4566920105008626302,2021-10,0.19483653
4566920105008626302,2021-11,0.19207367
4566920105008626302,2021-11,0.19207367
4566920105008626302,2021-11,0.19694263
4566920105008626302,2021-11,0.19207367
4569866309119931805,2021-08,0.182721
4569866309119931805,2021-08,0.35266554
4569866309119931805,2021-09,0.26602665
4569866309119931805,2021-09,0.86844236
4569866309119931805,2021-10,0.27951485
4569866309119931805,2021-10,0.27359447
4569866309119931805,2021-10,0.87458515
4569866309119931805,2021-10,0.27951485
4569866309119931805,2021-11,0.27359447
4570863207041489270,2021-10,0.37075147
4571290108043699959,2021-07,0.022601265
4571290108043699959,2021-08,0.1888979
4571290108043699959,2021-08,0.18418223
4571290108043699959,2021-08,0.1888979
4571290108043699959,2021-09,0.16716154
4571290108043699959,2021-09,0.15888481
4571290108043699959,2021-09,0.16308226
4571290108043699959,2021-09,0.16287953
4571290108043699959,2021-09,0.16716154
4571290108043699959,2021-09,0.16287953
4571290108043699959,2021-09,0.16287953
4571290108043699959,2021-09,0.16716154
4571290108043699959,2021-10,0.16716154
4571290108043699959,2021-10,0.16287953
4571290108043699959,2021-11,0.16287953
4571290108043699959,2021-11,0.16716154
4571290108043699959,2021-11,0.15888481
4571290108043699959,2021-11,0.16308226
4571290108043699959,2021-11,0.8769612
4571290108043699959,2021-11,0.16287953
4588313530969303734,2021-07,0.40205187
4588313530969303734,2021-07,0.26731074
4588313530969303734,2021-07,0.23043264
4588313530969303734,2021-07,0.23043264
4588313530969303734,2021-07,0.23043264
4588313530969303734,2021-07,0.23043264
4588313530969303734,2021-08,0.21745124
4588313530969303734,2021-08,0.2225289
4588313530969303734,2021-08,0.2225289
4588313530969303734,2021-08,0.2225289
4588313530969303734,2021-09,0.24443462
4588313530969303734,2021-09,0.25039014
4588313530969303734,2021-10,0.2308574
4588313530969303734,2021-10,0.2308574
4588313530969303734,2021-11,0.244877
4588313530969303734,2021-11,0.25039014
4588313530969303734,2021-11,0.24994113
4593070249039532001,2021-07,0.037308104
4593070249039532001,2021-07,0.7807763
4593070249039532001,2021-07,0.21456079
4593070249039532001,2021-07,0.29252306
4593070249039532001,2021-08,0.1997127
4593070249039532001,2021-08,0.1997127
4593070249039532001,2021-08,0.1997127
4593070249039532001,2021-09,0.2272255
4593070249039532001,2021-09,0.23246357
4593070249039532001,2021-10,0.21285115
4593070249039532001,2021-10,0.21285115
4593070249039532001,2021-10,0.20793527
4593070249039532001,2021-10,0.21285115
4593070249039532001,2021-11,0.20961596
4593070249039532001,2021-11,0.20961596
4593070249039532001,2021-11,0.21456079
4593070249039532001,2021-11,0.21456079
4604807967654337091,2021-10,0.039479155
4614484019183480654,2021-07,0.08636053
4614484019183480654,2021-07,0.21748148
4614484019183480654,2021-08,0.21775411
4614484019183480654,2021-08,0.21250682
4614484019183480654,2021-08,0.21686731
4614484019183480654,2021-09,0.19502507
4614484019183480654,2021-09,0.1997127
4614484019183480654,2021-11,0.2899983
4635578010631860111,2021-07,0.70755416
4635578010631860111,2021-07,0.36649507
4635578010631860111,2021-09,0.3604504
4635578010631860111,2021-10,0.3672731
4635578010631860111,2021-10,0.3672731
4635578010631860111,2021-10,0.3672731
4635578010631860111,2021-11,0.35111725
4641659186059167709,2021-07,0.17248054
4641659186059167709,2021-07,0.19006619
4641659186059167709,2021-07,0.20630918
4641659186059167709,2021-09,0.21895675
4641659186059167709,2021-10,0.90982765
4641659186059167709,2021-10,0.19710925
4641659186059167709,2021-11,0.20197141
4641659186059167709,2021-11,0.20197141
4660230701075746534,2021-08,0.786015
4660230701075746534,2021-08,0.80264306
4660230701075746534,2021-09,0.82134897
4660230701075746534,2021-09,0.8288123
4661684997487171886,2021-07,0.115477666
4661684997487171886,2021-07,0.30814067
4661684997487171886,2021-08,0.27046716
4661684997487171886,2021-08,0.27046716
4661684997487171886,2021-08,0.27046716
4661684997487171886,2021-08,0.26466805
4661684997487171886,2021-08,0.27046716
4661684997487171886,2021-08,0.27046716
4661684997487171886,2021-08,0.27046716
4661684997487171886,2021-09,0.27637562
4661684997487171886,2021-09,0.28843972
4661684997487171886,2021-09,0.28843972
4661684997487171886,2021-09,0.2704968
4661684997487171886,2021-09,0.28843972
4661684997487171886,2021-09,0.28843972
4661684997487171886,2021-10,0.28389117
4661684997487171886,2021-10,0.27791387
4661684997487171886,2021-10,0.28389117
4661684997487171886,2021-10,0.53609586
4661684997487171886,2021-10,0.29614905
4661684997487171886,2021-11,0.28843972
4661684997487171886,2021-11,0.27637562
4661684997487171886,2021-11,0.28843972
4661684997487171886,2021-11,0.28843972
4661684997487171886,2021-11,0.28843972
4661684997487171886,2021-11,0.2824044
4661684997487171886,2021-11,0.27637562
4661684997487171886,2021-11,0.27637562
4661684997487171886,2021-11,0.28843972
4661684997487171886,2021-11,0.27637562
4661684997487171886,2021-11,0.27637562
4662079815415471798,2021-08,0.23082545
4662079815415471798,2021-09,0.22546497
4675067298171588603,2021-07,0.2982183
4675067298171588603,2021-07,0.28725109
4675067298171588603,2021-07,0.26677743
4675067298171588603,2021-07,0.28725109
4675067298171588603,2021-07,0.28725109
4675067298171588603,2021-07,0.28725109
4675067298171588603,2021-07,0.28725109
4675067298171588603,2021-08,0.27193263
4675067298171588603,2021-08,0.27193263
4675067298171588603,2021-08,0.26611355
4675067298171588603,2021-08,0.28077337
4675067298171588603,2021-08,0.28678775
4675067298171588603,2021-09,0.2800557
4675067298171588603,2021-10,0.30116424
4675067298171588603,2021-10,0.28008866
4675067298171588603,2021-10,0.30116424
4675067298171588603,2021-10,0.28008866
4677213860368191144,2021-08,0.30188534
4677213860368191144,2021-08,0.30815822
4679462479444735708,2021-07,0.061414517
4679462479444735708,2021-07,0.19924456
4679462479444735708,2021-07,0.20424932
4679462479444735708,2021-07,0.20424932
4679462479444735708,2021-07,0.19948177
4679462479444735708,2021-07,0.19948177
4679462479444735708,2021-07,0.18222679
4679462479444735708,2021-07,0.18222679
4679462479444735708,2021-07,0.18222679
4679462479444735708,2021-07,0.18222679
4679462479444735708,2021-07,0.18222679
4679462479444735708,2021-07,0.18222679
4679462479444735708,2021-08,0.18868849
4679462479444735708,2021-08,0.18868849
4679462479444735708,2021-08,0.18397686
4679462479444735708,2021-08,0.18868849
4679462479444735708,2021-08,0.18420006
4679462479444735708,2021-08,0.18868849
4679462479444735708,2021-08,0.18868849
4679462479444735708,2021-08,0.18868849
4679462479444735708,2021-08,0.7844579
4679462479444735708,2021-08,0.18868849
4679462479444735708,2021-08,0.18868849
4679462479444735708,2021-08,0.18397686
4679462479444735708,2021-08,0.18868849
4679462479444735708,2021-09,0.19571228
4679462479444735708,2021-09,0.19109613
4679462479444735708,2021-09,0.19109613
4679462479444735708,2021-09,0.19571228
4679462479444735708,2021-09,0.19571228
4679462479444735708,2021-09,0.19571228
4679462479444735708,2021-09,0.19571228
4679462479444735708,2021-10,0.19571228
4679462479444735708,2021-10,0.19571228
4679462479444735708,2021-10,0.19571228
4679462479444735708,2021-10,0.19571228
4679462479444735708,2021-10,0.19571228
4679462479444735708,2021-10,0.9109137
4679462479444735708,2021-10,0.19571228
4679462479444735708,2021-11,0.19641884
4679462479444735708,2021-11,0.19641884
4679462479444735708,2021-11,0.19641884
4679462479444735708,2021-11,0.19641884
4679462479444735708,2021-11,0.19641884
4704892067681576893,2021-11,0.58431643
4714214581184951490,2021-07,0.07594522
4714214581184951490,2021-09,0.35748944
4714214581184951490,2021-09,0.35072145
4714214581184951490,2021-09,0.35072145
4714214581184951490,2021-09,0.35748944
4714214581184951490,2021-09,0.35748944
4714214581184951490,2021-09,0.35748944
4714214581184951490,2021-10,0.45657885
4717593620120611957,2021-08,0.059111636
4717593620120611957,2021-09,0.25407925
4717593620120611957,2021-09,0.25407925
4717593620120611957,2021-10,0.25407925
4717593620120611957,2021-10,0.25407925
4717717003637613480,2021-07,0.107556514
4717717003637613480,2021-07,0.49730515
4717717003637613480,2021-07,0.49730515
4717717003637613480,2021-08,0.4895177
4717717003637613480,2021-08,0.46401295
4717717003637613480,2021-08,0.46401295
4717717003637613480,2021-08,0.46401295
4717717003637613480,2021-08,0.46401295
4717717003637613480,2021-08,0.46401295
4717717003637613480,2021-08,0.46401295
4717717003637613480,2021-09,0.4678768
4717717003637613480,2021-09,0.47525078
4717717003637613480,2021-09,0.500796
4717717003637613480,2021-10,0.46401295
4717717003637613480,2021-10,0.46401295
4717717003637613480,2021-10,0.46401295
4717717003637613480,2021-11,0.47525078
4717717003637613480,2021-11,0.47525078
4717717003637613480,2021-11,0.47525078
4717717003637613480,2021-11,0.47525078
4723919748432185874,2021-07,0.047571912
4723919748432185874,2021-07,0.3312757
4723919748432185874,2021-07,0.28972003
4723919748432185874,2021-07,0.29615688
4723919748432185874,2021-07,0.28972003
4723919748432185874,2021-08,0.3520864
4723919748432185874,2021-08,0.3520864
4723919748432185874,2021-08,0.35886618
4723919748432185874,2021-08,0.35886618
4723919748432185874,2021-08,0.3517475
4723919748432185874,2021-08,0.35886618
4723919748432185874,2021-09,0.2900259
4723919748432185874,2021-09,0.28366858
4723919748432185874,2021-09,0.28366858
4723919748432185874,2021-09,0.29615688
4723919748432185874,2021-10,0.4595855
4723919748432185874,2021-10,0.47468626
4723919748432185874,2021-10,0.46694338
4723919748432185874,2021-11,0.3682884
4723919748432185874,2021-11,0.36108807
4723919748432185874,2021-11,0.36108807
4723919748432185874,2021-11,0.36108807
4724876423989598202,2021-07,0.05417747
4724876423989598202,2021-07,0.21721384
4724876423989598202,2021-07,0.18874186
4724876423989598202,2021-07,0.2049003
4724876423989598202,2021-07,0.2049003
4724876423989598202,2021-08,0.18874186
4724876423989598202,2021-08,0.18874186
4724876423989598202,2021-08,0.18874186
4724876423989598202,2021-08,0.18874186
4724876423989598202,2021-08,0.18874186
4724876423989598202,2021-08,0.2049003
4724876423989598202,2021-08,0.2049003
4724876423989598202,2021-09,0.20012134
4724876423989598202,2021-09,0.18425246
4724876423989598202,2021-09,0.18425246
4724876423989598202,2021-09,0.18874186
4724876423989598202,2021-09,0.18874186
4724876423989598202,2021-10,0.20990437
4724876423989598202,2021-10,0.18887205
4724876423989598202,2021-10,0.19344732
4724876423989598202,2021-10,0.20990437
4724876423989598202,2021-10,0.19344732
4724876423989598202,2021-10,0.91390026
4724876423989598202,2021-10,0.19344732
4724876423989598202,2021-10,0.19344732
4724876423989598202,2021-10,0.5188707
4724876423989598202,2021-10,0.19344732
4724876423989598202,2021-11,0.20990437
4724876423989598202,2021-11,0.19344732
4724876423989598202,2021-11,0.20043893
4724876423989598202,2021-11,0.2052235
4724876423989598202,2021-11,0.19344732
4724876423989598202,2021-11,0.20990437
4740535838297269949,2021-07,0.065156035
4740535838297269949,2021-07,0.35990328
4740535838297269949,2021-07,0.35990328
4740535838297269949,2021-07,0.35990328
4740535838297269949,2021-07,0.3531147
4740535838297269949,2021-07,0.325117
4740535838297269949,2021-07,0.325117
4740535838297269949,2021-07,0.325117
4740535838297269949,2021-08,0.33777282
4740535838297269949,2021-08,0.33777282
4740535838297269949,2021-09,0.325117
4740535838297269949,2021-09,0.325117
4740535838297269949,2021-09,0.95409256
4740535838297269949,2021-09,0.325117
4740535838297269949,2021-09,0.325117
4740535838297269949,2021-09,0.325117
4740535838297269949,2021-10,0.3409216
4740535838297269949,2021-10,0.33430406
4740535838297269949,2021-10,0.3409216
4740535838297269949,2021-10,0.3409216
4740535838297269949,2021-11,0.6801448
4740535838297269949,2021-11,0.33777282
4740535838297269949,2021-11,0.33777282
4740535838297269949,2021-11,0.33777282
4762256864594914240,2021-07,0.041820977
4762256864594914240,2021-08,0.39261073
4762256864594914240,2021-08,0.37403753
4762256864594914240,2021-08,0.38099143
4762256864594914240,2021-09,0.37212077
4762256864594914240,2021-09,0.37212077
4762256864594914240,2021-09,0.3790606
4762256864594914240,2021-09,0.3790606
4762256864594914240,2021-09,0.3790606
4762256864594914240,2021-10,0.85312957
4762256864594914240,2021-10,0.39983162
4762256864594914240,2021-10,0.39983162
4762256864594914240,2021-11,0.3790606
4762256864594914240,2021-11,0.36649507
4762256864594914240,2021-11,0.36649507
4769364850030443969,2021-07,0.26837152
4769364850030443969,2021-07,0.2959559
4769364850030443969,2021-07,0.28982738
4769364850030443969,2021-07,0.2652161
4769364850030443969,2021-08,0.2652161
4769364850030443969,2021-08,0.8345194
4769364850030443969,2021-08,0.2652161
4769364850030443969,2021-09,0.2652161
4769364850030443969,2021-10,0.2798454
4769364850030443969,2021-10,0.829362
4769364850030443969,2021-11,0.2652161
4769364850030443969,2021-11,0.2652161
4781265535199914934,2021-09,0.46241584
4781265535199914934,2021-09,0.87541
4781265535199914934,2021-09,0.908559
4785077903451149834,2021-10,0.7309918
4785355632922927313,2021-07,0.78679454
4785355632922927313,2021-07,0.48135486
4785355632922927313,2021-07,0.40731585
4785355632922927313,2021-07,0.40731585
4785355632922927313,2021-07,0.40731585
4785355632922927313,2021-08,0.40731585
4785355632922927313,2021-08,0.40731585
4785355632922927313,2021-08,0.40731585
4785355632922927313,2021-09,0.4347761
4785355632922927313,2021-09,0.4347761
4785355632922927313,2021-10,0.40731585
4785355632922927313,2021-10,0.40731585
4785355632922927313,2021-10,0.40731585
4785355632922927313,2021-10,0.9413404
4785355632922927313,2021-10,0.6785495
4785355632922927313,2021-11,0.4182918
4785355632922927313,2021-11,0.4182918
4785355632922927313,2021-11,0.4182918
4795152981525833467,2021-07,0.07460139
4795152981525833467,2021-07,0.5104408
4795152981525833467,2021-07,0.5104408
4795152981525833467,2021-07,0.2652161
4795152981525833467,2021-07,0.2652161
4795152981525833467,2021-07,0.5104408
4795152981525833467,2021-07,0.2652161
4795152981525833467,2021-08,0.2594895
4795152981525833467,2021-08,0.2652161
4795152981525833467,2021-08,0.8433874
4795152981525833467,2021-08,0.2652161
4795152981525833467,2021-08,0.2652161
4795152981525833467,2021-08,0.2652161
4795152981525833467,2021-09,0.2652161
4795152981525833467,2021-09,0.2798454
4795152981525833467,2021-09,0.2798454
4795152981525833467,2021-09,0.2652161
4795152981525833467,2021-09,0.2652161
4795152981525833467,2021-10,0.2652161
4795152981525833467,2021-10,0.5104408
4795152981525833467,2021-10,0.5104408
4795152981525833467,2021-10,0.2652161
4795152981525833467,2021-10,0.2652161
4795152981525833467,2021-10,0.5104408
4795152981525833467,2021-11,0.2652161
4795152981525833467,2021-11,0.2652161
4795152981525833467,2021-11,0.2594895
4795152981525833467,2021-11,0.2652161
4817816966382229074,2021-07,0.023092754
4817816966382229074,2021-07,0.1655288
4817816966382229074,2021-07,0.1655288
4817816966382229074,2021-07,0.1655288
4817816966382229074,2021-07,0.1655288
4817816966382229074,2021-07,0.16986632
4817816966382229074,2021-08,0.17982347
4817816966382229074,2021-09,0.1655288
4817816966382229074,2021-09,0.1655288
4817816966382229074,2021-09,0.1655288
4817816966382229074,2021-09,0.16148163
4817816966382229074,2021-10,0.18525428
4817816966382229074,2021-11,0.17520295
4820852183212661131,2021-07,0.40136957
4820852183212661131,2021-07,0.43555012
4820852183212661131,2021-07,0.8951358
4820852183212661131,2021-07,0.4174388
4820852183212661131,2021-08,0.46248925
4820852183212661131,2021-08,0.41642952
4820852183212661131,2021-08,0.41642952
4820852183212661131,2021-09,0.41642952
4820852183212661131,2021-09,0.40925646
4820852183212661131,2021-09,0.89851934
4820852183212661131,2021-11,0.40550777
4820852183212661131,2021-11,0.4049308
4820852183212661131,2021-11,0.89079344
4831939798545673038,2021-07,0.023636531
4831939798545673038,2021-07,0.17952038
4831939798545673038,2021-08,0.1736004
4831939798545673038,2021-08,0.1736004
4831939798545673038,2021-10,0.17123057
4831988987853936627,2021-07,0.024717733
4831988987853936627,2021-08,0.20243263
4831988987853936627,2021-11,0.19210465
4831988987853936627,2021-11,0.91118294
4850722092974676955,2021-07,0.09716579
4850722092974676955,2021-07,0.35353246
4850722092974676955,2021-07,0.39161095
4850722092974676955,2021-08,0.36973614
4850722092974676955,2021-08,0.60708636
4850722092974676955,2021-08,0.36973614
4850722092974676955,2021-09,0.36108014
4850722092974676955,2021-09,0.36793476
4850722092974676955,2021-09,0.36793476
4850722092974676955,2021-09,0.39157146
4850722092974676955,2021-10,0.32819515
4850722092974676955,2021-10,0.31435326
4850722092974676955,2021-10,0.31435326
4850936440093751199,2021-07,0.07772215
4850936440093751199,2021-07,0.42479673
4850936440093751199,2021-07,0.42479673
4850936440093751199,2021-08,0.42479673
4850936440093751199,2021-08,0.42479673
4850936440093751199,2021-08,0.42479673
4850936440093751199,2021-08,0.42479673
4850936440093751199,2021-08,0.42479673
4850936440093751199,2021-09,0.40731585
4850936440093751199,2021-09,0.40731585
4850936440093751199,2021-09,0.40731585
4850936440093751199,2021-09,0.40731585
4850936440093751199,2021-09,0.40731585
4850936440093751199,2021-09,0.40731585
4850936440093751199,2021-10,0.41825202
4850936440093751199,2021-10,0.41106966
4850936440093751199,2021-10,0.41825202
4850936440093751199,2021-10,0.8940198
4850936440093751199,2021-10,0.41825202
4850936440093751199,2021-10,0.41825202
4850936440093751199,2021-10,0.41825202
4850936440093751199,2021-10,0.41825202
4850936440093751199,2021-10,0.41825202
4850936440093751199,2021-10,0.41825202
4850936440093751199,2021-11,0.41825202
4850936440093751199,2021-11,0.41106966
4853303856126909724,2021-07,0.9499665
4853303856126909724,2021-07,0.8168081
4858887739802767402,2021-07,0.050531026
4858887739802767402,2021-07,0.35148528
4858887739802767402,2021-07,0.35148528
4858887739802767402,2021-07,0.35148528
4858887739802767402,2021-08,0.35203114
4858887739802767402,2021-09,0.82641643
4858887739802767402,2021-10,0.34178132
4858887739802767402,2021-10,0.34178132
4858887739802767402,2021-11,0.3268694
4862285428951244424,2021-07,0.043033022
4862285428951244424,2021-07,0.2818933
4862285428951244424,2021-07,0.2818933
4862285428951244424,2021-07,0.26999915
4862285428951244424,2021-08,0.27900878
4862285428951244424,2021-08,0.27900878
4862285428951244424,2021-08,0.27900878
4862285428951244424,2021-08,0.27900878
4862285428951244424,2021-08,0.27900878
4862285428951244424,2021-09,0.27900878
4862285428951244424,2021-09,0.27900878
4862285428951244424,2021-09,0.27900878
4862285428951244424,2021-09,0.27900878
4862285428951244424,2021-09,0.29114154
4862285428951244424,2021-10,0.26999915
4862285428951244424,2021-10,0.2818933
4862285428951244424,2021-10,0.26999915
4862285428951244424,2021-10,0.26999915
4862285428951244424,2021-10,0.26999915
4862285428951244424,2021-10,0.2818933
4862285428951244424,2021-11,0.27900878
4863405965754103821,2021-07,0.17250413
4863405965754103821,2021-07,0.50602865
4863405965754103821,2021-07,0.50602865
4863405965754103821,2021-07,0.44547734
4863405965754103821,2021-07,0.2839777
4863405965754103821,2021-07,0.2839777
4863405965754103821,2021-07,0.44547734
4863405965754103821,2021-07,0.44547734
4863405965754103821,2021-07,0.44547734
4863405965754103821,2021-07,0.44547734
4863405965754103821,2021-07,0.2839777
4863405965754103821,2021-07,0.44547734
4863405965754103821,2021-08,0.22182667
4863405965754103821,2021-08,0.22182667
4863405965754103821,2021-08,0.22216608
4863405965754103821,2021-08,0.22216608
4863405965754103821,2021-08,0.21763839
4863405965754103821,2021-08,0.22182667
4863405965754103821,2021-08,0.21763839
4863405965754103821,2021-08,0.22182667
4863405965754103821,2021-08,0.21763839
4863405965754103821,2021-08,0.21763839
4863405965754103821,2021-08,0.22182667
4863405965754103821,2021-09,0.21763839
4863405965754103821,2021-09,0.2578461
4863405965754103821,2021-09,0.2578461
4863405965754103821,2021-09,0.2578461
4863405965754103821,2021-09,0.2578461
4863405965754103821,2021-10,0.29485923
4863405965754103821,2021-10,0.34307718
4863405965754103821,2021-10,0.30104905
4874157215501489741,2021-07,0.07567972
4874157215501489741,2021-07,0.9082994
4874157215501489741,2021-07,0.476814
4874157215501489741,2021-08,0.48811036
4874157215501489741,2021-08,0.48811036
4874157215501489741,2021-08,0.48811036
4874157215501489741,2021-08,0.48071966
4874157215501489741,2021-09,0.47352365
4874157215501489741,2021-09,0.48838532
4874157215501489741,2021-09,0.47352365
4874157215501489741,2021-09,0.47352365
4874157215501489741,2021-10,0.4828607
4874157215501489741,2021-10,0.4902532
4874157215501489741,2021-10,0.4902532
4874157215501489741,2021-10,0.53019345
4874157215501489741,2021-10,0.50513613
4874157215501489741,2021-10,0.4902532
4874157215501489741,2021-10,0.4902532
4874157215501489741,2021-10,0.4902532
4874157215501489741,2021-11,0.4902532
4874157215501489741,2021-11,0.4902532
4898797487317475277,2021-09,0.42767185
4898797487317475277,2021-09,0.42767185
4898797487317475277,2021-09,0.42767185
4898797487317475277,2021-10,0.42414656
4898797487317475277,2021-11,0.6092355
4900073965147412482,2021-07,0.05965101
4900073965147412482,2021-10,0.20312741
4919908458022265747,2021-07,0.066319875
4919908458022265747,2021-07,0.236996
4919908458022265747,2021-07,0.20314056
4919908458022265747,2021-08,0.21662784
4919908458022265747,2021-09,0.20314056
4919908458022265747,2021-09,0.19839242
4919908458022265747,2021-09,0.20314056
4919908458022265747,2021-10,0.20314056
4919908458022265747,2021-10,0.20314056
4919908458022265747,2021-10,0.83982027
4919908458022265747,2021-11,0.20314056
4935929591787890253,2021-07,0.0446318
4935929591787890253,2021-07,0.18102697
4935929591787890253,2021-08,0.17685665
4935929591787890253,2021-08,0.17685665
4935929591787890253,2021-08,0.18142647
4935929591787890253,2021-08,0.17685665
4935929591787890253,2021-09,0.18133204
4935929591787890253,2021-09,0.18133204
4935929591787890253,2021-09,0.18133204
4935929591787890253,2021-10,0.1750679
4935929591787890253,2021-10,0.79324645
4935929591787890253,2021-10,0.1750679
4935929591787890253,2021-10,0.1750679
4935929591787890253,2021-11,0.1725898
4935929591787890253,2021-11,0.17685665
4937566934664053767,2021-09,0.70046747
4950871361132426979,2021-07,0.07142853
4950871361132426979,2021-08,0.2876414
4950871361132426979,2021-09,0.32795647
4956614249204803652,2021-07,0.4730427
4956614249204803652,2021-07,0.82792753
4956614249204803652,2021-07,0.2904079
4956614249204803652,2021-08,0.24476479
4956614249204803652,2021-08,0.22121747
4956614249204803652,2021-08,0.91104084
4956614249204803652,2021-08,0.22635762
4956614249204803652,2021-08,0.22635762
4956614249204803652,2021-08,0.22635762
4956614249204803652,2021-09,0.30464774
4956614249204803652,2021-09,0.30464774
4956614249204803652,2021-09,0.30464774
4956614249204803652,2021-09,0.30464774
4956614249204803652,2021-10,0.21428159
4956614249204803652,2021-11,0.7971481
4972567100282306577,2021-07,0.14402722
4972567100282306577,2021-07,0.23213817
4972567100282306577,2021-07,0.23213817
4972567100282306577,2021-07,0.23213817
4972567100282306577,2021-08,0.21930598
4972567100282306577,2021-09,0.21428159
4972567100282306577,2021-09,0.21428159
4972567100282306577,2021-09,0.21930598
4972567100282306577,2021-09,0.21930598
4972567100282306577,2021-09,0.21930598
4972567100282306577,2021-09,0.21930598
4972567100282306577,2021-10,0.21428159
4972567100282306577,2021-10,0.21930598
4972567100282306577,2021-10,0.21930598
4972567100282306577,2021-10,0.21930598
4972567100282306577,2021-10,0.21930598
4972567100282306577,2021-10,0.21930598
4972567100282306577,2021-10,0.21930598
4972567100282306577,2021-10,0.21930598
4972567100282306577,2021-11,0.21428159
4972567100282306577,2021-11,0.21930598
4980232475645447238,2021-07,0.025723362
4980232475645447238,2021-07,0.19288553
4980232475645447238,2021-08,0.17777759
4980232475645447238,2021-08,0.17328021
4980232475645447238,2021-09,0.17777759
4980232475645447238,2021-09,0.17777759
4980232475645447238,2021-10,0.17328021
4980232475645447238,2021-11,0.17328021
4980232475645447238,2021-11,0.17328021
4980232475645447238,2021-11,0.17328021
4982042089827666585,2021-09,0.49886835
4986060939759481610,2021-09,0.23637542
4993499380140734678,2021-07,0.12652884
4993499380140734678,2021-09,0.3636777
4993499380140734678,2021-09,0.3636777
4993499380140734678,2021-09,0.35685763
4993499380140734678,2021-09,0.35685763
4993499380140734678,2021-09,0.37756422
4993499380140734678,2021-10,0.92763686
4993499380140734678,2021-10,0.35748944
4993499380140734678,2021-11,0.35748944
4995217181024687397,2021-07,0.026291892
4995217181024687397,2021-07,0.19069709
4995217181024687397,2021-07,0.19069709
4995217181024687397,2021-07,0.19069709
4995217181024687397,2021-07,0.19069709
4995217181024687397,2021-08,0.16716154
4995217181024687397,2021-08,0.16287953
4995217181024687397,2021-08,0.16287953
4995217181024687397,2021-08,0.16858763
4995217181024687397,2021-08,0.16287953
4995217181024687397,2021-08,0.16287953
4995217181024687397,2021-09,0.16287953
4995217181024687397,2021-09,0.16287953
4995217181024687397,2021-09,0.16287953
4995217181024687397,2021-09,0.15888481
4995217181024687397,2021-09,0.16287953
4995217181024687397,2021-09,0.16287953
4995217181024687397,2021-09,0.16287953
4995217181024687397,2021-09,0.16287953
4995217181024687397,2021-10,0.19637768
4995217181024687397,2021-10,0.19637768
4995217181024687397,2021-10,0.20132853
4995217181024687397,2021-10,0.19637768
4995217181024687397,2021-10,0.19637768
4995217181024687397,2021-11,0.16287953
4995217181024687397,2021-11,0.15888481
4995217181024687397,2021-11,0.16287953
4995679129936981612,2021-07,0.5887434
4995679129936981612,2021-07,0.4396029
4995679129936981612,2021-07,0.4396029
4995679129936981612,2021-07,0.4396029
4995679129936981612,2021-08,0.45696297
4995679129936981612,2021-09,0.44771352
4995679129936981612,2021-09,0.43304196
4995679129936981612,2021-09,0.43304196
4995679129936981612,2021-09,0.44771352
4995679129936981612,2021-09,0.44771352
4995679129936981612,2021-10,0.4543186
4995679129936981612,2021-10,0.4543186
4995679129936981612,2021-11,0.4038523
4995679129936981612,2021-11,0.39666402
4997308257850209705,2021-10,0.026532648
5029701292539093910,2021-07,0.13242148
5029701292539093910,2021-08,0.27637562
5029701292539093910,2021-08,0.27637562
5029701292539093910,2021-08,0.27637562
5029701292539093910,2021-08,0.27637562
5029701292539093910,2021-09,0.26466805
5029701292539093910,2021-10,0.29559487
5029701292539093910,2021-10,0.29559487
5029701292539093910,2021-10,0.29559487
5029701292539093910,2021-11,0.27637562
5029701292539093910,2021-11,0.27637562
5029701292539093910,2021-11,0.2704968
5042877476420217533,2021-07,0.041149408
5042877476420217533,2021-07,0.36649507
5042877476420217533,2021-07,0.3593616
5042877476420217533,2021-08,0.3593616
5042877476420217533,2021-08,0.35965198
5042877476420217533,2021-08,0.3593616
5042877476420217533,2021-08,0.3593616
5042877476420217533,2021-09,0.35965198
5042877476420217533,2021-09,0.3593616
5042877476420217533,2021-09,0.36649507
5042877476420217533,2021-09,0.3593616
5042877476420217533,2021-10,0.3593616
5042877476420217533,2021-10,0.3593616
5042877476420217533,2021-10,0.3593616
5042877476420217533,2021-10,0.36649507
5042877476420217533,2021-10,0.3593616
5042877476420217533,2021-10,0.3593616
5042877476420217533,2021-11,0.3593616
5042877476420217533,2021-11,0.36649507
5042877476420217533,2021-11,0.3593616
5044097686733078536,2021-10,0.6771985
5048392903148444335,2021-07,0.5831764
5048392903148444335,2021-07,0.3639695
5048392903148444335,2021-07,0.3639695
5048392903148444335,2021-08,0.34314984
5048392903148444335,2021-08,0.36218846
5048392903148444335,2021-08,0.36939806
5048392903148444335,2021-08,0.36939806
5048392903148444335,2021-09,0.36939806
5048392903148444335,2021-09,0.36939806
5048392903148444335,2021-10,0.36218846
5048392903148444335,2021-10,0.36939806
5048392903148444335,2021-11,0.37893334
5048392903148444335,2021-11,0.37893334
5048392903148444335,2021-11,0.3716474
5055200744384119654,2021-07,0.07644772
5055200744384119654,2021-09,0.47745928
5055200744384119654,2021-10,0.48505896
5057726374207815794,2021-09,0.21278116
5057726374207815794,2021-10,0.19783594
5057726374207815794,2021-11,0.17880331
5058298901476893676,2021-07,0.045583226
5058298901476893676,2021-07,0.2686838
5058298901476893676,2021-07,0.22960788
5058298901476893676,2021-07,0.2686838
5058298901476893676,2021-08,0.26075795
5058298901476893676,2021-09,0.21740715
5058298901476893676,2021-10,0.5796395
5058298901476893676,2021-11,0.20342241
5058298901476893676,2021-11,0.20342241
5067621068959932809,2021-07,0.7507177
5067621068959932809,2021-07,0.4825483
5067621068959932809,2021-07,0.4825483
5067621068959932809,2021-07,0.47516367
5067621068959932809,2021-07,0.40134004
5067621068959932809,2021-07,0.40134004
5067621068959932809,2021-07,0.40134004
5067621068959932809,2021-07,0.40134004
5067621068959932809,2021-08,0.41874564
5067621068959932809,2021-08,0.43330303
5067621068959932809,2021-08,0.43330303
5067621068959932809,2021-08,0.4260515
5067621068959932809,2021-08,0.41156077
5067621068959932809,2021-08,0.41874564
5067621068959932809,2021-08,0.41874564
5067621068959932809,2021-08,0.41874564
5067621068959932809,2021-08,0.43330303
5067621068959932809,2021-08,0.43330303
5067621068959932809,2021-09,0.45061436
5067621068959932809,2021-09,0.45061436
5067621068959932809,2021-09,0.45061436
5067621068959932809,2021-09,0.4432998
5067621068959932809,2021-09,0.42866057
5067621068959932809,2021-09,0.4432998
5067621068959932809,2021-09,0.45061436
5067621068959932809,2021-09,0.45061436
5067621068959932809,2021-10,0.4122274
5067621068959932809,2021-10,0.4267245
5067621068959932809,2021-10,0.4267245
5067621068959932809,2021-10,0.4267245
5067621068959932809,2021-10,0.4122274
5067621068959932809,2021-10,0.4267245
5067621068959932809,2021-10,0.4267245
5067621068959932809,2021-11,0.4367148
5067621068959932809,2021-11,0.4367148
5067621068959932809,2021-11,0.4367148
5078284853636449041,2021-08,0.27871937
5078307295214858596,2021-07,0.31056425
5078307295214858596,2021-07,0.37821063
5078307295214858596,2021-07,0.37821063
5078307295214858596,2021-07,0.38519436
5078307295214858596,2021-08,0.37889636
5078307295214858596,2021-09,0.58491504
5078307295214858596,2021-10,0.58491504
5078307295214858596,2021-10,0.58491504
5078307295214858596,2021-10,0.58491504
5078307295214858596,2021-10,0.58491504
5078307295214858596,2021-10,0.58491504
5078307295214858596,2021-10,0.8027836
5078307295214858596,2021-10,0.58491504
5082455700818638342,2021-11,0.4135215
5082813456193598086,2021-07,0.076772235
5082813456193598086,2021-07,0.88944006
5082813456193598086,2021-08,0.40169266
5082813456193598086,2021-08,0.40169266
5082813456193598086,2021-08,0.42649758
5082813456193598086,2021-09,0.4115176
5082813456193598086,2021-09,0.40437046
5082813456193598086,2021-09,0.4115176
5082813456193598086,2021-09,0.4115176
5082813456193598086,2021-10,0.41023245
5082813456193598086,2021-10,0.3857372
5082813456193598086,2021-10,0.41023245
5082813456193598086,2021-10,0.3857372
5082813456193598086,2021-10,0.3857372
5082813456193598086,2021-11,0.4115176
5082813456193598086,2021-11,0.43648663
5091704914816802802,2021-08,0.6115113
5108407319813072955,2021-07,0.13575637
5108407319813072955,2021-07,0.58624643
5108407319813072955,2021-08,0.5926087
5108407319813072955,2021-08,0.3153716
5108407319813072955,2021-08,0.3153716
5108407319813072955,2021-09,0.4130135
5108407319813072955,2021-09,0.37616158
5108407319813072955,2021-09,0.37616158
5108407319813072955,2021-10,0.30108488
5108407319813072955,2021-10,0.30108488
5108407319813072955,2021-10,0.30108488
5108407319813072955,2021-10,0.30108488
5108407319813072955,2021-10,0.30108488
5108407319813072955,2021-11,0.30567715
5108407319813072955,2021-11,0.29943293
5108407319813072955,2021-11,0.30567715
5122095358293179297,2021-07,0.04955142
5122095358293179297,2021-07,0.20314056
5122095358293179297,2021-07,0.83982027
5122095358293179297,2021-08,0.2032782
5122095358293179297,2021-08,0.24336424
5122095358293179297,2021-08,0.2081129
5122095358293179297,2021-08,0.2081129
5122095358293179297,2021-08,0.51958275
5122095358293179297,2021-08,0.51958275
5122095358293179297,2021-08,0.8250442
5122095358293179297,2021-10,0.19839242
5122095358293179297,2021-10,0.20314056
5122095358293179297,2021-10,0.20314056
5122095358293179297,2021-11,0.21662784
5122095358293179297,2021-11,0.21662784
5122095358293179297,2021-11,0.855095
5122095358293179297,2021-11,0.21662784
5136739522477907100,2021-07,0.09611897
5136739522477907100,2021-07,0.40439865
5136739522477907100,2021-08,0.34779724
5136739522477907100,2021-08,0.34779724
5136739522477907100,2021-08,0.34779724
5136739522477907100,2021-09,0.5520006
5136739522477907100,2021-09,0.32855216
5136739522477907100,2021-09,0.5593068
5136739522477907100,2021-11,0.33861828
5136739522477907100,2021-11,0.36188415
5162621729453966204,2021-09,0.1295737
5162621729453966204,2021-10,0.4679359
5162621729453966204,2021-10,0.4679359
5162636608292907782,2021-07,0.3192554
5162636608292907782,2021-07,0.52858496
5162636608292907782,2021-08,0.19710925
5162636608292907782,2021-08,0.22840528
5162636608292907782,2021-08,0.51898855
5162636608292907782,2021-08,0.9442524
5162636608292907782,2021-08,0.18874186
5162636608292907782,2021-08,0.5055611
5162636608292907782,2021-09,0.5057736
5162636608292907782,2021-09,0.5057736
5162636608292907782,2021-09,0.5131688
5162636608292907782,2021-09,0.5131688
5162636608292907782,2021-09,0.5131688
5162636608292907782,2021-09,0.19344732
5162636608292907782,2021-09,0.9109362
5162636608292907782,2021-10,0.18425246
5162636608292907782,2021-10,0.5055611
5162636608292907782,2021-10,0.5055611
5162636608292907782,2021-10,0.5020467
5166128847048245697,2021-07,0.04479102
5166128847048245697,2021-07,0.18666726
5166128847048245697,2021-07,0.17779623
5166128847048245697,2021-08,0.17351149
5166128847048245697,2021-08,0.17779623
5166128847048245697,2021-09,0.18221612
5166128847048245697,2021-09,0.18666726
5166128847048245697,2021-09,0.17779623
5166128847048245697,2021-10,0.17904943
5166128847048245697,2021-10,0.17904943
5166128847048245697,2021-10,0.17904943
5166128847048245697,2021-10,0.17904943
5166128847048245697,2021-11,0.17904943
5166128847048245697,2021-11,0.17904943
5166128847048245697,2021-11,0.17904943
5176940320835464459,2021-07,0.030644583
5176940320835464459,2021-07,0.24273036
5176940320835464459,2021-07,0.24273036
5176940320835464459,2021-07,0.24273036
5176940320835464459,2021-07,0.24273036
5176940320835464459,2021-07,0.21138203
5176940320835464459,2021-07,0.21138203
5176940320835464459,2021-07,0.21138203
5176940320835464459,2021-07,0.21138203
5176940320835464459,2021-07,0.21138203
5176940320835464459,2021-07,0.21138203
5176940320835464459,2021-07,0.21138203
5176940320835464459,2021-07,0.21138203
5176940320835464459,2021-07,0.21138203
5176940320835464459,2021-07,0.21138203
5176940320835464459,2021-07,0.21138203
5176940320835464459,2021-08,0.1655288
5176940320835464459,2021-08,0.1655288
5176940320835464459,2021-08,0.1655288
5176940320835464459,2021-08,0.1655288
5176940320835464459,2021-08,0.16148163
5176940320835464459,2021-08,0.17131075
5176940320835464459,2021-08,0.1655288
5176940320835464459,2021-08,0.16986632
5176940320835464459,2021-08,0.1655288
5176940320835464459,2021-08,0.1655288
5176940320835464459,2021-08,0.1655288
5176940320835464459,2021-08,0.1655288
5176940320835464459,2021-08,0.1655288
5176940320835464459,2021-09,0.1655288
5176940320835464459,2021-09,0.1655288
5176940320835464459,2021-09,0.1655288
5176940320835464459,2021-09,0.1655288
5176940320835464459,2021-09,0.1655288
5176940320835464459,2021-09,0.42370877
5176940320835464459,2021-09,0.16148163
5176940320835464459,2021-09,0.16148163
5176940320835464459,2021-09,0.16148163
5176940320835464459,2021-09,0.1655288
5176940320835464459,2021-09,0.1655288
5176940320835464459,2021-09,0.16986632
5176940320835464459,2021-09,0.1655288
5176940320835464459,2021-09,0.1655288
5176940320835464459,2021-09,0.1655288
5176940320835464459,2021-09,0.16986632
5176940320835464459,2021-09,0.1655288
5176940320835464459,2021-09,0.1655288
5176940320835464459,2021-09,0.1655288
5176940320835464459,2021-09,0.1655288
5176940320835464459,2021-10,0.16986632
5176940320835464459,2021-10,0.1655288
5176940320835464459,2021-10,0.16986632
5176940320835464459,2021-10,0.1655288
5176940320835464459,2021-10,0.1655288
5176940320835464459,2021-10,0.1655288
5176940320835464459,2021-10,0.16148163
5176940320835464459,2021-10,0.37244543
5176940320835464459,2021-10,0.3793877
5176940320835464459,2021-10,0.1655288
5176940320835464459,2021-10,0.1655288
5176940320835464459,2021-10,0.16986632
5176940320835464459,2021-10,0.1655288
5176940320835464459,2021-10,0.1655288
5176940320835464459,2021-10,0.1655288
5176940320835464459,2021-10,0.1655288
5176940320835464459,2021-10,0.16986632
5176940320835464459,2021-10,0.1655288
5176940320835464459,2021-10,0.1655288
5176940320835464459,2021-10,0.1655288
5176940320835464459,2021-10,0.1655288
5176940320835464459,2021-10,0.3793877
5176940320835464459,2021-11,0.1655288
5176940320835464459,2021-11,0.1655288
5176940320835464459,2021-11,0.1655288
5176940320835464459,2021-11,0.1655288
5176940320835464459,2021-11,0.1655288
5176940320835464459,2021-11,0.1655288
5176940320835464459,2021-11,0.1655288
5176940320835464459,2021-11,0.1655288
5176940320835464459,2021-11,0.16148163
5176940320835464459,2021-11,0.16573417
5176940320835464459,2021-11,0.37244543
5176940320835464459,2021-11,0.1655288
5176940320835464459,2021-11,0.16986632
5176940320835464459,2021-11,0.1655288
5176940320835464459,2021-11,0.1655288
5176940320835464459,2021-11,0.1655288
5198904647759787695,2021-07,0.05463001
5198904647759787695,2021-09,0.27046716
5198904647759787695,2021-09,0.27046716
5198904647759787695,2021-09,0.27046716
5198904647759787695,2021-10,0.27046716
5200455618694210402,2021-07,0.075228855
5200455618694210402,2021-08,0.29081607
5200455618694210402,2021-10,0.32747456
5220206408301580591,2021-08,0.066829585
5225029212547588718,2021-07,0.08878736
5225029212547588718,2021-07,0.27829075
5225029212547588718,2021-07,0.47278792
5225029212547588718,2021-08,0.20314056
5225029212547588718,2021-08,0.20314056
5225029212547588718,2021-08,0.2129486
5225029212547588718,2021-09,0.2081129
5225029212547588718,2021-09,0.21809533
5225029212547588718,2021-09,0.2081129
5225029212547588718,2021-09,0.2081129
5225029212547588718,2021-09,0.21809533
5225029212547588718,2021-09,0.83502734
5225029212547588718,2021-10,0.20981213
5225029212547588718,2021-10,0.20981213
5225029212547588718,2021-10,0.20981213
5225029212547588718,2021-10,0.20981213
5225029212547588718,2021-11,0.20314056
5225029212547588718,2021-11,0.20314056
5225029212547588718,2021-11,0.20314056
5225029212547588718,2021-11,0.20314056
5255460548789019114,2021-08,0.0727791
5255460548789019114,2021-09,0.23730835
5255460548789019114,2021-09,0.24270587
5255460548789019114,2021-11,0.25026876
5263285038415073073,2021-07,0.61931306
5263285038415073073,2021-07,0.39666402
5263285038415073073,2021-07,0.39666402
5263285038415073073,2021-07,0.4109966
5263285038415073073,2021-09,0.44771352
5263285038415073073,2021-09,0.43304196
5263285038415073073,2021-09,0.43304196
5263285038415073073,2021-09,0.44771352
5263285038415073073,2021-09,0.44771352
5263285038415073073,2021-10,0.47588333
5263285038415073073,2021-10,0.47588333
5271591321704178730,2021-09,0.082923755
5271591321704178730,2021-09,0.90845233
5271591321704178730,2021-09,0.18874186
5271591321704178730,2021-10,0.19344732
5271591321704178730,2021-11,0.201168
5271966906483787417,2021-09,0.0510196
5271966906483787417,2021-10,0.24542688
5274777191770957761,2021-07,0.8409314
5274777191770957761,2021-07,0.8753123
5274777191770957761,2021-07,0.9051556
5274777191770957761,2021-08,0.7826631
5274777191770957761,2021-08,0.7826631
5274777191770957761,2021-09,0.9324961
5274777191770957761,2021-09,0.87121165
5274777191770957761,2021-09,0.78341025
5274777191770957761,2021-09,0.88944006
5274777191770957761,2021-09,0.78341025
5274777191770957761,2021-09,0.56643087
5274777191770957761,2021-09,0.52772224
5274777191770957761,2021-09,0.8744956
5274777191770957761,2021-09,0.52772224
5274777191770957761,2021-10,0.8660639
5287265869592025756,2021-11,0.044254046
5288503299611498087,2021-11,0.22027858
5301988619224057921,2021-07,0.94073266
5301988619224057921,2021-07,0.54777914
5301988619224057921,2021-07,0.5963642
5301988619224057921,2021-07,0.5729662
5301988619224057921,2021-07,0.54777914
5301988619224057921,2021-07,0.5729662
5301988619224057921,2021-07,0.49172246
5301988619224057921,2021-07,0.49172246
5301988619224057921,2021-07,0.9488115
5301988619224057921,2021-07,0.46620777
5301988619224057921,2021-07,0.9488115
5301988619224057921,2021-08,0.94665533
5301988619224057921,2021-08,0.588303
5301988619224057921,2021-09,0.4850569
5301988619224057921,2021-09,0.4850569
5301988619224057921,2021-09,0.4850569
5301988619224057921,2021-09,0.4850569
5301988619224057921,2021-09,0.92605305
5301988619224057921,2021-09,0.9036042
5301988619224057921,2021-09,0.4850569
5301988619224057921,2021-09,0.4850569
5301988619224057921,2021-09,0.4595754
5301988619224057921,2021-09,0.4850569
5301988619224057921,2021-09,0.4850569
5301988619224057921,2021-09,0.4850569
5301988619224057921,2021-09,0.4850569
5301988619224057921,2021-09,0.4850569
5301988619224057921,2021-10,0.5295798
5301988619224057921,2021-10,0.5295798
5301988619224057921,2021-10,0.5295798
5301988619224057921,2021-10,0.5295798
5301988619224057921,2021-10,0.93738556
5301988619224057921,2021-10,0.536945
5301988619224057921,2021-10,0.51855326
5301988619224057921,2021-11,0.49636334
5301988619224057921,2021-11,0.48896697
5301988619224057921,2021-11,0.47083092
5303720405946805990,2021-07,0.040615804
5303720405946805990,2021-07,0.28972003
5303720405946805990,2021-08,0.29615688
5303720405946805990,2021-08,0.29615688
5303720405946805990,2021-08,0.28972003
5303720405946805990,2021-08,0.28972003
5303720405946805990,2021-08,0.29615688
5303720405946805990,2021-08,0.28972003
5303720405946805990,2021-09,0.34022808
5303720405946805990,2021-10,0.34502983
5303720405946805990,2021-10,0.3517475
5303720405946805990,2021-11,0.3517475
5303720405946805990,2021-11,0.3517475
5303720405946805990,2021-11,0.3517475
5304536516981778801,2021-07,0.109013535
5304536516981778801,2021-07,0.46713975
5304536516981778801,2021-07,0.45235297
5304536516981778801,2021-07,0.46713975
5304536516981778801,2021-07,0.46713975
5304536516981778801,2021-07,0.46713975
5304536516981778801,2021-08,0.4559271
5304536516981778801,2021-08,0.4559271
5304536516981778801,2021-08,0.4412014
5304536516981778801,2021-08,0.44859663
5304536516981778801,2021-08,0.44859663
5304536516981778801,2021-08,0.48771113
5304536516981778801,2021-08,0.4559271
5304536516981778801,2021-08,0.4559271
5304536516981778801,2021-08,0.4559271
5304536516981778801,2021-08,0.4412014
5304536516981778801,2021-09,0.4559271
5304536516981778801,2021-09,0.44859663
5304536516981778801,2021-09,0.44859663
5304536516981778801,2021-09,0.4559271
5304536516981778801,2021-09,0.4412014
5304536516981778801,2021-09,0.4559271
5304536516981778801,2021-09,0.4559271
5304536516981778801,2021-10,0.49988672
5304536516981778801,2021-10,0.49988672
5304536516981778801,2021-10,0.49988672
5304536516981778801,2021-10,0.49988672
5304536516981778801,2021-11,0.5100659
5304536516981778801,2021-11,0.495183
5304536516981778801,2021-11,0.5100659
5304536516981778801,2021-11,0.5100659
5304536516981778801,2021-11,0.495183
5306165689101138983,2021-07,0.06693456
5306165689101138983,2021-10,0.44072708
5358243820364010940,2021-07,0.05672266
5358243820364010940,2021-07,0.8719519
5358243820364010940,2021-07,0.1385569
5358243820364010940,2021-08,0.1385569
5358243820364010940,2021-08,0.14230818
5358243820364010940,2021-08,0.1385569
5358243820364010940,2021-08,0.1385569
5358243820364010940,2021-08,0.1385569
5358243820364010940,2021-08,0.14230818
5358243820364010940,2021-08,0.1385569
5358243820364010940,2021-10,0.16702835
5358243820364010940,2021-11,0.1385569
5369576709077493659,2021-07,0.57545793
5369576709077493659,2021-07,0.49041745
5369576709077493659,2021-07,0.49041745
5369576709077493659,2021-07,0.47555146
5369576709077493659,2021-07,0.468177
5369576709077493659,2021-09,0.4761546
5369576709077493659,2021-09,0.4761546
5369576709077493659,2021-09,0.46877915
5369576709077493659,2021-10,0.46132955
5369576709077493659,2021-10,0.46132955
5369576709077493659,2021-10,0.4761546
5369576709077493659,2021-10,0.46132955
5369576709077493659,2021-11,0.4539847
5369576709077493659,2021-11,0.4539847
5369576709077493659,2021-11,0.84281987
5371387005775513675,2021-07,0.44431186
5371387005775513675,2021-07,0.9279011
5371387005775513675,2021-07,0.94793856
5371387005775513675,2021-07,0.37131572
5371387005775513675,2021-08,0.37127757
5371387005775513675,2021-08,0.35748944
5371387005775513675,2021-09,0.38718092
5371387005775513675,2021-10,0.35748944
5371387005775513675,2021-10,0.37127757
5371387005775513675,2021-11,0.37127757
5371387005775513675,2021-11,0.37127757
5371387005775513675,2021-11,0.9479305
5373371196946859811,2021-07,0.27096298
5373371196946859811,2021-08,0.36439657
5373371196946859811,2021-08,0.37127757
5373371196946859811,2021-08,0.37127757
5373371196946859811,2021-08,0.37127757
5373371196946859811,2021-08,0.37127757
5373371196946859811,2021-09,0.37127757
5373371196946859811,2021-09,0.37127757
5373371196946859811,2021-09,0.37127757
5373371196946859811,2021-09,0.37127757
5373371196946859811,2021-10,0.37756422
5373371196946859811,2021-10,0.3708997
5373371196946859811,2021-10,0.37756422
5373371196946859811,2021-10,0.37756422
5373371196946859811,2021-10,0.3708997
5373371196946859811,2021-10,0.37756422
5373371196946859811,2021-11,0.37127757
5373371196946859811,2021-11,0.36439657
5373371196946859811,2021-11,0.37127757
5373371196946859811,2021-11,0.37127757
5376084855227654309,2021-09,0.43021795
5376084855227654309,2021-09,0.43021795
5376084855227654309,2021-10,0.43680924
5376084855227654309,2021-10,0.43680924
5383359512938607117,2021-07,0.099117875
5383359512938607117,2021-09,0.5065939
5383359512938607117,2021-10,0.5180796
5409960473983330744,2021-07,0.4467114
5409960473983330744,2021-07,0.21763839
5409960473983330744,2021-08,0.21763839
5409960473983330744,2021-08,0.21763839
5409960473983330744,2021-09,0.20518558
5409960473983330744,2021-09,0.93050337
5409960473983330744,2021-09,0.2100537
5409960473983330744,2021-09,0.2100537
5409960473983330744,2021-10,0.21763839
5409960473983330744,2021-10,0.21763839
5409960473983330744,2021-10,0.21763839
5409960473983330744,2021-10,0.2126418
5409960473983330744,2021-10,0.21763839
5409960473983330744,2021-10,0.21763839
5409960473983330744,2021-11,0.21763839
5409960473983330744,2021-11,0.21763839
5409960473983330744,2021-11,0.21763839
5429414161455643517,2021-07,0.5596091
5430917218683822543,2021-08,0.43818387
5430917218683822543,2021-08,0.5074301
5430917218683822543,2021-09,0.5121321
5430917218683822543,2021-09,0.4898535
5430917218683822543,2021-09,0.49725014
5430917218683822543,2021-09,0.49725014
5430917218683822543,2021-10,0.49725014
5432443358006556295,2021-07,0.09933583
5432443358006556295,2021-07,0.24238865
5432443358006556295,2021-07,0.20314056
5432443358006556295,2021-08,0.20314056
5432443358006556295,2021-08,0.19839242
5432443358006556295,2021-08,0.2129486
5432443358006556295,2021-09,0.2081129
5432443358006556295,2021-10,0.20314056
5432443358006556295,2021-10,0.20803106
5432443358006556295,2021-10,0.20314056
5432443358006556295,2021-10,0.20314056
5432443358006556295,2021-11,0.2129486
5432443358006556295,2021-11,0.2129486
5432443358006556295,2021-11,0.19839242
5440313607363845188,2021-07,0.028956553
5440313607363845188,2021-07,0.8619626
5440313607363845188,2021-07,0.20573194
5440313607363845188,2021-08,0.20093852
5440313607363845188,2021-08,0.18952356
5440313607363845188,2021-08,0.18952356
5440313607363845188,2021-09,0.18952356
5440313607363845188,2021-09,0.18952356
5440313607363845188,2021-10,0.2149637
5440313607363845188,2021-10,0.2149637
5440313607363845188,2021-10,0.23272306
5440313607363845188,2021-11,0.18952356
5440313607363845188,2021-11,0.18952356
5448628641564935127,2021-09,0.3208425
5448628641564935127,2021-10,0.32732457
5448628641564935127,2021-10,0.32732457
5448628641564935127,2021-11,0.36365363
5448628641564935127,2021-11,0.36365363
5460280878923715699,2021-07,0.100623794
5460280878923715699,2021-08,0.42384574
5460280878923715699,2021-08,0.92676806
5460280878923715699,2021-08,0.42384574
5460280878923715699,2021-08,0.42326126
5460280878923715699,2021-09,0.40044516
5460280878923715699,2021-09,0.40757036
5460280878923715699,2021-09,0.40757036
5460280878923715699,2021-10,0.92452496
5460280878923715699,2021-11,0.4049308
5460280878923715699,2021-11,0.40550777
5460280878923715699,2021-11,0.40550777
5462970244186515758,2021-07,0.031747144
5462970244186515758,2021-07,0.1846744
5462970244186515758,2021-07,0.1846744
5462970244186515758,2021-07,0.1846744
5462970244186515758,2021-07,0.1846744
5462970244186515758,2021-07,0.1846744
5462970244186515758,2021-07,0.1846744
5462970244186515758,2021-07,0.18939976
5462970244186515758,2021-07,0.1846744
5462970244186515758,2021-08,0.19689457
5462970244186515758,2021-08,0.19689457
5462970244186515758,2021-08,0.17310877
5462970244186515758,2021-08,0.8081509
5462970244186515758,2021-08,0.19689457
5462970244186515758,2021-08,0.20185518
5462970244186515758,2021-09,0.17713146
5462970244186515758,2021-09,0.18170682
5462970244186515758,2021-09,0.18170682
5462970244186515758,2021-09,0.17285937
5462970244186515758,2021-09,0.17713146
5462970244186515758,2021-09,0.17713146
5462970244186515758,2021-09,0.17713146
5462970244186515758,2021-09,0.17713146
5462970244186515758,2021-09,0.17713146
5462970244186515758,2021-09,0.17713146
5462970244186515758,2021-10,0.1500508
5462970244186515758,2021-10,0.1500508
5462970244186515758,2021-10,0.15405762
5462970244186515758,2021-10,0.15405762
5462970244186515758,2021-10,0.1500508
5462970244186515758,2021-10,0.15024044
5462970244186515758,2021-10,0.15405762
5462970244186515758,2021-10,0.1500508
5462970244186515758,2021-10,0.15405762
5462970244186515758,2021-10,0.77006954
5462970244186515758,2021-10,0.1500508
5462970244186515758,2021-10,0.15405762
5462970244186515758,2021-10,0.1500508
5462970244186515758,2021-10,0.1500508
5462970244186515758,2021-11,0.15405762
5462970244186515758,2021-11,0.1500508
5462970244186515758,2021-11,0.15405762
5462970244186515758,2021-11,0.14631572
5462970244186515758,2021-11,0.77006954
5462970244186515758,2021-11,0.15405762
5462970244186515758,2021-11,0.1500508
5462970244186515758,2021-11,0.15405762
5465001651966355821,2021-07,0.12105527
5465001651966355821,2021-07,0.76883155
5465001651966355821,2021-08,0.23555782
5465001651966355821,2021-08,0.2708988
5465001651966355821,2021-08,0.23555782
5465001651966355821,2021-08,0.23555782
5465001651966355821,2021-08,0.23555782
5465001651966355821,2021-08,0.23555782
5465001651966355821,2021-09,0.2507155
5465001651966355821,2021-09,0.2507155
5465001651966355821,2021-09,0.2507155
5465001651966355821,2021-10,0.24377926
5465001651966355821,2021-10,0.24377926
5465001651966355821,2021-10,0.78308487
5465001651966355821,2021-10,0.24377926
5465001651966355821,2021-10,0.24377926
5477523784812182605,2021-07,0.9648958
5477523784812182605,2021-07,0.5219686
5477900120643078645,2021-07,0.3271566
5477900120643078645,2021-08,0.34985048
5477900120643078645,2021-08,0.3553807
5477900120643078645,2021-08,0.36218846
5477900120643078645,2021-08,0.36218846
5477900120643078645,2021-08,0.36218846
5477900120643078645,2021-08,0.36218846
5477900120643078645,2021-10,0.36939806
5477900120643078645,2021-10,0.36939806
5477900120643078645,2021-11,0.38854155
5477900120643078645,2021-11,0.38854155
5477900120643078645,2021-11,0.38854155
5481711897502154955,2021-07,0.091803625
5481711897502154955,2021-07,0.29368478
5481711897502154955,2021-08,0.28530917
5481711897502154955,2021-08,0.27715713
5481711897502154955,2021-08,0.27715713
5481711897502154955,2021-08,0.27715713
5481711897502154955,2021-08,0.27715713
5481711897502154955,2021-08,0.27715713
5481711897502154955,2021-09,0.28168258
5481711897502154955,2021-09,0.28168258
5481711897502154955,2021-09,0.27951485
5481711897502154955,2021-09,0.27951485
5481711897502154955,2021-09,0.27951485
5481711897502154955,2021-09,0.28770867
5481711897502154955,2021-09,0.27951485
5481711897502154955,2021-10,0.27184454
5481711897502154955,2021-10,0.27184454
5481711897502154955,2021-11,0.29612553
5481711897502154955,2021-11,0.2877889
5481711897502154955,2021-11,0.2877889
5481711897502154955,2021-11,0.2877889
5487870288449327165,2021-08,0.06344675
5487870288449327165,2021-09,0.4496582
5487870288449327165,2021-10,0.39666402
5487870288449327165,2021-11,0.3896041
5489089370448387505,2021-10,0.940658
5489089370448387505,2021-11,0.43452442
5499433941404698208,2021-10,0.036032226
5499433941404698208,2021-10,0.18053871
5499433941404698208,2021-10,0.18518229
5499433941404698208,2021-11,0.18053871
5503073374822479037,2021-07,0.20665823
5503073374822479037,2021-07,0.25397423
5503073374822479037,2021-07,0.25397423
5503073374822479037,2021-08,0.2967109
5503073374822479037,2021-08,0.27582395
5503073374822479037,2021-08,0.27582395
5503073374822479037,2021-09,0.602348
5503073374822479037,2021-09,0.27582395
5503073374822479037,2021-09,0.27582395
5503073374822479037,2021-09,0.27582395
5503073374822479037,2021-09,0.27582395
5503073374822479037,2021-11,0.27582395
5503073374822479037,2021-11,0.2967109
5503073374822479037,2021-11,0.27582395
5503073374822479037,2021-11,0.27582395
5503391736465275980,2021-07,0.108958155
5503391736465275980,2021-07,0.5044944
5503391736465275980,2021-07,0.5044944
5503391736465275980,2021-08,0.47950226
5503391736465275980,2021-08,0.49765825
5503391736465275980,2021-09,0.49377668
5511113649464808344,2021-07,0.3830312
5511113649464808344,2021-07,0.8957911
5511113649464808344,2021-07,0.41308683
5511113649464808344,2021-08,0.37968594
5511113649464808344,2021-09,0.4103959
5511113649464808344,2021-10,0.40086225
5511113649464808344,2021-10,0.8762806
5511113649464808344,2021-10,0.40086225
5511113649464808344,2021-10,0.40086225
5511113649464808344,2021-11,0.41308683
5517114603826429870,2021-07,0.053517167
5517114603826429870,2021-07,0.329154
5517114603826429870,2021-07,0.32862565
5517114603826429870,2021-07,0.32364357
5517114603826429870,2021-08,0.3244125
5517114603826429870,2021-08,0.3244125
5517114603826429870,2021-11,0.3130135
5522764880180045081,2021-07,0.12905858
5522764880180045081,2021-07,0.28389117
5522764880180045081,2021-07,0.53609586
5522764880180045081,2021-08,0.29614905
5522764880180045081,2021-08,0.28389117
5522764880180045081,2021-08,0.32341567
5522764880180045081,2021-08,0.28389117
5522764880180045081,2021-08,0.28389117
5522764880180045081,2021-08,0.28389117
5522764880180045081,2021-08,0.28389117
5522764880180045081,2021-09,0.27637562
5522764880180045081,2021-09,0.27637562
5522764880180045081,2021-10,0.28843972
5522764880180045081,2021-10,0.27637562
5522764880180045081,2021-10,0.28843972
5522764880180045081,2021-10,0.28843972
5522764880180045081,2021-10,0.28843972
5522764880180045081,2021-10,0.28843972
5522764880180045081,2021-10,0.28843972
5522764880180045081,2021-10,0.27637562
5522764880180045081,2021-10,0.8582361
5522764880180045081,2021-11,0.27637562
5528372913947954503,2021-07,0.11910047
5528372913947954503,2021-07,0.5493731
5528372913947954503,2021-08,0.74035734
5528372913947954503,2021-08,0.5271396
5528372913947954503,2021-08,0.5345094
5528372913947954503,2021-09,0.5232677
5528372913947954503,2021-10,0.55236673
5540361570968095722,2021-08,0.047397662
5540361570968095722,2021-09,0.21197948
5547032541615425352,2021-09,0.06602334
5547032541615425352,2021-10,0.2787457
5547032541615425352,2021-11,0.22393204
5558533999208199371,2021-07,0.7531171
5558533999208199371,2021-08,0.3288382
5558533999208199371,2021-09,0.32226336
5558533999208199371,2021-09,0.33540204
5558533999208199371,2021-10,0.3245711
5562543665139612149,2021-07,0.3968264
5562543665139612149,2021-09,0.37382063
5562543665139612149,2021-09,0.38077295
5574997762710520717,2021-07,0.06699635
5574997762710520717,2021-07,0.3340682
5574997762710520717,2021-08,0.28843972
5574997762710520717,2021-09,0.26466805
5574997762710520717,2021-09,0.28237396
5574997762710520717,2021-10,0.30814067
5574997762710520717,2021-11,0.5145896
5574997762710520717,2021-11,0.27396232
5577659616907513811,2021-07,0.7090108
5577659616907513811,2021-07,0.4396029
5577659616907513811,2021-07,0.4396029
5577659616907513811,2021-07,0.4396029
5577659616907513811,2021-08,0.43304196
5577659616907513811,2021-08,0.43304196
5577659616907513811,2021-08,0.43304196
5577659616907513811,2021-08,0.43304196
5577659616907513811,2021-08,0.43304196
5577659616907513811,2021-08,0.43304196
5577659616907513811,2021-09,0.5129181
5577659616907513811,2021-09,0.5129181
5577659616907513811,2021-09,0.5129181
5577659616907513811,2021-09,0.5129181
5577659616907513811,2021-09,0.5129181
5577659616907513811,2021-10,0.39666402
5577659616907513811,2021-10,0.39666402
5577659616907513811,2021-10,0.90836674
5577659616907513811,2021-10,0.39666402
5577659616907513811,2021-11,0.6137447
5577659616907513811,2021-11,0.4396029
5606267905834401873,2021-07,0.052189518
5606267905834401873,2021-07,0.19562685
5606267905834401873,2021-07,0.20038196
5606267905834401873,2021-07,0.7762651
5606267905834401873,2021-07,0.17498669
5606267905834401873,2021-08,0.18374887
5606267905834401873,2021-08,0.17498669
5606267905834401873,2021-08,0.1707556
5606267905834401873,2021-08,0.18374887
5606267905834401873,2021-08,0.17498669
5606267905834401873,2021-08,0.18374887
5606267905834401873,2021-09,0.21258812
5606267905834401873,2021-09,0.22272483
5606267905834401873,2021-09,0.22272483
5606267905834401873,2021-09,0.22272483
5606267905834401873,2021-09,0.21258812
5606267905834401873,2021-10,0.23482399
5606267905834401873,2021-10,0.24045414
5606267905834401873,2021-10,0.24045414
5606267905834401873,2021-11,0.17498669
5606267905834401873,2021-11,0.17498669
5606267905834401873,2021-11,0.17498669
5606267905834401873,2021-11,0.18374887
5606267905834401873,2021-11,0.18374887
5607900901204647807,2021-07,0.07209777
5607900901204647807,2021-07,0.24008912
5611787644735474299,2021-07,0.042315844
5611787644735474299,2021-07,0.36383724
5611787644735474299,2021-07,0.36383724
5611787644735474299,2021-07,0.35701582
5611787644735474299,2021-07,0.35701582
5611787644735474299,2021-07,0.34350112
5611787644735474299,2021-07,0.35049197
5611787644735474299,2021-07,0.35049197
5611787644735474299,2021-07,0.35049197
5611787644735474299,2021-07,0.35049197
5611787644735474299,2021-07,0.35049197
5611787644735474299,2021-07,0.35049197
5611787644735474299,2021-07,0.35049197
5611787644735474299,2021-07,0.35049197
5611787644735474299,2021-07,0.35049197
5611787644735474299,2021-07,0.35049197
5611787644735474299,2021-08,0.5875843
5611787644735474299,2021-08,0.35049197
5611787644735474299,2021-08,0.35049197
5611787644735474299,2021-08,0.34378555
5611787644735474299,2021-08,0.6027902
5611787644735474299,2021-08,0.35652396
5611787644735474299,2021-08,0.35049197
5611787644735474299,2021-08,0.34350112
5611787644735474299,2021-08,0.35049197
5611787644735474299,2021-08,0.34350112
5611787644735474299,2021-08,0.35049197
5611787644735474299,2021-08,0.35049197
5611787644735474299,2021-08,0.34350112
5611787644735474299,2021-09,0.35049197
5611787644735474299,2021-09,0.35049197
5611787644735474299,2021-09,0.35049197
5611787644735474299,2021-09,0.34378555
5611787644735474299,2021-09,0.34378555
5611787644735474299,2021-09,0.34378555
5611787644735474299,2021-09,0.3368591
5611787644735474299,2021-09,0.34378555
5611787644735474299,2021-09,0.34378555
5611787644735474299,2021-09,0.34350112
5611787644735474299,2021-09,0.35049197
5611787644735474299,2021-09,0.34350112
5611787644735474299,2021-09,0.35049197
5611787644735474299,2021-10,0.32858768
5611787644735474299,2021-10,0.3354301
5611787644735474299,2021-10,0.32858768
5611787644735474299,2021-10,0.3354301
5611787644735474299,2021-10,0.3354301
5611787644735474299,2021-10,0.32858768
5611787644735474299,2021-10,0.3354301
5611787644735474299,2021-10,0.3354301
5611787644735474299,2021-10,0.3354301
5611787644735474299,2021-10,0.32858768
5611787644735474299,2021-11,0.32858768
5611787644735474299,2021-11,0.32858768
5611787644735474299,2021-11,0.3354301
5611787644735474299,2021-11,0.3354301
5611787644735474299,2021-11,0.3354301
5611787644735474299,2021-11,0.3354301
5611787644735474299,2021-11,0.32858768
5611787644735474299,2021-11,0.3354301
5611787644735474299,2021-11,0.3354301
5611787644735474299,2021-11,0.3354301
5613825020130267729,2021-07,0.03942195
5613825020130267729,2021-07,0.28972003
5613825020130267729,2021-07,0.28972003
5613825020130267729,2021-08,0.34022808
5613825020130267729,2021-08,0.34022808
5613825020130267729,2021-08,0.34022808
5613825020130267729,2021-08,0.34022808
5613825020130267729,2021-09,0.28972003
5613825020130267729,2021-09,0.28366858
5613825020130267729,2021-09,0.28972003
5613825020130267729,2021-09,0.28972003
5613825020130267729,2021-10,0.36178002
5613825020130267729,2021-10,0.36178002
5613825020130267729,2021-10,0.36178002
5613825020130267729,2021-11,0.34629267
5635781225931111684,2021-07,0.08865518
5635781225931111684,2021-07,0.20870839
5635781225931111684,2021-07,0.18104006
5635781225931111684,2021-07,0.18104006
5635781225931111684,2021-08,0.20348941
5635781225931111684,2021-08,0.20832781
5635781225931111684,2021-09,0.22665432
5635781225931111684,2021-09,0.22665432
5635781225931111684,2021-09,0.22150938
5635781225931111684,2021-09,0.23194617
5635781225931111684,2021-09,0.22665432
5635781225931111684,2021-09,0.22665432
5635781225931111684,2021-10,0.18104006
5635781225931111684,2021-11,0.22996931
5635781225931111684,2021-11,0.22996931
5635781225931111684,2021-11,0.21959603
5635781225931111684,2021-11,0.22996931
5687511145009775604,2021-07,0.81357586
5687511145009775604,2021-07,0.9275293
5687511145009775604,2021-08,0.9172464
5687511145009775604,2021-08,0.4627062
5687511145009775604,2021-09,0.45182216
5687511145009775604,2021-09,0.4515098
5687511145009775604,2021-10,0.47038484
5687511145009775604,2021-10,0.4627062
5687511145009775604,2021-10,0.4627062
5687511145009775604,2021-10,0.4627062
5689766561863956319,2021-08,0.21222284
5689766561863956319,2021-08,0.342782
5689766561863956319,2021-08,0.3318317
5689766561863956319,2021-09,0.3318317
5689766561863956319,2021-09,0.32530352
5689766561863956319,2021-09,0.35488147
5689766561863956319,2021-09,0.3318317
5694881483989656694,2021-09,0.49656302
5694881483989656694,2021-09,0.23604806
5694881483989656694,2021-10,0.37038943
5694881483989656694,2021-10,0.23604806
5694881483989656694,2021-11,0.254855
5694881483989656694,2021-11,0.24566372
5706551050445880395,2021-09,0.79255724
5706551050445880395,2021-10,0.77167463
5706551050445880395,2021-11,0.78188396
5706551050445880395,2021-11,0.7182768
5706551050445880395,2021-11,0.7182768
5714540197488862003,2021-07,0.6903631
5714540197488862003,2021-07,0.34842727
5714540197488862003,2021-07,0.3116577
5714540197488862003,2021-07,0.9544094
5714540197488862003,2021-08,0.31811774
5714540197488862003,2021-08,0.95615536
5714540197488862003,2021-08,0.3245711
5714540197488862003,2021-09,0.3245711
5714540197488862003,2021-09,0.31811774
5714540197488862003,2021-09,0.3245711
5714540197488862003,2021-09,0.3116577
5714540197488862003,2021-10,0.3468908
5714540197488862003,2021-11,0.3245711
5714540197488862003,2021-11,0.31811774
5714540197488862003,2021-11,0.3116577
5714540197488862003,2021-11,0.3245711
5714540197488862003,2021-11,0.3245711
5726178124659661019,2021-07,0.10602198
5726178124659661019,2021-07,0.5071162
5726178124659661019,2021-07,0.5071162
5726178124659661019,2021-07,0.5071162
5726178124659661019,2021-07,0.5071162
5726178124659661019,2021-07,0.5071162
5726178124659661019,2021-07,0.5071162
5726178124659661019,2021-07,0.5071162
5726178124659661019,2021-07,0.5071162
5726178124659661019,2021-07,0.5071162
5726178124659661019,2021-07,0.5071162
5726178124659661019,2021-07,0.66923547
5726178124659661019,2021-07,0.4997187
5726178124659661019,2021-07,0.4997187
5726178124659661019,2021-07,0.4997187
5726178124659661019,2021-07,0.4997187
5726178124659661019,2021-07,0.4396029
5726178124659661019,2021-07,0.91851145
5726178124659661019,2021-07,0.4396029
5726178124659661019,2021-07,0.4396029
5726178124659661019,2021-07,0.4396029
5726178124659661019,2021-08,0.3859179
5726178124659661019,2021-08,0.3859179
5726178124659661019,2021-08,0.3859179
5726178124659661019,2021-08,0.40011966
5726178124659661019,2021-08,0.3859179
5726178124659661019,2021-08,0.3789291
5726178124659661019,2021-08,0.3789291
5726178124659661019,2021-08,0.5600464
5726178124659661019,2021-08,0.6365954
5726178124659661019,2021-08,0.3859179
5726178124659661019,2021-08,0.3859179
5726178124659661019,2021-08,0.3859179
5726178124659661019,2021-08,0.3859179
5726178124659661019,2021-08,0.3859179
5726178124659661019,2021-08,0.3859179
5726178124659661019,2021-08,0.3859179
5726178124659661019,2021-08,0.3859179
5726178124659661019,2021-09,0.39666402
5726178124659661019,2021-09,0.39666402
5726178124659661019,2021-09,0.39666402
5726178124659661019,2021-09,0.3896041
5726178124659661019,2021-09,0.3896041
5726178124659661019,2021-09,0.39666402
5726178124659661019,2021-09,0.39666402
5726178124659661019,2021-09,0.39666402
5726178124659661019,2021-09,0.39666402
5726178124659661019,2021-09,0.39666402
5726178124659661019,2021-09,0.39666402
5726178124659661019,2021-09,0.39666402
5726178124659661019,2021-10,0.3859179
5726178124659661019,2021-10,0.3789291
5726178124659661019,2021-10,0.3859179
5726178124659661019,2021-10,0.3859179
5726178124659661019,2021-10,0.3859179
5726178124659661019,2021-10,0.40011966
5726178124659661019,2021-10,0.3859179
5726178124659661019,2021-10,0.3859179
5726178124659661019,2021-11,0.39666402
5726178124659661019,2021-11,0.39666402
5726178124659661019,2021-11,0.3896041
5726178124659661019,2021-11,0.3896041
5726178124659661019,2021-11,0.39666402
5726178124659661019,2021-11,0.39666402
5726178124659661019,2021-11,0.39666402
5726178124659661019,2021-11,0.39666402
5726884001073147293,2021-07,0.10076437
5726884001073147293,2021-08,0.48708832
5732713959930509093,2021-08,0.20573992
5732713959930509093,2021-10,0.24290484
5732713959930509093,2021-11,0.23687313
5735794880899687600,2021-07,0.04558583
5735794880899687600,2021-08,0.3906582
5735794880899687600,2021-08,0.37212077
5735794880899687600,2021-09,0.3790606
5735794880899687600,2021-09,0.3790606
5735794880899687600,2021-10,0.6257948
5735794880899687600,2021-10,0.3790606
5735794880899687600,2021-10,0.3790606
5752688018135006198,2021-07,0.14046174
5752688018135006198,2021-08,0.28770867
5752688018135006198,2021-08,0.28770867
5752688018135006198,2021-10,0.2999882
5752688018135006198,2021-10,0.8805317
5752688018135006198,2021-10,0.2999882
5752688018135006198,2021-11,0.27184454
5752688018135006198,2021-11,0.27990085
5752688018135006198,2021-11,0.27184454
5753677550753111444,2021-07,0.056413747
5753677550753111444,2021-07,0.31971964
5753677550753111444,2021-07,0.27900878
5753677550753111444,2021-07,0.29114154
5753677550753111444,2021-08,0.27900878
5753677550753111444,2021-08,0.29114154
5753677550753111444,2021-08,0.29114154
5753677550753111444,2021-08,0.29114154
5753677550753111444,2021-09,0.27900878
5753677550753111444,2021-09,0.27900878
5753677550753111444,2021-09,0.27900878
5753677550753111444,2021-10,0.27900878
5753677550753111444,2021-10,0.27900878
5753677550753111444,2021-10,0.29114154
5753677550753111444,2021-10,0.27900878
5753677550753111444,2021-10,0.29114154
5753677550753111444,2021-11,0.26999915
5753677550753111444,2021-11,0.2818933
5757271354816214865,2021-07,0.9417132
5757271354816214865,2021-07,0.5041784
5757271354816214865,2021-07,0.5041784
5757271354816214865,2021-07,0.5041784
5757271354816214865,2021-07,0.8144076
5757271354816214865,2021-07,0.5165962
5757271354816214865,2021-07,0.5041784
5757271354816214865,2021-07,0.5041784
5757271354816214865,2021-07,0.5165962
5757271354816214865,2021-07,0.5041784
5757271354816214865,2021-07,0.45515394
5757271354816214865,2021-07,0.45515394
5757271354816214865,2021-07,0.46750277
5757271354816214865,2021-07,0.8106536
5757271354816214865,2021-07,0.46750277
5757271354816214865,2021-07,0.44751388
5757271354816214865,2021-07,0.45515394
5757271354816214865,2021-07,0.45515394
5757271354816214865,2021-07,0.45515394
5757271354816214865,2021-07,0.45515394
5757271354816214865,2021-07,0.44751388
5757271354816214865,2021-07,0.5193632
5757271354816214865,2021-07,0.45515394
5757271354816214865,2021-07,0.45515394
5757271354816214865,2021-07,0.44751388
5757271354816214865,2021-07,0.44751388
5757271354816214865,2021-07,0.46750277
5757271354816214865,2021-08,0.41584787
5757271354816214865,2021-08,0.4552791
5757271354816214865,2021-08,0.92747295
5757271354816214865,2021-08,0.41642952
5757271354816214865,2021-08,0.41584787
5757271354816214865,2021-08,0.62116545
5757271354816214865,2021-08,0.41584787
5757271354816214865,2021-08,0.41584787
5757271354816214865,2021-08,0.41584787
5757271354816214865,2021-08,0.41642952
5757271354816214865,2021-08,0.40925646
5757271354816214865,2021-08,0.4086778
5757271354816214865,2021-08,0.4086778
5757271354816214865,2021-08,0.4086778
5757271354816214865,2021-08,0.4228575
5757271354816214865,2021-08,0.41584787
5757271354816214865,2021-08,0.41584787
5757271354816214865,2021-08,0.41642952
5757271354816214865,2021-08,0.41584787
5757271354816214865,2021-09,0.4835005
5757271354816214865,2021-09,0.44618613
5757271354816214865,2021-09,0.44618613
5757271354816214865,2021-09,0.44618613
5757271354816214865,2021-11,0.41642952
5757271354816214865,2021-11,0.41642952
5758033363847724111,2021-07,0.0577869
5758033363847724111,2021-07,0.3318204
5758033363847724111,2021-09,0.29022604
5758033363847724111,2021-10,0.29022604
5758033363847724111,2021-10,0.28416827
5758033363847724111,2021-10,0.29022604
5758033363847724111,2021-10,0.29022604
5758033363847724111,2021-10,0.29022604
5758033363847724111,2021-11,0.29868567
5758033363847724111,2021-11,0.29868567
5758033363847724111,2021-11,0.29868567
5758033363847724111,2021-11,0.2925241
5761480994209806499,2021-07,0.08715098
5761480994209806499,2021-07,0.5087046
5761480994209806499,2021-07,0.5087046
5761480994209806499,2021-07,0.5087046
5761480994209806499,2021-07,0.5087046
5761480994209806499,2021-07,0.5087046
5761480994209806499,2021-07,0.5087046
5761480994209806499,2021-07,0.5087046
5761480994209806499,2021-07,0.48642638
5761480994209806499,2021-07,0.5013074
5761480994209806499,2021-07,0.48642638
5761480994209806499,2021-07,0.5013074
5761480994209806499,2021-07,0.4122274
5761480994209806499,2021-07,0.4122274
5761480994209806499,2021-07,0.4267245
5761480994209806499,2021-07,0.4267245
5761480994209806499,2021-07,0.4267245
5761480994209806499,2021-07,0.46892676
5761480994209806499,2021-07,0.4122274
5761480994209806499,2021-07,0.4267245
5761480994209806499,2021-07,0.4122274
5761480994209806499,2021-07,0.4267245
5761480994209806499,2021-07,0.4267245
5761480994209806499,2021-07,0.4267245
5761480994209806499,2021-07,0.4122274
5761480994209806499,2021-07,0.4122274
5761480994209806499,2021-07,0.4122274
5761480994209806499,2021-08,0.42212817
5761480994209806499,2021-08,0.42212817
5761480994209806499,2021-08,0.42212817
5761480994209806499,2021-08,0.42212817
5761480994209806499,2021-08,0.4367148
5761480994209806499,2021-08,0.42212817
5761480994209806499,2021-08,0.4367148
5761480994209806499,2021-08,0.42212817
5761480994209806499,2021-08,0.42212817
5761480994209806499,2021-08,0.4367148
5761480994209806499,2021-08,0.42944947
5761480994209806499,2021-08,0.42944947
5761480994209806499,2021-08,0.4149267
5761480994209806499,2021-08,0.42944947
5761480994209806499,2021-08,0.4149267
5761480994209806499,2021-08,0.42944947
5761480994209806499,2021-08,0.4367148
5761480994209806499,2021-08,0.42212817
5761480994209806499,2021-08,0.42212817
5761480994209806499,2021-08,0.4367148
5761480994209806499,2021-08,0.47651064
5761480994209806499,2021-08,0.42212817
5761480994209806499,2021-08,0.42212817
5761480994209806499,2021-08,0.4367148
5761480994209806499,2021-08,0.4367148
5761480994209806499,2021-08,0.4367148
5761480994209806499,2021-08,0.4367148
5761480994209806499,2021-08,0.42212817
5761480994209806499,2021-08,0.4367148
5761480994209806499,2021-08,0.4367148
5761480994209806499,2021-08,0.4367148
5761480994209806499,2021-08,0.42212817
5761480994209806499,2021-08,0.42212817
5761480994209806499,2021-08,0.4367148
5761480994209806499,2021-08,0.42212817
5761480994209806499,2021-08,0.4367148
5761480994209806499,2021-08,0.42212817
5761480994209806499,2021-08,0.42212817
5761480994209806499,2021-09,0.4122274
5761480994209806499,2021-09,0.4267245
5761480994209806499,2021-09,0.44232234
5761480994209806499,2021-09,0.4122274
5761480994209806499,2021-09,0.4122274
5761480994209806499,2021-09,0.4122274
5761480994209806499,2021-09,0.4267245
5761480994209806499,2021-09,0.4122274
5761480994209806499,2021-09,0.40507644
5761480994209806499,2021-09,0.41950154
5761480994209806499,2021-09,0.40507644
5761480994209806499,2021-09,0.41950154
5761480994209806499,2021-09,0.41950154
5761480994209806499,2021-09,0.40507644
5761480994209806499,2021-09,0.65427375
5761480994209806499,2021-09,0.40507644
5761480994209806499,2021-09,0.41950154
5761480994209806499,2021-09,0.41950154
5761480994209806499,2021-09,0.41950154
5761480994209806499,2021-09,0.41950154
5761480994209806499,2021-09,0.4267245
5761480994209806499,2021-09,0.4267245
5761480994209806499,2021-09,0.4267245
5761480994209806499,2021-09,0.4122274
5761480994209806499,2021-09,0.9070078
5761480994209806499,2021-09,0.4122274
5761480994209806499,2021-09,0.4122274
5761480994209806499,2021-09,0.4122274
5761480994209806499,2021-09,0.4267245
5761480994209806499,2021-09,0.4122274
5761480994209806499,2021-09,0.4122274
5761480994209806499,2021-09,0.4267245
5761480994209806499,2021-09,0.4267245
5761480994209806499,2021-09,0.4122274
5761480994209806499,2021-09,0.4122274
5761480994209806499,2021-09,0.4122274
5761480994209806499,2021-09,0.6774736
5761480994209806499,2021-09,0.4122274
5761480994209806499,2021-09,0.4122274
5761480994209806499,2021-09,0.4122274
5761480994209806499,2021-09,0.4122274
5761480994209806499,2021-10,0.42676452
5761480994209806499,2021-10,0.42676452
5761480994209806499,2021-10,0.41226697
5761480994209806499,2021-10,0.42676452
5761480994209806499,2021-10,0.41226697
5761480994209806499,2021-10,0.41226697
5761480994209806499,2021-10,0.41226697
5761480994209806499,2021-10,0.41226697
5761480994209806499,2021-10,0.41226697
5761480994209806499,2021-10,0.41226697
5761480994209806499,2021-10,0.41226697
5761480994209806499,2021-10,0.41954142
5761480994209806499,2021-10,0.40511578
5761480994209806499,2021-10,0.40511578
5761480994209806499,2021-10,0.40511578
5761480994209806499,2021-10,0.41226697
5761480994209806499,2021-10,0.41226697
5761480994209806499,2021-10,0.41226697
5761480994209806499,2021-10,0.41226697
5761480994209806499,2021-10,0.41226697
5761480994209806499,2021-10,0.41226697
5761480994209806499,2021-10,0.42676452
5761480994209806499,2021-10,0.41226697
5761480994209806499,2021-10,0.41226697
5761480994209806499,2021-10,0.42676452
5761480994209806499,2021-10,0.41226697
5761480994209806499,2021-10,0.42676452
5761480994209806499,2021-10,0.66919
5761480994209806499,2021-10,0.41226697
5761480994209806499,2021-10,0.41226697
5761480994209806499,2021-10,0.42676452
5761480994209806499,2021-10,0.41226697
5761480994209806499,2021-10,0.41226697
5761480994209806499,2021-10,0.41226697
5761480994209806499,2021-10,0.6775093
5761480994209806499,2021-11,0.41874564
5761480994209806499,2021-11,0.41874564
5761480994209806499,2021-11,0.41874564
5761480994209806499,2021-11,0.41874564
5761480994209806499,2021-11,0.41874564
5761480994209806499,2021-11,0.41874564
5761480994209806499,2021-11,0.41874564
5761480994209806499,2021-11,0.41874564
5761480994209806499,2021-11,0.43330303
5761480994209806499,2021-11,0.4260515
5761480994209806499,2021-11,0.41156077
5761480994209806499,2021-11,0.41156077
5761480994209806499,2021-11,0.41156077
5761480994209806499,2021-11,0.41156077
5761480994209806499,2021-11,0.41874564
5761480994209806499,2021-11,0.41874564
5761480994209806499,2021-11,0.41874564
5761480994209806499,2021-11,0.43330303
5761480994209806499,2021-11,0.42632848
5761480994209806499,2021-11,0.43330303
5761480994209806499,2021-11,0.41874564
5761480994209806499,2021-11,0.42632848
5761480994209806499,2021-11,0.41874564
5761480994209806499,2021-11,0.43330303
5761480994209806499,2021-11,0.41874564
5761480994209806499,2021-11,0.43330303
5786895437851445408,2021-07,0.38629067
5786895437851445408,2021-08,0.41584787
5786895437851445408,2021-08,0.41642952
5786895437851445408,2021-08,0.41584787
5786895437851445408,2021-09,0.41642952
5786895437851445408,2021-09,0.41584787
5786895437851445408,2021-09,0.41642952
5786895437851445408,2021-10,0.41584787
5786895437851445408,2021-10,0.41642952
5786895437851445408,2021-10,0.41584787
5786895437851445408,2021-10,0.41642952
5786895437851445408,2021-11,0.42326126
5786895437851445408,2021-11,0.42384574
5791518044186095039,2021-07,0.07847246
5791518044186095039,2021-07,0.88247234
5791518044186095039,2021-09,0.35888007
5791518044186095039,2021-09,0.3521002
5791518044186095039,2021-10,0.35888007
5791518044186095039,2021-11,0.39904305
5791518044186095039,2021-11,0.87771136
5794903898038236832,2021-07,0.23410317
5794903898038236832,2021-07,0.26471955
5794903898038236832,2021-07,0.2705194
5794903898038236832,2021-07,0.2705194
5794903898038236832,2021-07,0.2705194
5794903898038236832,2021-07,0.2705194
5794903898038236832,2021-08,0.27359447
5794903898038236832,2021-08,0.27359447
5794903898038236832,2021-08,0.27359447
5794903898038236832,2021-08,0.49021515
5794903898038236832,2021-08,0.49021515
5794903898038236832,2021-09,0.4806199
5794903898038236832,2021-09,0.5810003
5794903898038236832,2021-10,0.49021515
5794903898038236832,2021-10,0.59032184
5794903898038236832,2021-10,0.59032184
5795100045494475994,2021-07,0.043481976
5795100045494475994,2021-07,0.26493526
5795100045494475994,2021-08,0.2801245
5795100045494475994,2021-08,0.2412462
5795100045494475994,2021-09,0.24960132
5795100045494475994,2021-09,0.24960132
5795100045494475994,2021-10,0.24960132
5795100045494475994,2021-10,0.24960132
5795100045494475994,2021-11,0.25550503
5795100045494475994,2021-11,0.25550503
5799279645678609726,2021-07,0.32236037
5799279645678609726,2021-07,0.17328021
5799279645678609726,2021-08,0.17328021
5799279645678609726,2021-09,0.4299484
5799279645678609726,2021-10,0.18164751
5799279645678609726,2021-10,0.18164751
5799279645678609726,2021-11,0.17728998
5810778736737569699,2021-07,0.23097222
5810778736737569699,2021-07,0.3336007
5810778736737569699,2021-07,0.34696496
5810778736737569699,2021-08,0.34696496
5810778736737569699,2021-08,0.8824869
5810778736737569699,2021-08,0.3336007
5810778736737569699,2021-08,0.3336007
5810778736737569699,2021-10,0.3487855
5810778736737569699,2021-10,0.3487855
5810778736737569699,2021-11,0.35252783
5810778736737569699,2021-11,0.3596535
5810778736737569699,2021-11,0.35252783
5854364934896993687,2021-07,0.066297114
5854364934896993687,2021-07,0.399974
5854364934896993687,2021-08,0.3569519
5854364934896993687,2021-09,0.3854347
5854364934896993687,2021-09,0.4094673
5855956854975734380,2021-07,0.14846092
5855956854975734380,2021-07,0.4182918
5855956854975734380,2021-08,0.41825202
5855956854975734380,2021-08,0.41825202
5855956854975734380,2021-10,0.89990824
5855956854975734380,2021-10,0.44203332
5855956854975734380,2021-11,0.4001921
5855956854975734380,2021-11,0.40731585
5855956854975734380,2021-11,0.40731585
5856610998569876318,2021-07,0.06250307
5856610998569876318,2021-07,0.2690825
5856610998569876318,2021-07,0.2690825
5856610998569876318,2021-08,0.2561394
5856610998569876318,2021-09,0.263975
5856610998569876318,2021-09,0.263975
5856610998569876318,2021-10,0.28966314
5856610998569876318,2021-11,0.2561394
5860276371789140450,2021-07,0.49773625
5860276371789140450,2021-08,0.5366731
5860276371789140450,2021-08,0.5366731
5860276371789140450,2021-09,0.5490065
5860276371789140450,2021-09,0.5490065
5860276371789140450,2021-10,0.5393423
5860276371789140450,2021-10,0.5366731
5860276371789140450,2021-11,0.57689244
5860276371789140450,2021-11,0.57689244
5864443060004179363,2021-07,0.11100775
5864443060004179363,2021-07,0.4877067
5864443060004179363,2021-07,0.4803164
5864443060004179363,2021-07,0.4803164
5864443060004179363,2021-07,0.8213152
5864443060004179363,2021-07,0.39990708
5864443060004179363,2021-07,0.39990708
5864443060004179363,2021-07,0.39990708
5864443060004179363,2021-08,0.42468005
5864443060004179363,2021-08,0.39990708
5864443060004179363,2021-08,0.39990708
5864443060004179363,2021-08,0.39282706
5864443060004179363,2021-08,0.39282706
5864443060004179363,2021-08,0.40625766
5864443060004179363,2021-08,0.39990708
5864443060004179363,2021-08,0.39990708
5864443060004179363,2021-09,0.40042236
5864443060004179363,2021-09,0.36922112
5864443060004179363,2021-09,0.36922112
5864443060004179363,2021-09,0.36922112
5864443060004179363,2021-09,0.3761393
5864443060004179363,2021-09,0.80614734
5864443060004179363,2021-09,0.3761393
5864443060004179363,2021-09,0.3761393
5864443060004179363,2021-09,0.3761393
5864443060004179363,2021-09,0.3761393
5864443060004179363,2021-09,0.3761393
5864443060004179363,2021-10,0.45109943
5864443060004179363,2021-10,0.45109943
5864443060004179363,2021-10,0.45109943
5864443060004179363,2021-10,0.45109943
5864443060004179363,2021-10,0.8370238
5864443060004179363,2021-11,0.38648278
5864443060004179363,2021-11,0.38648278
5864443060004179363,2021-11,0.3935226
5875663709136533612,2021-07,0.049325753
5880041582322293710,2021-07,0.8159318
5880041582322293710,2021-07,0.16986632
5880041582322293710,2021-07,0.16986632
5880041582322293710,2021-07,0.1655288
5880041582322293710,2021-07,0.16573417
5880041582322293710,2021-07,0.16148163
5880041582322293710,2021-07,0.17576787
5880041582322293710,2021-08,0.1655288
5880041582322293710,2021-08,0.16986632
5880041582322293710,2021-08,0.1655288
5880041582322293710,2021-08,0.16986632
5880041582322293710,2021-08,0.16986632
5880041582322293710,2021-08,0.16986632
5880041582322293710,2021-08,0.1655288
5880041582322293710,2021-08,0.16986632
5880041582322293710,2021-08,0.16573417
5880041582322293710,2021-08,0.16573417
5880041582322293710,2021-08,0.16573417
5880041582322293710,2021-08,0.16573417
5880041582322293710,2021-08,0.16148163
5880041582322293710,2021-09,0.1655288
5880041582322293710,2021-09,0.16986632
5880041582322293710,2021-09,0.16986632
5880041582322293710,2021-09,0.1655288
5880041582322293710,2021-09,0.16986632
5880041582322293710,2021-09,0.16148163
5880041582322293710,2021-09,0.16986632
5880041582322293710,2021-09,0.16986632
5880041582322293710,2021-09,0.16986632
5880041582322293710,2021-10,0.1655288
5880041582322293710,2021-10,0.1655288
5880041582322293710,2021-10,0.1655288
5880041582322293710,2021-10,0.16986632
5880041582322293710,2021-10,0.16986632
5880041582322293710,2021-10,0.16986632
5880041582322293710,2021-10,0.1655288
5880041582322293710,2021-10,0.16986632
5883155883105348987,2021-07,0.34315658
5883155883105348987,2021-07,0.44857752
5883155883105348987,2021-08,0.4103959
5883155883105348987,2021-08,0.3858973
5883155883105348987,2021-08,0.4103959
5883155883105348987,2021-09,0.937498
5883155883105348987,2021-09,0.39112267
5883155883105348987,2021-09,0.39112267
5883155883105348987,2021-09,0.3670583
5883155883105348987,2021-09,0.39112267
5883155883105348987,2021-09,0.39112267
5883155883105348987,2021-09,0.39112267
5883155883105348987,2021-09,0.39112267
5883155883105348987,2021-10,0.4103959
5883155883105348987,2021-10,0.4103959
5883155883105348987,2021-10,0.7004697
5883155883105348987,2021-10,0.4103959
5883155883105348987,2021-10,0.4103959
5883155883105348987,2021-10,0.4103959
5883155883105348987,2021-10,0.40325496
5883155883105348987,2021-10,0.40325496
5883155883105348987,2021-10,0.4103959
5883155883105348987,2021-10,0.4103959
5883155883105348987,2021-10,0.4103959
5883155883105348987,2021-10,0.44970816
5883155883105348987,2021-10,0.4103959
5883155883105348987,2021-10,0.79023176
5883155883105348987,2021-10,0.3858973
5883155883105348987,2021-10,0.4103959
5883155883105348987,2021-10,0.4103959
5883155883105348987,2021-10,0.47862917
5883155883105348987,2021-11,0.77957433
5883155883105348987,2021-11,0.38409856
5883155883105348987,2021-11,0.3602107
5883155883105348987,2021-11,0.77144074
5883155883105348987,2021-11,0.38409856
5883155883105348987,2021-11,0.3602107
5883155883105348987,2021-11,0.5860925
5883155883105348987,2021-11,0.39112267
5883155883105348987,2021-11,0.8762806
5888474320320735000,2021-07,0.9349798
5888474320320735000,2021-07,0.47642428
5888474320320735000,2021-07,0.47642428
5888474320320735000,2021-07,0.48381042
5888474320320735000,2021-08,0.48381042
5888474320320735000,2021-08,0.48381042
5888474320320735000,2021-08,0.47642428
5888474320320735000,2021-08,0.48381042
5888474320320735000,2021-08,0.48381042
5888474320320735000,2021-09,0.5038714
5888474320320735000,2021-09,0.49647346
5888474320320735000,2021-09,0.49647346
5888474320320735000,2021-09,0.5038714
5888474320320735000,2021-09,0.5038714
5888474320320735000,2021-09,0.5038714
5888474320320735000,2021-09,0.5038714
5888474320320735000,2021-10,0.47255248
5888474320320735000,2021-10,0.47255248
5888474320320735000,2021-10,0.46486953
5888474320320735000,2021-10,0.47255248
5893903674205161232,2021-07,0.109128766
5893903674205161232,2021-07,0.5310965
5893903674205161232,2021-07,0.5310965
5893903674205161232,2021-07,0.4682536
5893903674205161232,2021-08,0.47950226
5893903674205161232,2021-08,0.47950226
5893903674205161232,2021-09,0.48560226
5893903674205161232,2021-10,0.47950226
5893903674205161232,2021-11,0.49377668
5897410907783139228,2021-07,0.04210714
5897410907783139228,2021-07,0.27314627
5897410907783139228,2021-07,0.26777986
5897410907783139228,2021-07,0.2308574
5897410907783139228,2021-07,0.2308574
5897410907783139228,2021-08,0.2670116
5897410907783139228,2021-08,0.2670116
5897410907783139228,2021-08,0.2665434
5897410907783139228,2021-08,0.2670116
5897410907783139228,2021-09,0.22294332
5897410907783139228,2021-09,0.21745124
5897410907783139228,2021-09,0.2225289
5897410907783139228,2021-09,0.22294332
5897410907783139228,2021-09,0.22294332
5897410907783139228,2021-10,0.25039014
5897410907783139228,2021-10,0.24994113
5897410907783139228,2021-10,0.25039014
5897410907783139228,2021-10,0.25039014
5897410907783139228,2021-10,0.25039014
5897410907783139228,2021-11,0.22294332
5897410907783139228,2021-11,0.9234439
5897410907783139228,2021-11,0.21785885
5897410907783139228,2021-11,0.22294332
5897410907783139228,2021-11,0.22294332
5901769182336230217,2021-07,0.27327853
5931905128207886847,2021-07,0.38265225
5931905128207886847,2021-09,0.2322392
5931905128207886847,2021-10,0.23081021
5931905128207886847,2021-10,0.22222745
5958664040344043635,2021-07,0.025674358
5958664040344043635,2021-07,0.16986632
5958664040344043635,2021-07,0.16986632
5958664040344043635,2021-08,0.16986632
5958664040344043635,2021-08,0.16986632
5958664040344043635,2021-09,0.18004274
5958664040344043635,2021-09,0.18445279
5958664040344043635,2021-10,0.18445279
5958664040344043635,2021-10,0.18445279
5974858472822751652,2021-07,0.053336117
5974858472822751652,2021-08,0.22361808
5974858472822751652,2021-09,0.21662784
5974858472822751652,2021-09,0.21164818
5974858472822751652,2021-09,0.21662784
5974858472822751652,2021-10,0.2129486
5974858472822751652,2021-10,0.20314056
5974858472822751652,2021-10,0.20314056
5974858472822751652,2021-10,0.20314056
5974858472822751652,2021-11,0.20981213
5974858472822751652,2021-11,0.20981213
5974858472822751652,2021-11,0.20981213
5974858472822751652,2021-11,0.8255415
5986344948775572227,2021-08,0.80799496
5986344948775572227,2021-10,0.8125031
5993765508162121762,2021-07,0.3684043
5993765508162121762,2021-07,0.3684043
5993765508162121762,2021-08,0.36772624
5993765508162121762,2021-08,0.44447812
5993765508162121762,2021-09,0.3782834
5993765508162121762,2021-09,0.3613498
5993765508162121762,2021-09,0.3613498
5993765508162121762,2021-10,0.35913944
5993765508162121762,2021-10,0.35913944
5993765508162121762,2021-10,0.35913944
5993765508162121762,2021-11,0.37238884
5993765508162121762,2021-11,0.34881678
5993765508162121762,2021-11,0.34212556
5993765508162121762,2021-11,0.34881678
5993765508162121762,2021-11,0.37238884
5993765508162121762,2021-11,0.34881678
5993832136957065909,2021-10,0.08438942
5999145415800242177,2021-07,0.10303906
5999145415800242177,2021-07,0.5428801
5999145415800242177,2021-07,0.20981213
5999145415800242177,2021-08,0.25178152
5999145415800242177,2021-08,0.24624778
5999145415800242177,2021-08,0.25178152
5999145415800242177,2021-08,0.25178152
5999145415800242177,2021-09,0.21662784
5999145415800242177,2021-09,0.21662784
5999145415800242177,2021-09,0.21662784
5999145415800242177,2021-10,0.20981213
5999145415800242177,2021-10,0.20494817
5999145415800242177,2021-10,0.83982027
5999145415800242177,2021-10,0.20981213
5999145415800242177,2021-10,0.20981213
5999145415800242177,2021-11,0.20981213
5999145415800242177,2021-11,0.20981213
5999145415800242177,2021-11,0.20494817
6012031176108922616,2021-07,0.28791445
6012031176108922616,2021-07,0.29434657
6012031176108922616,2021-08,0.82852787
6012031176108922616,2021-09,0.28823772
6012031176108922616,2021-10,0.28969675
6012031176108922616,2021-10,0.26911464
6012031176108922616,2021-10,0.26911464
6012031176108922616,2021-11,0.27471957
6012031176108922616,2021-11,0.28065488
6020593949794792044,2021-07,0.20848967
6020593949794792044,2021-07,0.15727614
6020593949794792044,2021-08,0.1385569
6020593949794792044,2021-08,0.1385569
6020593949794792044,2021-09,0.57896525
6020593949794792044,2021-09,0.16302948
6020593949794792044,2021-09,0.16302948
6020593949794792044,2021-09,0.16302948
6020593949794792044,2021-09,0.16302948
6020593949794792044,2021-09,0.16731465
6020593949794792044,2021-10,0.13873437
6020593949794792044,2021-10,0.1385569
6020593949794792044,2021-10,0.14230818
6020593949794792044,2021-10,0.14230818
6020593949794792044,2021-10,0.14230818
6020593949794792044,2021-10,0.14230818
6020593949794792044,2021-10,0.1385569
6030285068945261052,2021-07,0.031650532
6030285068945261052,2021-07,0.21407558
6030285068945261052,2021-07,0.18911232
6030285068945261052,2021-07,0.78448063
6030285068945261052,2021-07,0.18911232
6030285068945261052,2021-07,0.18911232
6030285068945261052,2021-08,0.19841172
6030285068945261052,2021-08,0.19319311
6030285068945261052,2021-08,0.19841172
6030285068945261052,2021-08,0.18911232
6030285068945261052,2021-08,0.18911232
6030285068945261052,2021-08,0.18911232
6030285068945261052,2021-08,0.19841172
6030285068945261052,2021-09,0.18007751
6030285068945261052,2021-09,0.18007751
6030285068945261052,2021-09,0.18448818
6030285068945261052,2021-09,0.18448818
6030285068945261052,2021-09,0.18448818
6030285068945261052,2021-10,0.17904943
6030285068945261052,2021-10,0.17904943
6030285068945261052,2021-11,0.18911232
6030285068945261052,2021-11,0.18461612
6053752047545474051,2021-07,0.086860195
6053752047545474051,2021-07,0.3793791
6053752047545474051,2021-07,0.3724369
6053752047545474051,2021-07,0.3724369
6053752047545474051,2021-07,0.39663288
6053752047545474051,2021-07,0.34655696
6053752047545474051,2021-07,0.34655696
6053752047545474051,2021-07,0.34655696
6053752047545474051,2021-07,0.34655696
6053752047545474051,2021-07,0.34655696
6053752047545474051,2021-07,0.34655696
6053752047545474051,2021-07,0.32377648
6053752047545474051,2021-07,0.34655696
6053752047545474051,2021-07,0.32377648
6053752047545474051,2021-07,0.6019063
6053752047545474051,2021-08,0.33858168
6053752047545474051,2021-08,0.33858168
6053752047545474051,2021-08,0.33858168
6053752047545474051,2021-08,0.33858168
6053752047545474051,2021-08,0.33198667
6053752047545474051,2021-08,0.40606982
6053752047545474051,2021-08,0.36184642
6053752047545474051,2021-08,0.33858168
6053752047545474051,2021-08,0.33858168
6053752047545474051,2021-08,0.33858168
6053752047545474051,2021-09,0.36184642
6053752047545474051,2021-09,0.36184642
6053752047545474051,2021-09,0.3550415
6053752047545474051,2021-09,0.33198667
6053752047545474051,2021-09,0.3550415
6053752047545474051,2021-09,0.33198667
6053752047545474051,2021-09,0.33198667
6053752047545474051,2021-09,0.3550415
6053752047545474051,2021-09,0.36184642
6053752047545474051,2021-09,0.36184642
6053752047545474051,2021-09,0.33858168
6053752047545474051,2021-09,0.36184642
6053752047545474051,2021-09,0.33858168
6053752047545474051,2021-10,0.36184642
6053752047545474051,2021-10,0.33858168
6053752047545474051,2021-10,0.36184642
6053752047545474051,2021-10,0.36184642
6053752047545474051,2021-10,0.33858168
6053752047545474051,2021-10,0.33858168
6053752047545474051,2021-10,0.36184642
6053752047545474051,2021-10,0.33198667
6053752047545474051,2021-10,0.3550415
6053752047545474051,2021-10,0.3550415
6053752047545474051,2021-10,0.33198667
6053752047545474051,2021-10,0.36184642
6053752047545474051,2021-10,0.36184642
6053752047545474051,2021-10,0.33858168
6053752047545474051,2021-10,0.33858168
6053752047545474051,2021-10,0.33858168
6053752047545474051,2021-10,0.36184642
6053752047545474051,2021-11,0.35149398
6053752047545474051,2021-11,0.35149398
6053752047545474051,2021-11,0.5982681
6053752047545474051,2021-11,0.32855216
6053752047545474051,2021-11,0.35149398
6053752047545474051,2021-11,0.32855216
6053752047545474051,2021-11,0.32855216
6053752047545474051,2021-11,0.32855216
6053752047545474051,2021-11,0.9328469
6053752047545474051,2021-11,0.35149398
6055129522348042687,2021-07,0.42524564
6055278873962623670,2021-08,0.097465515
6055278873962623670,2021-08,0.28644028
6055278873962623670,2021-09,0.29982784
6056959220685085102,2021-08,0.5998587
6056959220685085102,2021-09,0.33352795
6056959220685085102,2021-10,0.95615536
6056959220685085102,2021-10,0.3245711
6056959220685085102,2021-10,0.3116577
6056959220685085102,2021-10,0.31811774
6056959220685085102,2021-10,0.3116577
6061850657256270336,2021-07,0.13868324
6061850657256270336,2021-07,0.4477886
6061850657256270336,2021-07,0.39065376
6061850657256270336,2021-07,0.39065376
6061850657256270336,2021-07,0.39008406
6061850657256270336,2021-08,0.34004945
6061850657256270336,2021-08,0.34004945
6061850657256270336,2021-09,0.3738593
6061850657256270336,2021-09,0.36695835
6061850657256270336,2021-09,0.58701575
6061850657256270336,2021-09,0.3738593
6061850657256270336,2021-09,0.37329903
6061850657256270336,2021-10,0.3154144
6061850657256270336,2021-10,0.3154144
6061850657256270336,2021-10,0.31489772
6061850657256270336,2021-10,0.3154144
6061850657256270336,2021-10,0.3154144
6061850657256270336,2021-11,0.36437672
6061850657256270336,2021-11,0.36437672
6080407793834027692,2021-10,0.08139809
6089029916190588614,2021-11,0.40192273
6091519986999196884,2021-07,0.06336937
6091519986999196884,2021-07,0.3340682
6091519986999196884,2021-07,0.27637562
6091519986999196884,2021-08,0.27637562
6091519986999196884,2021-08,0.2704968
6091519986999196884,2021-08,0.27637562
6091519986999196884,2021-08,0.27637562
6091519986999196884,2021-08,0.28843972
6091519986999196884,2021-09,0.27637562
6091519986999196884,2021-10,0.27637562
6094038865287329652,2021-11,0.94325125
6098833389547425063,2021-07,0.22811292
6098833389547425063,2021-08,0.42479673
6098833389547425063,2021-08,0.42479673
6098833389547425063,2021-08,0.42479673
6098833389547425063,2021-08,0.42479673
6098833389547425063,2021-09,0.4001921
6098833389547425063,2021-09,0.40731585
6098833389547425063,2021-10,0.42819214
6098833389547425063,2021-10,0.8940198
6098833389547425063,2021-10,0.42819214
6098833389547425063,2021-11,0.41758263
6100972975033180377,2021-08,0.062301315
6100972975033180377,2021-08,0.38333902
6100972975033180377,2021-09,0.37636834
6100972975033180377,2021-10,0.38337767
6100972975033180377,2021-11,0.3906582
6100972975033180377,2021-11,0.3906582
6100972975033180377,2021-11,0.38333902
6100972975033180377,2021-11,0.3906582
6118873739225005756,2021-07,0.03038694
6118873739225005756,2021-08,0.2314121
6118873739225005756,2021-10,0.27489686
6118873739225005756,2021-10,0.27489686
6118873739225005756,2021-11,0.22943847
6122719618012473549,2021-07,0.12761489
6122719618012473549,2021-10,0.3249211
6122719618012473549,2021-10,0.9457784
6122719618012473549,2021-11,0.31266716
6122719618012473549,2021-11,0.31266716
6122719618012473549,2021-11,0.3190617
6134696632487351445,2021-07,0.07295485
6134696632487351445,2021-07,0.37413394
6134696632487351445,2021-07,0.3268694
6134696632487351445,2021-07,0.3268694
6134696632487351445,2021-08,0.35203114
6134696632487351445,2021-09,0.34531093
6134696632487351445,2021-09,0.35148528
6134696632487351445,2021-09,0.35203114
6134696632487351445,2021-09,0.35203114
6134696632487351445,2021-10,0.34178132
6134696632487351445,2021-11,0.34178132
6134696632487351445,2021-11,0.3351556
6134696632487351445,2021-11,0.5528912
6143250120040658989,2021-10,0.82822376
6145308913889808258,2021-07,0.9671301
6145308913889808258,2021-07,0.23834236
6145308913889808258,2021-08,0.21683224
6145308913889808258,2021-09,0.18235733
6145308913889808258,2021-09,0.187037
6164364689409425900,2021-07,0.05244597
6164364689409425900,2021-08,0.20894122
6164364689409425900,2021-09,0.20229024
6164364689409425900,2021-09,0.20229024
6164364689409425900,2021-10,0.20229024
6164364689409425900,2021-11,0.20229024
6186737197674630993,2021-07,0.06802462
6186737197674630993,2021-08,0.47358066
6186737197674630993,2021-08,0.22112118
6186737197674630993,2021-08,0.8940921
6198047969028248384,2021-07,0.078298464
6198047969028248384,2021-08,0.38019407
6198047969028248384,2021-08,0.93498534
6198047969028248384,2021-09,0.393743
6198047969028248384,2021-09,0.38670173
6198047969028248384,2021-09,0.4080414
6198047969028248384,2021-09,0.393743
6198047969028248384,2021-10,0.3846377
6198047969028248384,2021-10,0.37064597
6198047969028248384,2021-11,0.39186797
6198047969028248384,2021-11,0.37777463
6204723742351094322,2021-07,0.34135324
6204723742351094322,2021-07,0.1385569
6204723742351094322,2021-08,0.36538237
6204723742351094322,2021-09,0.16274908
6204723742351094322,2021-10,0.15727614
6204723742351094322,2021-10,0.15727614
6204723742351094322,2021-10,0.16143925
6204723742351094322,2021-11,0.8224424
6213213514675778388,2021-08,0.097139716
6213213514675778388,2021-08,0.2633308
6216982347344525048,2021-08,0.47602284
6216982347344525048,2021-08,0.4627062
6216982347344525048,2021-11,0.4827104
6217788509719675691,2021-07,0.37501633
6217788509719675691,2021-07,0.4290676
6217788509719675691,2021-07,0.35752696
6217788509719675691,2021-07,0.35752696
6217788509719675691,2021-07,0.35752696
6217788509719675691,2021-07,0.35752696
6217788509719675691,2021-08,0.35748944
6217788509719675691,2021-08,0.35748944
6217788509719675691,2021-08,0.35748944
6217788509719675691,2021-09,0.3668962
6217788509719675691,2021-09,0.3668962
6217788509719675691,2021-09,0.3668962
6217788509719675691,2021-09,0.3600499
6217788509719675691,2021-09,0.9303332
6217788509719675691,2021-09,0.3668962
6217788509719675691,2021-09,0.3668962
6217788509719675691,2021-10,0.35752696
6217788509719675691,2021-10,0.35752696
6217788509719675691,2021-10,0.35752696
6217788509719675691,2021-11,0.35748944
6217788509719675691,2021-11,0.35748944
6217788509719675691,2021-11,0.35748944
6217788509719675691,2021-11,0.35748944
6217788509719675691,2021-11,0.35748944
6238903426443761049,2021-07,0.2031687
6238903426443761049,2021-07,0.387394
6238903426443761049,2021-07,0.35724986
6238903426443761049,2021-07,0.35670036
6238903426443761049,2021-07,0.35670036
6238903426443761049,2021-08,0.3734407
6238903426443761049,2021-08,0.61242354
6238903426443761049,2021-08,0.3728808
6238903426443761049,2021-08,0.3659874
6238903426443761049,2021-08,0.3728808
6238903426443761049,2021-08,0.3728808
6238903426443761049,2021-08,0.3728808
6238903426443761049,2021-08,0.3728808
6238903426443761049,2021-08,0.3728808
6238903426443761049,2021-09,0.36666414
6238903426443761049,2021-09,0.3598197
6238903426443761049,2021-09,0.87715775
6238903426443761049,2021-09,0.36666414
6238903426443761049,2021-09,0.36666414
6238903426443761049,2021-09,0.36666414
6238903426443761049,2021-09,0.3672202
6238903426443761049,2021-09,0.36666414
6238903426443761049,2021-10,0.33974603
6238903426443761049,2021-10,0.34641525
6238903426443761049,2021-10,0.34641525
6238903426443761049,2021-10,0.34641525
6238903426443761049,2021-10,0.34641525
6238903426443761049,2021-10,0.34641525
6238903426443761049,2021-10,0.34641525
6238903426443761049,2021-10,0.34641525
6238903426443761049,2021-10,0.34641525
6238903426443761049,2021-11,0.36666414
6238903426443761049,2021-11,0.36666414
6238903426443761049,2021-11,0.3598197
6238903426443761049,2021-11,0.36666414
6238903426443761049,2021-11,0.36666414
6238903426443761049,2021-11,0.36666414
6242636379248496392,2021-07,0.10825149
6242636379248496392,2021-07,0.2372016
6242636379248496392,2021-07,0.22659811
6242636379248496392,2021-07,0.22659811
6242636379248496392,2021-08,0.192157
6242636379248496392,2021-08,0.18760514
6242636379248496392,2021-08,0.21274303
6242636379248496392,2021-08,0.18308382
6242636379248496392,2021-08,0.18308382
6242636379248496392,2021-08,0.18308382
6242636379248496392,2021-09,0.192157
6242636379248496392,2021-09,0.17869934
6271697692808086495,2021-07,0.047106165
6271697692808086495,2021-07,0.21662784
6271697692808086495,2021-07,0.21662784
6271697692808086495,2021-07,0.21662784
6271697692808086495,2021-07,0.21662784
6271697692808086495,2021-07,0.21662784
6271697692808086495,2021-08,0.19839242
6271697692808086495,2021-08,0.20314056
6271697692808086495,2021-08,0.20314056
6271697692808086495,2021-08,0.20314056
6271697692808086495,2021-08,0.20314056
6271697692808086495,2021-09,0.20314056
6271697692808086495,2021-09,0.20314056
6271697692808086495,2021-10,0.22361808
6271697692808086495,2021-10,0.22361808
6271697692808086495,2021-10,0.22361808
6271697692808086495,2021-11,0.21164818
6276792736652545216,2021-07,0.08023033
6276792736652545216,2021-07,0.35748944
6276792736652545216,2021-08,0.37127757
6276792736652545216,2021-08,0.35748944
6276792736652545216,2021-08,0.37127757
6276792736652545216,2021-09,0.38083208
6276792736652545216,2021-09,0.3600499
6276792736652545216,2021-09,0.3600499
6276792736652545216,2021-09,0.37387934
6276792736652545216,2021-09,0.38083208
6276792736652545216,2021-10,0.37127757
6276792736652545216,2021-10,0.37127757
6276792736652545216,2021-10,0.6455955
6276792736652545216,2021-10,0.35748944
6276792736652545216,2021-10,0.37127757
6276792736652545216,2021-11,0.36443445
6276792736652545216,2021-11,0.37131572
6284433051333854194,2021-07,0.06953698
6284433051333854194,2021-08,0.48009107
6284433051333854194,2021-08,0.4652523
6284433051333854194,2021-09,0.4652523
6284433051333854194,2021-09,0.4652523
6284433051333854194,2021-09,0.4652523
6284433051333854194,2021-09,0.4652523
6284433051333854194,2021-10,0.47283354
6284433051333854194,2021-10,0.47283354
6284433051333854194,2021-11,0.4721069
6284433051333854194,2021-11,0.47948745
6284433051333854194,2021-11,0.47948745
6330043096034525408,2021-07,0.5616101
6330043096034525408,2021-07,0.32377648
6330043096034525408,2021-07,0.34655696
6330043096034525408,2021-07,0.32377648
6330043096034525408,2021-08,0.82471544
6330043096034525408,2021-08,0.952504
6330043096034525408,2021-08,0.36466876
6330043096034525408,2021-08,0.38193232
6330043096034525408,2021-08,0.36466876
6330043096034525408,2021-08,0.36466876
6330043096034525408,2021-09,0.6106773
6330043096034525408,2021-09,0.32377648
6330043096034525408,2021-09,0.8916981
6330043096034525408,2021-09,0.32377648
6330043096034525408,2021-09,0.32377648
6330043096034525408,2021-09,0.32377648
6330043096034525408,2021-10,0.32855216
6330043096034525408,2021-10,0.32855216
6330043096034525408,2021-10,0.32855216
6330043096034525408,2021-10,0.32855216
6330043096034525408,2021-10,0.87765694
6330043096034525408,2021-10,0.32855216
6330043096034525408,2021-10,0.35149398
6330043096034525408,2021-10,0.9328469
6330043096034525408,2021-10,0.87765694
6330043096034525408,2021-10,0.35149398
6330043096034525408,2021-10,0.95158154
6330043096034525408,2021-10,0.32855216
6330043096034525408,2021-10,0.32855216
6330043096034525408,2021-11,0.32377648
6330043096034525408,2021-11,0.32377648
6335613629467537085,2021-11,0.70291513
6337915293429442229,2021-07,0.29706138
6337915293429442229,2021-08,0.27361792
6337915293429442229,2021-08,0.27953863
6337915293429442229,2021-10,0.27953863
6337915293429442229,2021-10,0.27953863
6338963608593807081,2021-10,0.049198344
6349142675790687765,2021-07,0.51839477
6349142675790687765,2021-07,0.3393322
6349142675790687765,2021-07,0.3393322
6349142675790687765,2021-07,0.3393322
6349142675790687765,2021-08,0.33861828
6349142675790687765,2021-08,0.33861828
6349142675790687765,2021-08,0.36188415
6349142675790687765,2021-08,0.33861828
6349142675790687765,2021-08,0.33861828
6349142675790687765,2021-08,0.33861828
6349142675790687765,2021-08,0.33861828
6349142675790687765,2021-08,0.33861828
6349142675790687765,2021-08,0.90797275
6349142675790687765,2021-08,0.33861828
6349142675790687765,2021-08,0.33861828
6349142675790687765,2021-09,0.38260728
6349142675790687765,2021-09,0.3653312
6349142675790687765,2021-10,0.33275557
6349142675790687765,2021-11,0.33861828
6352592240901579272,2021-07,0.059353985
6352592240901579272,2021-07,0.24542688
6352592240901579272,2021-09,0.23082545
6352592240901579272,2021-09,0.22555168
6352592240901579272,2021-11,0.24195908
6367769402148499693,2021-07,0.06481819
6367769402148499693,2021-07,0.33946294
6367769402148499693,2021-07,0.2973864
6367769402148499693,2021-07,0.2973864
6367769402148499693,2021-07,0.28725246
6367769402148499693,2021-08,0.3023993
6367769402148499693,2021-08,0.30867815
6367769402148499693,2021-09,0.28725246
6367769402148499693,2021-09,0.28725246
6367769402148499693,2021-09,0.28725246
6367769402148499693,2021-10,0.29661617
6367769402148499693,2021-10,0.29661617
6367769402148499693,2021-10,0.29661617
6367769402148499693,2021-10,0.29661617
6367769402148499693,2021-11,0.28725246
6368582840625614207,2021-07,0.025632296
6368582840625614207,2021-08,0.1500508
6368582840625614207,2021-09,0.23521468
6368582840625614207,2021-10,0.1908848
6368582840625614207,2021-10,0.1908848
6373947691253940364,2021-07,0.19355379
6394935036014530592,2021-07,0.07153314
6394935036014530592,2021-07,0.26117694
6394935036014530592,2021-07,0.26117694
6394935036014530592,2021-07,0.26117694
6394935036014530592,2021-07,0.26117694
6394935036014530592,2021-08,0.25534555
6394935036014530592,2021-08,0.25534555
6394935036014530592,2021-09,0.24975967
6394935036014530592,2021-09,0.25534555
6394935036014530592,2021-10,0.26117694
6394935036014530592,2021-10,0.26117694
6394935036014530592,2021-10,0.25550723
6394935036014530592,2021-10,0.26117694
6394935036014530592,2021-10,0.26117694
6394935036014530592,2021-10,0.26117694
6394935036014530592,2021-10,0.26117694
6394935036014530592,2021-10,0.26117694
6394935036014530592,2021-10,0.26117694
6394935036014530592,2021-11,0.25534555
6394935036014530592,2021-11,0.25534555
6394935036014530592,2021-11,0.25534555
6394935036014530592,2021-11,0.25534555
6394935036014530592,2021-11,0.25534555
6394935036014530592,2021-11,0.80586886
6394935036014530592,2021-11,0.25534555
6448234172949059931,2021-08,0.72858036
6448580780254847411,2021-07,0.027752804
6448580780254847411,2021-07,0.20085955
6448580780254847411,2021-07,0.18883397
6448580780254847411,2021-07,0.18883397
6448580780254847411,2021-09,0.21678387
6448580780254847411,2021-09,0.21678387
6448580780254847411,2021-10,0.18883397
6448580780254847411,2021-10,0.18041109
6448580780254847411,2021-11,0.2138262
6448580780254847411,2021-11,0.21909702
6456490958004500912,2021-08,0.4194256
6457349126437565385,2021-10,0.68024474
6457349126437565385,2021-10,0.57061946
6462952350255736003,2021-07,0.071846955
6462952350255736003,2021-07,0.37834835
6462952350255736003,2021-08,0.3982969
6462952350255736003,2021-08,0.3982969
6462952350255736003,2021-08,0.3982969
6462952350255736003,2021-09,0.36885712
6462952350255736003,2021-09,0.36885712
6462952350255736003,2021-10,0.36881906
6462952350255736003,2021-10,0.36881906
6471448246085839373,2021-07,0.02950033
6471448246085839373,2021-07,0.19795853
6471448246085839373,2021-08,0.17777759
6471448246085839373,2021-08,0.17777759
6471448246085839373,2021-08,0.17777759
6471448246085839373,2021-08,0.17777759
6471448246085839373,2021-09,0.1734932
6471448246085839373,2021-09,0.17777759
6471448246085839373,2021-09,0.17777759
6471448246085839373,2021-09,0.17777759
6471448246085839373,2021-10,0.17777759
6471448246085839373,2021-11,0.2045036
6486277549325701534,2021-08,0.07690188
6486277549325701534,2021-08,0.49559456
6486277549325701534,2021-08,0.50299245
6486277549325701534,2021-08,0.50299245
6486277549325701534,2021-08,0.50299245
6486277549325701534,2021-09,0.49559456
6486277549325701534,2021-09,0.50299245
6486277549325701534,2021-09,0.50299245
6486277549325701534,2021-09,0.50299245
6486277549325701534,2021-09,0.50299245
6486277549325701534,2021-09,0.50299245
6486277549325701534,2021-10,0.50299245
6486277549325701534,2021-10,0.50299245
6486277549325701534,2021-10,0.50299245
6486277549325701534,2021-10,0.50299245
6486277549325701534,2021-11,0.50299245
6486277549325701534,2021-11,0.50299245
6486277549325701534,2021-11,0.50299245
6518776090651183119,2021-10,0.88558066
6521201759558790083,2021-07,0.060021758
6521201759558790083,2021-10,0.4267245
6521201759558790083,2021-10,0.4122274
6521201759558790083,2021-10,0.4122274
6528158819463595826,2021-08,0.027656136
6528158819463595826,2021-08,0.18883397
6528158819463595826,2021-08,0.18883397
6528158819463595826,2021-09,0.18434286
6528158819463595826,2021-09,0.18883397
6528158819463595826,2021-11,0.2113556
6528158819463595826,2021-11,0.2116034
6528158819463595826,2021-11,0.2113556
6532139198609901627,2021-08,0.04843494
6532139198609901627,2021-08,0.6975935
6532139198609901627,2021-09,0.30534503
6532139198609901627,2021-09,0.3116577
6532139198609901627,2021-10,0.65744317
6532139198609901627,2021-10,0.3116577
6532139198609901627,2021-11,0.3116577
6532139198609901627,2021-11,0.65744317
6535356415509860671,2021-07,0.097259425
6545052034269841737,2021-07,0.0895864
6545052034269841737,2021-07,0.48365772
6545052034269841737,2021-07,0.48365772
6545052034269841737,2021-07,0.47686887
6545052034269841737,2021-07,0.4436358
6545052034269841737,2021-07,0.44422674
6545052034269841737,2021-07,0.86297137
6545052034269841737,2021-07,0.4436358
6545052034269841737,2021-07,0.44422674
6545052034269841737,2021-07,0.4436358
6545052034269841737,2021-08,0.44422674
6545052034269841737,2021-08,0.4436358
6545052034269841737,2021-08,0.44422674
6545052034269841737,2021-08,0.43693334
6545052034269841737,2021-08,0.4363445
6545052034269841737,2021-08,0.44422674
6545052034269841737,2021-09,0.4803218
6545052034269841737,2021-09,0.4803218
6545052034269841737,2021-09,0.4803218
6545052034269841737,2021-09,0.8791096
6545052034269841737,2021-09,0.4803218
6545052034269841737,2021-09,0.4803218
6545052034269841737,2021-09,0.48091942
6545052034269841737,2021-10,0.4701666
6545052034269841737,2021-10,0.70972204
6545052034269841737,2021-10,0.4701666
6545052034269841737,2021-10,0.4701666
6545052034269841737,2021-10,0.46308357
6545052034269841737,2021-10,0.4701666
6545052034269841737,2021-10,0.4701666
6545052034269841737,2021-11,0.4436358
6546850858912852316,2021-07,0.7125917
6546850858912852316,2021-07,0.4496582
6546850858912852316,2021-07,0.4496582
6546850858912852316,2021-07,0.4496582
6546850858912852316,2021-07,0.4496582
6546850858912852316,2021-08,0.9486214
6546850858912852316,2021-08,0.46472728
6546850858912852316,2021-09,0.44771352
6546850858912852316,2021-09,0.43304196
6546850858912852316,2021-09,0.44771352
6546850858912852316,2021-09,0.43304196
6546850858912852316,2021-09,0.43304196
6546850858912852316,2021-10,0.46472728
6546850858912852316,2021-10,0.46472728
6547707428090179960,2021-07,0.25496143
6547707428090179960,2021-07,0.50726604
6547707428090179960,2021-07,0.50726604
6547707428090179960,2021-08,0.537129
6547707428090179960,2021-09,0.47038484
6547707428090179960,2021-09,0.47038484
6547707428090179960,2021-09,0.47038484
6547707428090179960,2021-10,0.6280541
6547707428090179960,2021-10,0.6280541
6547707428090179960,2021-10,0.62834865
6547707428090179960,2021-11,0.73209226
6547707428090179960,2021-11,0.4630198
6547707428090179960,2021-11,0.47038484
6547872039250784411,2021-07,0.9650012
6547872039250784411,2021-08,0.9222936
6547872039250784411,2021-08,0.9014628
6547872039250784411,2021-10,0.91291195
6582676833651678345,2021-07,0.034016475
6582676833651678345,2021-07,0.2675488
6582676833651678345,2021-07,0.2675488
6582676833651678345,2021-07,0.2675488
6582676833651678345,2021-07,0.2675488
6582676833651678345,2021-07,0.2675488
6582676833651678345,2021-07,0.26178977
6582676833651678345,2021-07,0.26178977
6582676833651678345,2021-07,0.25565973
6582676833651678345,2021-07,0.25565973
6582676833651678345,2021-08,0.27141142
6582676833651678345,2021-08,0.27141142
6582676833651678345,2021-08,0.27141142
6582676833651678345,2021-08,0.26559943
6582676833651678345,2021-08,0.26559943
6582676833651678345,2021-08,0.27666217
6582676833651678345,2021-08,0.2776005
6582676833651678345,2021-08,0.27141142
6582676833651678345,2021-08,0.27141142
6582676833651678345,2021-09,0.2625578
6582676833651678345,2021-09,0.2625578
6582676833651678345,2021-09,0.25686854
6582676833651678345,2021-09,0.25686854
6582676833651678345,2021-09,0.25686854
6582676833651678345,2021-09,0.25686854
6582676833651678345,2021-09,0.2625578
6582676833651678345,2021-09,0.2625578
6582676833651678345,2021-09,0.2625578
6582676833651678345,2021-09,0.26861936
6582676833651678345,2021-09,0.2625578
6582676833651678345,2021-09,0.2625578
6582676833651678345,2021-10,0.27141142
6582676833651678345,2021-10,0.27141142
6582676833651678345,2021-10,0.27141142
6582676833651678345,2021-10,0.26559943
6582676833651678345,2021-10,0.8308026
6582676833651678345,2021-10,0.62080777
6582676833651678345,2021-10,0.2776005
6582676833651678345,2021-10,0.27141142
6582676833651678345,2021-10,0.62080777
6582676833651678345,2021-10,0.62080777
6582676833651678345,2021-11,0.27141142
6582676833651678345,2021-11,0.27141142
6582676833651678345,2021-11,0.2776005
6582676833651678345,2021-11,0.27141142
6582676833651678345,2021-11,0.62080777
6582676833651678345,2021-11,0.61381716
6582676833651678345,2021-11,0.27141142
6582676833651678345,2021-11,0.27141142
6582676833651678345,2021-11,0.62080777
6594970822995540982,2021-07,0.09416263
6594970822995540982,2021-08,0.8890595
6594970822995540982,2021-09,0.49173927
6598561842700412652,2021-08,0.9631388
6598561842700412652,2021-08,0.7319187
6598561842700412652,2021-08,0.85921085
6598561842700412652,2021-08,0.7060395
6598561842700412652,2021-10,0.80719274
6615694774618628402,2021-08,0.24568702
6615694774618628402,2021-08,0.246205
6615694774618628402,2021-08,0.24568702
6615694774618628402,2021-08,0.24568702
6615694774618628402,2021-08,0.24568702
6615694774618628402,2021-09,0.2532178
6615694774618628402,2021-09,0.24759711
6615694774618628402,2021-09,0.24759711
6615694774618628402,2021-09,0.24759711
6615694774618628402,2021-09,0.24759711
6615694774618628402,2021-10,0.24008912
6615694774618628402,2021-11,0.22027858
6615694774618628402,2021-11,0.22027858
6617479989097680138,2021-07,0.2662419
6617479989097680138,2021-09,0.3071231
6617479989097680138,2021-09,0.8954294
6617479989097680138,2021-09,0.3358709
6617479989097680138,2021-09,0.31345594
6617479989097680138,2021-10,0.89288926
6617479989097680138,2021-11,0.30144125
6633838062940819075,2021-07,0.06338204
6633838062940819075,2021-07,0.42279577
6633838062940819075,2021-07,0.42279577
6633838062940819075,2021-08,0.4300334
6633838062940819075,2021-09,0.46483877
6633838062940819075,2021-09,0.46483877
6633838062940819075,2021-10,0.4300334
6633838062940819075,2021-10,0.41806892
6633838062940819075,2021-10,0.41806892
6633838062940819075,2021-10,0.41806892
6633838062940819075,2021-10,0.41806892
6633838062940819075,2021-10,0.41806892
6633838062940819075,2021-10,0.41806892
6633838062940819075,2021-10,0.41806892
6633838062940819075,2021-11,0.41806892
6633838062940819075,2021-11,0.41806892
6633838062940819075,2021-11,0.41806892
6636325081217917184,2021-08,0.59093505
6643358471662528195,2021-07,0.022783045
6643358471662528195,2021-07,0.1385569
6643358471662528195,2021-07,0.1385569
6643358471662528195,2021-08,0.9221992
6643358471662528195,2021-08,0.16302948
6643358471662528195,2021-09,0.16302948
6643358471662528195,2021-10,0.1385569
6643358471662528195,2021-11,0.1385569
6643358471662528195,2021-11,0.1385569
6662531979151878793,2021-07,0.061332013
6662531979151878793,2021-08,0.35748944
6662531979151878793,2021-09,0.36439657
6662531979151878793,2021-09,0.37127757
6662531979151878793,2021-09,0.37127757
6662531979151878793,2021-09,0.35748944
6662531979151878793,2021-10,0.35748944
6662531979151878793,2021-11,0.37756422
6662531979151878793,2021-11,0.37756422
6681781879793693802,2021-07,0.062461104
6681781879793693802,2021-08,0.34694088
6681781879793693802,2021-09,0.33777282
6681781879793693802,2021-10,0.3318317
6681781879793693802,2021-10,0.3318317
6681781879793693802,2021-11,0.325117
6681781879793693802,2021-11,0.325117
6704528044328834201,2021-08,0.09963245
6715993871935527857,2021-08,0.81935817
6715993871935527857,2021-08,0.26875553
6715993871935527857,2021-10,0.8137556
6721448955097663572,2021-07,0.096171685
6721448955097663572,2021-07,0.27623913
6721448955097663572,2021-07,0.29714462
6721448955097663572,2021-07,0.2616287
6721448955097663572,2021-07,0.24236028
6721448955097663572,2021-07,0.24236028
6721448955097663572,2021-07,0.24236028
6721448955097663572,2021-07,0.24236028
6721448955097663572,2021-08,0.23731557
6721448955097663572,2021-08,0.21930598
6721448955097663572,2021-08,0.21930598
6721448955097663572,2021-08,0.21428159
6721448955097663572,2021-08,0.21428159
6721448955097663572,2021-08,0.30276728
6721448955097663572,2021-09,0.23595993
6721448955097663572,2021-09,0.23595993
6721448955097663572,2021-10,0.24887073
6721448955097663572,2021-10,0.24887073
6721448955097663572,2021-10,0.24887073
6721448955097663572,2021-10,0.24887073
6721448955097663572,2021-10,0.24887073
6721448955097663572,2021-11,0.21930598
6721448955097663572,2021-11,0.21930598
6722781660631652440,2021-08,0.053756233
6722781660631652440,2021-09,0.26685455
6722781660631652440,2021-11,0.5067416
6724017568171288443,2021-07,0.044227764
6724017568171288443,2021-07,0.24915324
6724017568171288443,2021-08,0.27016288
6724017568171288443,2021-09,0.278267
6724017568171288443,2021-09,0.2777865
6724017568171288443,2021-10,0.24053831
6731795019313479942,2021-08,0.020515898
6731795019313479942,2021-08,0.1500508
6731795019313479942,2021-10,0.1908848
6754039979151386401,2021-07,0.11394289
6754039979151386401,2021-08,0.2873878
6754039979151386401,2021-08,0.28136575
6754039979151386401,2021-08,0.2753507
6754039979151386401,2021-08,0.2753507
6754039979151386401,2021-09,0.2753507
6754039979151386401,2021-09,0.2873878
6754039979151386401,2021-10,0.2873878
6754039979151386401,2021-10,0.2753507
6759864637454708017,2021-07,0.11140276
6759864637454708017,2021-07,0.41718772
6759864637454708017,2021-07,0.41718772
6759864637454708017,2021-07,0.36932614
6759864637454708017,2021-07,0.36932614
6759864637454708017,2021-07,0.36932614
6759864637454708017,2021-07,0.36932614
6759864637454708017,2021-07,0.36932614
6759864637454708017,2021-08,0.41132313
6759864637454708017,2021-08,0.41772875
6759864637454708017,2021-08,0.41132313
6759864637454708017,2021-08,0.8916198
6759864637454708017,2021-08,0.41132313
6759864637454708017,2021-08,0.41132313
6759864637454708017,2021-08,0.41132313
6759864637454708017,2021-08,0.41132313
6759864637454708017,2021-09,0.42187008
6759864637454708017,2021-09,0.42910367
6759864637454708017,2021-09,0.42910367
6759864637454708017,2021-09,0.42910367
6759864637454708017,2021-09,0.42910367
6759864637454708017,2021-09,0.42910367
6759864637454708017,2021-09,0.42910367
6759864637454708017,2021-10,0.36932614
6759864637454708017,2021-10,0.3624605
6759864637454708017,2021-10,0.36932614
6759864637454708017,2021-10,0.36932614
6759864637454708017,2021-10,0.36932614
6759864637454708017,2021-10,0.36932614
6759864637454708017,2021-10,0.36932614
6759864637454708017,2021-10,0.36932614
6759864637454708017,2021-10,0.36932614
6759864637454708017,2021-10,0.36932614
6759864637454708017,2021-11,0.3624605
6759864637454708017,2021-11,0.36932614
6784879562354696650,2021-07,0.47832313
6784879562354696650,2021-07,0.27561083
6784879562354696650,2021-08,0.34301582
6784879562354696650,2021-09,0.27561083
6784879562354696650,2021-09,0.2697422
6784879562354696650,2021-09,0.27561083
6784879562354696650,2021-10,0.27561083
6784879562354696650,2021-10,0.2697422
6784879562354696650,2021-10,0.27561083
6784879562354696650,2021-10,0.27561083
6784879562354696650,2021-11,0.27561083
6784879562354696650,2021-11,0.27561083
6784879562354696650,2021-11,0.27561083
6795467882769787169,2021-07,0.06661896
6795467882769787169,2021-07,0.4431361
6795467882769787169,2021-07,0.4431361
6795467882769787169,2021-08,0.8552527
6795467882769787169,2021-08,0.4360356
6795467882769787169,2021-08,0.4360356
6795467882769787169,2021-09,0.41806892
6795467882769787169,2021-09,0.84105235
6795467882769787169,2021-09,0.41806892
6795467882769787169,2021-09,0.41806892
6795467882769787169,2021-10,0.41088748
6795467882769787169,2021-10,0.41806892
6795467882769787169,2021-10,0.41806892
6795467882769787169,2021-10,0.41806892
6795467882769787169,2021-10,0.41806892
6795467882769787169,2021-10,0.41806892
6795467882769787169,2021-11,0.42877293
6795467882769787169,2021-11,0.4360356
6795467882769787169,2021-11,0.8552527
6795467882769787169,2021-11,0.46132606
6796564304742670823,2021-07,0.6373529
6810366761249506182,2021-07,0.10343007
6810366761249506182,2021-10,0.3996473
6817075905797098547,2021-07,0.3235774
6817075905797098547,2021-07,0.23429029
6817075905797098547,2021-08,0.48073077
6817075905797098547,2021-08,0.4837519
6817075905797098547,2021-08,0.4837519
6817075905797098547,2021-08,0.4837519
6817075905797098547,2021-08,0.4837519
6817075905797098547,2021-08,0.4837519
6817075905797098547,2021-08,0.4837519
6817075905797098547,2021-09,0.4837519
6817075905797098547,2021-10,0.21959603
6817075905797098547,2021-10,0.5439561
6817075905797098547,2021-10,0.5439561
6817075905797098547,2021-10,0.5439561
6817075905797098547,2021-10,0.5439561
6817075905797098547,2021-10,0.5439561
6817075905797098547,2021-11,0.54151034
6824842959463625344,2021-07,0.7454187
6826420906256954294,2021-10,0.2530462
6828316696355015040,2021-07,0.08221114
6828316696355015040,2021-07,0.5003559
6828316696355015040,2021-08,0.5003559
6828316696355015040,2021-08,0.5003559
6828316696355015040,2021-08,0.5003559
6828316696355015040,2021-08,0.5003559
6828316696355015040,2021-09,0.5003559
6828316696355015040,2021-09,0.49295834
6828316696355015040,2021-09,0.48811036
6828316696355015040,2021-10,0.47881794
6842075380768862290,2021-08,0.057647716
6842075380768862290,2021-08,0.26446936
6842075380768862290,2021-08,0.26446936
6842075380768862290,2021-09,0.2837387
6842075380768862290,2021-10,0.26446936
6842075380768862290,2021-10,0.26446936
6842075380768862290,2021-11,0.26446936
6842075380768862290,2021-11,0.26446936
6842075380768862290,2021-11,0.26446936
6842075380768862290,2021-11,0.26446936
6858769421191999702,2021-07,0.086722024
6858769421191999702,2021-08,0.51937056
6858769421191999702,2021-08,0.20314056
6858769421191999702,2021-08,0.20314056
6858769421191999702,2021-08,0.20314056
6858769421191999702,2021-09,0.20314056
6858769421191999702,2021-09,0.19839242
6858769421191999702,2021-09,0.20314056
6858769421191999702,2021-09,0.20314056
6858769421191999702,2021-09,0.20314056
6858769421191999702,2021-09,0.20314056
6858769421191999702,2021-09,0.20314056
6858769421191999702,2021-10,0.51937056
6858769421191999702,2021-11,0.20314056
6858769421191999702,2021-11,0.20314056
6858769421191999702,2021-11,0.20314056
6865071386683133124,2021-07,0.092324585
6865071386683133124,2021-08,0.33944917
6865071386683133124,2021-08,0.33944917
6865071386683133124,2021-08,0.3328458
6865071386683133124,2021-09,0.34963816
6865071386683133124,2021-09,0.34963816
6871485876456523363,2021-09,0.06795632
6885171468891031140,2021-07,0.042856175
6885171468891031140,2021-08,0.19086652
6885171468891031140,2021-08,0.19086652
6885171468891031140,2021-08,0.19086652
6885171468891031140,2021-08,0.19086652
6885171468891031140,2021-09,0.22693026
6885171468891031140,2021-09,0.42688224
6885171468891031140,2021-10,0.19518809
6893616200284527465,2021-11,0.3973995
6909701795322574613,2021-07,0.21206819
6909701795322574613,2021-08,0.27281144
6909701795322574613,2021-11,0.21206819
6914631631926429447,2021-08,0.09414587
6915663759082844184,2021-10,0.58371776
6916556752218696485,2021-07,0.11334783
6916556752218696485,2021-07,0.24488513
6916556752218696485,2021-07,0.24488513
6916556752218696485,2021-07,0.24488513
6916556752218696485,2021-07,0.23901878
6916556752218696485,2021-07,0.2394545
6916556752218696485,2021-07,0.2394545
6916556752218696485,2021-07,0.2394545
6916556752218696485,2021-07,0.23901878
6916556752218696485,2021-07,0.23901878
6916556752218696485,2021-07,0.2394545
6916556752218696485,2021-07,0.23901878
6916556752218696485,2021-07,0.21301064
6916556752218696485,2021-07,0.21341223
6916556752218696485,2021-07,0.21341223
6916556752218696485,2021-07,0.21301064
6916556752218696485,2021-07,0.21301064
6916556752218696485,2021-07,0.21301064
6916556752218696485,2021-07,0.21301064
6916556752218696485,2021-07,0.21341223
6916556752218696485,2021-07,0.21341223
6916556752218696485,2021-07,0.21341223
6916556752218696485,2021-07,0.21341223
6916556752218696485,2021-07,0.21301064
6916556752218696485,2021-08,0.21301064
6916556752218696485,2021-08,0.21301064
6916556752218696485,2021-08,0.21341223
6916556752218696485,2021-08,0.21301064
6916556752218696485,2021-08,0.21301064
6916556752218696485,2021-08,0.21301064
6916556752218696485,2021-08,0.21301064
6916556752218696485,2021-08,0.2084868
6916556752218696485,2021-08,0.27649194
6916556752218696485,2021-08,0.21341223
6916556752218696485,2021-08,0.21301064
6916556752218696485,2021-08,0.21301064
6916556752218696485,2021-08,0.21301064
6916556752218696485,2021-08,0.21341223
6916556752218696485,2021-08,0.21341223
6916556752218696485,2021-09,0.25624493
6916556752218696485,2021-09,0.25624493
6916556752218696485,2021-09,0.25624493
6916556752218696485,2021-09,0.25624493
6916556752218696485,2021-09,0.25670144
6916556752218696485,2021-09,0.25670144
6916556752218696485,2021-09,0.25624493
6916556752218696485,2021-09,0.25624493
6916556752218696485,2021-09,0.30486208
6916556752218696485,2021-09,0.25670144
6916556752218696485,2021-09,0.25064597
6916556752218696485,2021-09,0.25109586
6916556752218696485,2021-09,0.25064597
6916556752218696485,2021-09,0.25109586
6916556752218696485,2021-09,0.25670144
6916556752218696485,2021-09,0.25624493
6916556752218696485,2021-09,0.25670144
6916556752218696485,2021-09,0.25624493
6916556752218696485,2021-09,0.5791259
6916556752218696485,2021-10,0.21301064
6916556752218696485,2021-10,0.21301064
6916556752218696485,2021-10,0.21341223
6916556752218696485,2021-10,0.21341223
6916556752218696485,2021-10,0.2084868
6916556752218696485,2021-10,0.21341223
6916556752218696485,2021-10,0.21341223
6916556752218696485,2021-10,0.21301064
6916556752218696485,2021-10,0.21301064
6916556752218696485,2021-10,0.21301064
6916556752218696485,2021-10,0.21341223
6916556752218696485,2021-10,0.21341223
6916556752218696485,2021-10,0.21341223
6916556752218696485,2021-10,0.21301064
6916556752218696485,2021-10,0.21341223
6916556752218696485,2021-10,0.21341223
6916556752218696485,2021-11,0.27844137
6916556752218696485,2021-11,0.2789226
6916556752218696485,2021-11,0.2789226
6916556752218696485,2021-11,0.26692945
6916556752218696485,2021-11,0.27301
6916556752218696485,2021-11,0.27301
6916556752218696485,2021-11,0.2789226
6916556752218696485,2021-11,0.27275977
6916556752218696485,2021-11,0.8861828
6916556752218696485,2021-11,0.2789226
6916556752218696485,2021-11,0.2789226
6916556752218696485,2021-11,0.27844137
6926309382371178621,2021-07,0.04032606
6926309382371178621,2021-08,0.27215317
6926309382371178621,2021-09,0.27374703
6926309382371178621,2021-11,0.26633108
6927178425683104769,2021-07,0.108089164
6927178425683104769,2021-07,0.28811154
6927178425683104769,2021-07,0.23845223
6927178425683104769,2021-07,0.23845223
6927178425683104769,2021-08,0.25943103
6927178425683104769,2021-08,0.25943103
6927178425683104769,2021-09,0.23845223
6927178425683104769,2021-09,0.23845223
6927178425683104769,2021-09,0.23312019
6927178425683104769,2021-09,0.23845223
6927178425683104769,2021-09,0.23845223
6927178425683104769,2021-09,0.23845223
6927178425683104769,2021-10,0.23845223
6927178425683104769,2021-10,0.24943154
6927178425683104769,2021-10,0.23845223
6927178425683104769,2021-10,0.23845223
6927178425683104769,2021-10,0.23845223
6927178425683104769,2021-10,0.23845223
6927178425683104769,2021-10,0.23845223
6927178425683104769,2021-11,0.51522815
6927178425683104769,2021-11,0.25943103
6927178425683104769,2021-11,0.25943103
6941381638534728190,2021-07,0.031298917
6941381638534728190,2021-07,0.2497715
6941381638534728190,2021-07,0.2497715
6941381638534728190,2021-08,0.23166586
6941381638534728190,2021-08,0.2369749
6941381638534728190,2021-08,0.2369749
6941381638534728190,2021-09,0.22815447
6941381638534728190,2021-09,0.22789289
6941381638534728190,2021-09,0.22789289
6941381638534728190,2021-10,0.20259055
6941381638534728190,2021-10,0.20259055
6941381638534728190,2021-11,0.20765756
6941381638534728190,2021-11,0.20765756
6941381638534728190,2021-11,0.20765756
6941381638534728190,2021-11,0.8962235
6950439982480713649,2021-07,0.7962004
6950439982480713649,2021-07,0.4290275
6950439982480713649,2021-07,0.35748944
6950439982480713649,2021-08,0.4311809
6950439982480713649,2021-08,0.45874193
6950439982480713649,2021-09,0.35685763
6950439982480713649,2021-09,0.37063542
6950439982480713649,2021-09,0.3636777
6950439982480713649,2021-11,0.38718092
6964108750473070287,2021-07,0.22833635
6964108750473070287,2021-07,0.48078078
6964108750473070287,2021-07,0.31372342
6964108750473070287,2021-07,0.31372342
6964108750473070287,2021-07,0.31372342
6964108750473070287,2021-07,0.31372342
6964108750473070287,2021-07,0.31372342
6964108750473070287,2021-07,0.31372342
6964108750473070287,2021-07,0.31372342
6964108750473070287,2021-07,0.31372342
6964108750473070287,2021-07,0.31372342
6964108750473070287,2021-07,0.31372342
6964108750473070287,2021-07,0.48078078
6964108750473070287,2021-07,0.31372342
6964108750473070287,2021-07,0.31372342
6964108750473070287,2021-07,0.48078078
6964108750473070287,2021-07,0.48078078
6964108750473070287,2021-07,0.31372342
6964108750473070287,2021-07,0.48078078
6964108750473070287,2021-07,0.31372342
6964108750473070287,2021-07,0.4733984
6964108750473070287,2021-07,0.30738756
6964108750473070287,2021-07,0.48737252
6964108750473070287,2021-07,0.48737252
6964108750473070287,2021-07,0.3194338
6964108750473070287,2021-07,0.48078078
6964108750473070287,2021-07,0.48078078
6964108750473070287,2021-07,0.31372342
6964108750473070287,2021-07,0.48078078
6964108750473070287,2021-07,0.31372342
6964108750473070287,2021-08,0.31372342
6964108750473070287,2021-08,0.31372342
6964108750473070287,2021-08,0.31372342
6964108750473070287,2021-08,0.31372342
6964108750473070287,2021-08,0.4450292
6964108750473070287,2021-08,0.4450292
6964108750473070287,2021-08,0.31372342
6964108750473070287,2021-08,0.4450292
6964108750473070287,2021-08,0.31372342
6964108750473070287,2021-08,0.31372342
6964108750473070287,2021-08,0.4450292
6964108750473070287,2021-08,0.31372342
6964108750473070287,2021-08,0.31372342
6964108750473070287,2021-08,0.5843325
6964108750473070287,2021-08,0.31372342
6964108750473070287,2021-08,0.4450292
6964108750473070287,2021-08,0.31372342
6964108750473070287,2021-08,0.31372342
6964108750473070287,2021-08,0.4450292
6964108750473070287,2021-08,0.31372342
6964108750473070287,2021-08,0.31372342
6964108750473070287,2021-08,0.4450292
6964108750473070287,2021-08,0.31372342
6964108750473070287,2021-08,0.31372342
6964108750473070287,2021-08,0.31372342
6964108750473070287,2021-08,0.31372342
6964108750473070287,2021-08,0.4450292
6964108750473070287,2021-08,0.31372342
6964108750473070287,2021-08,0.31372342
6964108750473070287,2021-08,0.4450292
6964108750473070287,2021-08,0.31372342
6964108750473070287,2021-08,0.31372342
6964108750473070287,2021-08,0.30738756
6964108750473070287,2021-08,0.30738756
6964108750473070287,2021-08,0.30738756
6964108750473070287,2021-08,0.30738756
6964108750473070287,2021-08,0.30738756
6964108750473070287,2021-08,0.30738756
6964108750473070287,2021-08,0.31372342
6964108750473070287,2021-08,0.4450292
6964108750473070287,2021-08,0.31372342
6964108750473070287,2021-08,0.4450292
6964108750473070287,2021-08,0.31372342
6964108750473070287,2021-08,0.31372342
6964108750473070287,2021-08,0.31372342
6964108750473070287,2021-09,0.3040917
6964108750473070287,2021-09,0.46952915
6964108750473070287,2021-09,0.3040917
6964108750473070287,2021-09,0.3040917
6964108750473070287,2021-09,0.3040917
6964108750473070287,2021-09,0.5733335
6964108750473070287,2021-09,0.46952915
6964108750473070287,2021-09,0.3040917
6964108750473070287,2021-09,0.3040917
6964108750473070287,2021-09,0.3040917
6964108750473070287,2021-09,0.46952915
6964108750473070287,2021-09,0.3040917
6964108750473070287,2021-09,0.3040917
6964108750473070287,2021-09,0.46952915
6964108750473070287,2021-09,0.3040917
6964108750473070287,2021-09,0.46952915
6964108750473070287,2021-09,0.46952915
6964108750473070287,2021-09,0.3040917
6964108750473070287,2021-09,0.3040917
6964108750473070287,2021-09,0.3040917
6964108750473070287,2021-09,0.46952915
6964108750473070287,2021-09,0.5733335
6964108750473070287,2021-09,0.46952915
6964108750473070287,2021-09,0.3040917
6964108750473070287,2021-09,0.3040917
6964108750473070287,2021-09,0.46952915
6964108750473070287,2021-09,0.3040917
6964108750473070287,2021-09,0.3040917
6964108750473070287,2021-09,0.29786596
6964108750473070287,2021-09,0.29786596
6964108750473070287,2021-09,0.29786596
6964108750473070287,2021-09,0.29786596
6964108750473070287,2021-09,0.29786596
6964108750473070287,2021-09,0.29786596
6964108750473070287,2021-09,0.46952915
6964108750473070287,2021-09,0.46952915
6964108750473070287,2021-09,0.3040917
6964108750473070287,2021-09,0.46952915
6964108750473070287,2021-09,0.3040917
6964108750473070287,2021-09,0.46952915
6964108750473070287,2021-09,0.46952915
6964108750473070287,2021-10,0.31372342
6964108750473070287,2021-10,0.31372342
6964108750473070287,2021-10,0.31372342
6964108750473070287,2021-10,0.31372342
6964108750473070287,2021-10,0.31372342
6964108750473070287,2021-10,0.31372342
6964108750473070287,2021-10,0.48078078
6964108750473070287,2021-10,0.48078078
6964108750473070287,2021-10,0.31372342
6964108750473070287,2021-10,0.31372342
6964108750473070287,2021-10,0.31372342
6964108750473070287,2021-10,0.31372342
6964108750473070287,2021-10,0.48078078
6964108750473070287,2021-10,0.31372342
6964108750473070287,2021-10,0.31372342
6964108750473070287,2021-10,0.31372342
6964108750473070287,2021-10,0.31372342
6964108750473070287,2021-10,0.31372342
6964108750473070287,2021-10,0.31372342
6964108750473070287,2021-10,0.31372342
6964108750473070287,2021-10,0.31372342
6964108750473070287,2021-10,0.31372342
6964108750473070287,2021-10,0.31372342
6964108750473070287,2021-10,0.48078078
6964108750473070287,2021-10,0.48078078
6964108750473070287,2021-10,0.48078078
6964108750473070287,2021-10,0.48078078
6964108750473070287,2021-10,0.31372342
6964108750473070287,2021-10,0.31372342
6964108750473070287,2021-10,0.31372342
6964108750473070287,2021-10,0.31372342
6964108750473070287,2021-10,0.31372342
6964108750473070287,2021-10,0.31372342
6964108750473070287,2021-10,0.30738756
6964108750473070287,2021-10,0.30738756
6964108750473070287,2021-10,0.31372342
6964108750473070287,2021-10,0.31372342
6964108750473070287,2021-10,0.48078078
6964108750473070287,2021-10,0.48078078
6964108750473070287,2021-11,0.32255664
6964108750473070287,2021-11,0.32255664
6964108750473070287,2021-11,0.32255664
6964108750473070287,2021-11,0.32255664
6964108750473070287,2021-11,0.32255664
6964108750473070287,2021-11,0.40663046
6964108750473070287,2021-11,0.40663046
6964108750473070287,2021-11,0.32255664
6964108750473070287,2021-11,0.40663046
6964108750473070287,2021-11,0.32255664
6964108750473070287,2021-11,0.32255664
6964108750473070287,2021-11,0.32255664
6964108750473070287,2021-11,0.32255664
6964108750473070287,2021-11,0.32255664
6964108750473070287,2021-11,0.32255664
6964108750473070287,2021-11,0.32255664
6964108750473070287,2021-11,0.32255664
6964108750473070287,2021-11,0.32255664
6964108750473070287,2021-11,0.32255664
6968106554514688300,2021-08,0.12893964
6968106554514688300,2021-09,0.8714603
6968106554514688300,2021-10,0.26471955
6968106554514688300,2021-10,0.26471955
6968106554514688300,2021-10,0.8695519
6968106554514688300,2021-11,0.49930847
6968106554514688300,2021-11,0.3733037
6969348581033924947,2021-07,0.08233776
6969348581033924947,2021-07,0.43281585
6969348581033924947,2021-07,0.43281585
6969348581033924947,2021-07,0.43281585
6969348581033924947,2021-07,0.40757036
6969348581033924947,2021-07,0.8951358
6969348581033924947,2021-07,0.40757036
6969348581033924947,2021-07,0.40757036
6969348581033924947,2021-07,0.40757036
6969348581033924947,2021-07,0.40699247
6969348581033924947,2021-07,0.40757036
6969348581033924947,2021-08,0.8951358
6969348581033924947,2021-08,0.40757036
6969348581033924947,2021-08,0.40757036
6969348581033924947,2021-08,0.45791274
6969348581033924947,2021-08,0.40757036
6969348581033924947,2021-08,0.40757036
6969348581033924947,2021-08,0.40699247
6969348581033924947,2021-08,0.40757036
6969348581033924947,2021-08,0.40699247
6969348581033924947,2021-08,0.40757036
6969348581033924947,2021-08,0.40757036
6969348581033924947,2021-09,0.41642952
6969348581033924947,2021-09,0.4086778
6969348581033924947,2021-09,0.41642952
6969348581033924947,2021-09,0.41642952
6969348581033924947,2021-09,0.41642952
6969348581033924947,2021-09,0.41584787
6969348581033924947,2021-09,0.41642952
6969348581033924947,2021-09,0.41642952
6969348581033924947,2021-09,0.41642952
6969348581033924947,2021-09,0.41642952
6969348581033924947,2021-09,0.41642952
6969348581033924947,2021-09,0.41642952
6969348581033924947,2021-10,0.41584787
6969348581033924947,2021-10,0.41642952
6969348581033924947,2021-10,0.41642952
6969348581033924947,2021-10,0.41642952
6969348581033924947,2021-10,0.4086778
6969348581033924947,2021-10,0.41642952
6969348581033924947,2021-10,0.41642952
6969348581033924947,2021-10,0.41642952
6969348581033924947,2021-10,0.41642952
6969348581033924947,2021-10,0.41642952
6969348581033924947,2021-10,0.41642952
6969348581033924947,2021-10,0.41584787
6969348581033924947,2021-11,0.40044516
6969348581033924947,2021-11,0.40757036
6969348581033924947,2021-11,0.40757036
6969348581033924947,2021-11,0.40699247
6969348581033924947,2021-11,0.40757036
6969348581033924947,2021-11,0.40757036
6969348581033924947,2021-11,0.40757036
6969348581033924947,2021-11,0.40757036
6978269497652315763,2021-08,0.26843646
6985631100944640910,2021-08,0.45396182
6985631100944640910,2021-10,0.30414397
6985631100944640910,2021-10,0.30414397
6985631100944640910,2021-10,0.30414397
6987942592445950913,2021-07,0.08715406
6987942592445950913,2021-07,0.32119504
6987942592445950913,2021-07,0.32119504
6987942592445950913,2021-07,0.31477752
6987942592445950913,2021-08,0.25615036
6987942592445950913,2021-08,0.25615036
6987942592445950913,2021-08,0.25615036
6987942592445950913,2021-09,0.26484144
6987942592445950913,2021-09,0.2591201
6987942592445950913,2021-09,0.26484144
6987942592445950913,2021-09,0.26484144
6987942592445950913,2021-09,0.26484144
6987942592445950913,2021-10,0.25615036
6987942592445950913,2021-10,0.25615036
6987942592445950913,2021-10,0.25615036
6987942592445950913,2021-10,0.7443511
6987942592445950913,2021-10,0.25615036
6987942592445950913,2021-11,0.26398614
6987942592445950913,2021-11,0.26398614
6987942592445950913,2021-11,0.26398614
6987942592445950913,2021-11,0.26398614
6987942592445950913,2021-11,0.7443511
6999154286942764669,2021-09,0.9209952
6999154286942764669,2021-09,0.87770927
7031913170099381454,2021-07,0.86579
7031913170099381454,2021-08,0.46194127
7031913170099381454,2021-08,0.46194127
7031913170099381454,2021-09,0.50889254
7031913170099381454,2021-09,0.48333412
7031913170099381454,2021-10,0.47317323
7031913170099381454,2021-10,0.47317323
7031913170099381454,2021-11,0.51415527
7038761645302069945,2021-07,0.11437019
7038761645302069945,2021-08,0.7158224
7038761645302069945,2021-11,0.46074164
7041489327620930099,2021-07,0.1883564
7041489327620930099,2021-07,0.35748944
7041489327620930099,2021-07,0.37127757
7041489327620930099,2021-08,0.35748944
7041489327620930099,2021-08,0.37127757
7041489327620930099,2021-09,0.37756422
7041489327620930099,2021-10,0.37127757
7041489327620930099,2021-11,0.35748944
7060969657673447359,2021-09,0.18308245
7061868716439556791,2021-08,0.9662497
7067471043900250355,2021-07,0.14199285
7067471043900250355,2021-07,0.2129486
7067471043900250355,2021-07,0.2129486
7067471043900250355,2021-08,0.26427343
7067471043900250355,2021-08,0.22690167
7067471043900250355,2021-08,0.22690167
7067471043900250355,2021-08,0.22175269
7067471043900250355,2021-08,0.22175269
7067471043900250355,2021-08,0.92659783
7067471043900250355,2021-08,0.92067474
7076661330300123587,2021-08,0.025582734
7076661330300123587,2021-09,0.20757502
7085295800541340563,2021-07,0.08233486
7085295800541340563,2021-07,0.20314056
7085295800541340563,2021-07,0.20314056
7085295800541340563,2021-07,0.48342115
7085295800541340563,2021-07,0.20314056
7085295800541340563,2021-08,0.2081129
7085295800541340563,2021-08,0.4000649
7085295800541340563,2021-08,0.83502734
7085295800541340563,2021-08,0.2081129
7085295800541340563,2021-08,0.2081129
7085295800541340563,2021-08,0.21809533
7085295800541340563,2021-09,0.83502734
7085295800541340563,2021-09,0.4170536
7085295800541340563,2021-10,0.2081129
7085295800541340563,2021-10,0.2081129
7085295800541340563,2021-10,0.40718794
7085295800541340563,2021-10,0.2081129
7085295800541340563,2021-10,0.40718794
7085295800541340563,2021-10,0.2081129
7085295800541340563,2021-10,0.2081129
7085295800541340563,2021-11,0.42945263
7085295800541340563,2021-11,0.22359802
7085295800541340563,2021-11,0.22359802
7085295800541340563,2021-11,0.22877724
7085295800541340563,2021-11,0.43671796
7105441534376526569,2021-08,0.042434286
7120090169052575663,2021-07,0.06826565
7120090169052575663,2021-07,0.32164228
7120090169052575663,2021-07,0.32164228
7120090169052575663,2021-07,0.32164228
7120090169052575663,2021-08,0.3371466
7120090169052575663,2021-08,0.3371466
7120090169052575663,2021-09,0.2935788
7120090169052575663,2021-09,0.2935788
7120090169052575663,2021-09,0.2935788
7120090169052575663,2021-09,0.2997532
7120090169052575663,2021-09,0.2997532
7120090169052575663,2021-10,0.2997532
7120090169052575663,2021-10,0.2997532
7120090169052575663,2021-10,0.2997532
7120090169052575663,2021-11,0.32164228
7120090169052575663,2021-11,0.32164228
7138126049219817285,2021-08,0.05962742
7141263195360679278,2021-07,0.49237877
7141263195360679278,2021-07,0.52373105
7141263195360679278,2021-07,0.52373105
7141263195360679278,2021-08,0.8763698
7141263195360679278,2021-08,0.48683557
7141263195360679278,2021-08,0.48683557
7141263195360679278,2021-08,0.6436526
7141263195360679278,2021-08,0.6436526
7141263195360679278,2021-09,0.50689876
7141263195360679278,2021-09,0.50689876
7141263195360679278,2021-09,0.66184336
7141263195360679278,2021-09,0.50689876
7141263195360679278,2021-10,0.53518397
7141263195360679278,2021-10,0.53518397
7141263195360679278,2021-10,0.5345884
7141263195360679278,2021-10,0.53518397
7141263195360679278,2021-10,0.5345884
7141263195360679278,2021-10,0.53518397
7141263195360679278,2021-10,0.53518397
7141263195360679278,2021-10,0.5345884
7141263195360679278,2021-11,0.5061701
7141263195360679278,2021-11,0.5061701
7141263195360679278,2021-11,0.51356506
7141263195360679278,2021-11,0.51356506
7142043104834932013,2021-07,0.4939025
7142043104834932013,2021-08,0.35291076
7142043104834932013,2021-08,0.35291076
7142043104834932013,2021-08,0.35291076
7142043104834932013,2021-09,0.28783262
7142043104834932013,2021-09,0.28783262
7142043104834932013,2021-09,0.28783262
7142043104834932013,2021-10,0.29411286
7142043104834932013,2021-10,0.29411286
7171835894416689226,2021-07,0.11337756
7171835894416689226,2021-09,0.3218646
7176848230239877915,2021-07,0.025674358
7176848230239877915,2021-07,0.19289342
7176848230239877915,2021-07,0.9242189
7176848230239877915,2021-07,0.16986632
7176848230239877915,2021-08,0.17851351
7176848230239877915,2021-08,0.17810431
7176848230239877915,2021-08,0.1736004
7176848230239877915,2021-10,0.17568605
7176848230239877915,2021-10,0.17568605
7176848230239877915,2021-10,0.17568605
7176848230239877915,2021-11,0.1736004
7176848230239877915,2021-11,0.1738137
7176848230239877915,2021-11,0.92225367
7177785309735471560,2021-07,0.05997795
7177785309735471560,2021-07,0.40603474
7177785309735471560,2021-07,0.3601518
7177785309735471560,2021-07,0.35302165
7177785309735471560,2021-07,0.35302165
7177785309735471560,2021-08,0.29615688
7177785309735471560,2021-08,0.28972003
7177785309735471560,2021-08,0.29615688
7177785309735471560,2021-08,0.28972003
7177785309735471560,2021-09,0.29615688
7177785309735471560,2021-09,0.28366858
7177785309735471560,2021-09,0.2900259
7177785309735471560,2021-09,0.28366858
7177785309735471560,2021-09,0.82662576
7177785309735471560,2021-09,0.28972003
7177785309735471560,2021-09,0.28972003
7177785309735471560,2021-09,0.28972003
7177785309735471560,2021-09,0.28972003
7177785309735471560,2021-10,0.3517475
7177785309735471560,2021-10,0.3517475
7177785309735471560,2021-10,0.34502983
7177785309735471560,2021-10,0.34502983
7177785309735471560,2021-10,0.3517475
7177785309735471560,2021-10,0.3517475
7177785309735471560,2021-10,0.3517475
7177785309735471560,2021-10,0.3517475
7177785309735471560,2021-10,0.3517475
7177785309735471560,2021-11,0.34022808
7177785309735471560,2021-11,0.34022808
7177785309735471560,2021-11,0.3336172
7182085930008391174,2021-07,0.13909361
7182085930008391174,2021-07,0.3553294
7182085930008391174,2021-07,0.29559487
7182085930008391174,2021-08,0.27637562
7182085930008391174,2021-08,0.3153145
7182085930008391174,2021-09,0.28389117
7182085930008391174,2021-09,0.27791387
7182085930008391174,2021-09,0.27791387
7182085930008391174,2021-09,0.28389117
7182085930008391174,2021-10,0.27637562
7182085930008391174,2021-10,0.27637562
7182085930008391174,2021-11,0.27637562
7200509200540839533,2021-07,0.049503222
7200509200540839533,2021-07,0.27016288
7200509200540839533,2021-09,0.24328941
7200509200540839533,2021-09,0.24833149
7200509200540839533,2021-10,0.24053831
7200509200540839533,2021-10,0.24010126
7200509200540839533,2021-10,0.24010126
7206599058451025691,2021-08,0.31716564
7206599058451025691,2021-08,0.65030223
7206599058451025691,2021-10,0.4696283
7206599058451025691,2021-10,0.4696283
7215053254854713098,2021-09,0.06656421
7215053254854713098,2021-11,0.2847509
7215053254854713098,2021-11,0.29081607
7215093571368368138,2021-07,0.2299879
7215093571368368138,2021-07,0.24497345
7215093571368368138,2021-07,0.24541645
7215093571368368138,2021-07,0.24541645
7215093571368368138,2021-07,0.24497345
7215093571368368138,2021-07,0.24541645
7215093571368368138,2021-07,0.24541645
7215093571368368138,2021-07,0.24497345
7215093571368368138,2021-07,0.24497345
7215093571368368138,2021-07,0.24497345
7215093571368368138,2021-08,0.2308574
7215093571368368138,2021-08,0.22564487
7215093571368368138,2021-08,0.2252269
7215093571368368138,2021-08,0.23043264
7215093571368368138,2021-08,0.2308574
7215093571368368138,2021-08,0.23043264
7215093571368368138,2021-08,0.23043264
7215093571368368138,2021-09,0.23043264
7215093571368368138,2021-09,0.23043264
7215093571368368138,2021-09,0.23043264
7215093571368368138,2021-09,0.23043264
7215093571368368138,2021-09,0.2308574
7215093571368368138,2021-09,0.2308574
7215093571368368138,2021-10,0.2225289
7215093571368368138,2021-10,0.22294332
7215093571368368138,2021-10,0.21785885
7215093571368368138,2021-10,0.21745124
7215093571368368138,2021-10,0.2225289
7215093571368368138,2021-10,0.21764404
7215093571368368138,2021-11,0.2553597
7215093571368368138,2021-11,0.2553597
7221446976321358973,2021-08,0.1074565
7221446976321358973,2021-09,0.50271314
7221446976321358973,2021-09,0.49531528
7221446976321358973,2021-11,0.50469
7222128416864635362,2021-11,0.3973995
7229721428946324455,2021-11,0.7800898
7231408738455755015,2021-07,0.9375667
7231408738455755015,2021-07,0.45075083
7231408738455755015,2021-07,0.40169266
7231408738455755015,2021-07,0.40169266
7231408738455755015,2021-07,0.40169266
7231408738455755015,2021-07,0.40169266
7231408738455755015,2021-07,0.89303553
7231408738455755015,2021-08,0.4154998
7231408738455755015,2021-08,0.88864857
7231408738455755015,2021-09,0.41735867
7231408738455755015,2021-09,0.8951515
7231408738455755015,2021-09,0.41735867
7231408738455755015,2021-10,0.43315938
7231408738455755015,2021-10,0.90106636
7231408738455755015,2021-10,0.43315938
7231408738455755015,2021-10,0.43315938
7231408738455755015,2021-10,0.43315938
7231408738455755015,2021-11,0.4559046
7231408738455755015,2021-11,0.4559046
7231408738455755015,2021-11,0.4559046
7236776406341522879,2021-07,0.06691931
7236776406341522879,2021-09,0.2865705
7236776406341522879,2021-10,0.30042067
7236776406341522879,2021-10,0.30042067
7236776406341522879,2021-11,0.29423833
7246466789138290692,2021-07,0.10380592
7246466789138290692,2021-09,0.50934315
7246466789138290692,2021-09,0.4911777
7260748352873493818,2021-08,0.32946908
7260748352873493818,2021-10,0.36640245
7260748352873493818,2021-11,0.31489772
7268895973869107930,2021-07,0.07199174
7268895973869107930,2021-07,0.26573282
7268895973869107930,2021-08,0.2500453
7268895973869107930,2021-08,0.2500453
7268895973869107930,2021-09,0.21272336
7268895973869107930,2021-09,0.21272336
7268895973869107930,2021-09,0.21272336
7268895973869107930,2021-09,0.21272336
7268895973869107930,2021-09,0.21272336
7268895973869107930,2021-09,0.21272336
7268895973869107930,2021-09,0.20756511
7268895973869107930,2021-10,0.21272336
7268895973869107930,2021-10,0.21272336
7268895973869107930,2021-10,0.21272336
7268895973869107930,2021-10,0.21272336
7268895973869107930,2021-10,0.20756511
7268895973869107930,2021-10,0.20756511
7268895973869107930,2021-10,0.20756511
7268895973869107930,2021-10,0.21272336
7268895973869107930,2021-11,0.20756511
7268895973869107930,2021-11,0.20756511
7268895973869107930,2021-11,0.21272336
7268895973869107930,2021-11,0.20756511
7268895973869107930,2021-11,0.21272336
7268895973869107930,2021-11,0.21272336
7268895973869107930,2021-11,0.20756511
7269781193318890653,2021-07,0.039977252
7269781193318890653,2021-07,0.23665817
7269781193318890653,2021-07,0.19772264
7269781193318890653,2021-07,0.20630918
7269781193318890653,2021-08,0.21379527
7269781193318890653,2021-08,0.21379527
7269781193318890653,2021-09,0.20326903
7269781193318890653,2021-10,0.3955821
7269781193318890653,2021-10,0.19851863
7269781193318890653,2021-10,0.20326903
7269781193318890653,2021-10,0.20326903
7269781193318890653,2021-11,0.19710925
7269781193318890653,2021-11,0.19710925
7269781193318890653,2021-11,0.19710925
7269781193318890653,2021-11,0.2049003
7269781193318890653,2021-11,0.18874186
7289435138601868544,2021-07,0.07779683
7289435138601868544,2021-07,0.19562685
7289435138601868544,2021-07,0.19101223
7289435138601868544,2021-07,0.17498669
7289435138601868544,2021-07,0.17498669
7289435138601868544,2021-08,0.2170879
7289435138601868544,2021-08,0.2170879
7289435138601868544,2021-09,0.22408874
7289435138601868544,2021-09,0.22408874
7289435138601868544,2021-10,0.1809436
7289435138601868544,2021-10,0.1809436
7289435138601868544,2021-10,0.1809436
7289435138601868544,2021-10,0.1809436
7289435138601868544,2021-10,0.1809436
7289435138601868544,2021-10,0.1809436
7325545718770538459,2021-07,0.057056002
7325545718770538459,2021-07,0.32233053
7325545718770538459,2021-07,0.32233053
7325545718770538459,2021-07,0.31590086
7325545718770538459,2021-07,0.31590086
7325545718770538459,2021-07,0.31590086
7325545718770538459,2021-07,0.9060372
7325545718770538459,2021-07,0.3001195
7325545718770538459,2021-07,0.3001195
7325545718770538459,2021-07,0.3001195
7325545718770538459,2021-07,0.3001195
7325545718770538459,2021-07,0.3001195
7325545718770538459,2021-07,0.3001195
7325545718770538459,2021-07,0.3001195
7325545718770538459,2021-07,0.3001195
7325545718770538459,2021-07,0.3001195
7325545718770538459,2021-07,0.3001195
7325545718770538459,2021-08,0.30107
7325545718770538459,2021-08,0.30107
7325545718770538459,2021-08,0.30107
7325545718770538459,2021-08,0.30107
7325545718770538459,2021-08,0.30107
7325545718770538459,2021-08,0.29487994
7325545718770538459,2021-08,0.30665302
7325545718770538459,2021-08,0.30107
7325545718770538459,2021-08,0.30107
7325545718770538459,2021-08,0.30107
7325545718770538459,2021-08,0.30107
7325545718770538459,2021-08,0.30107
7325545718770538459,2021-08,0.30107
7325545718770538459,2021-08,0.30107
7325545718770538459,2021-08,0.5443168
7325545718770538459,2021-09,0.27798805
7325545718770538459,2021-09,0.27798805
7325545718770538459,2021-09,0.27798805
7325545718770538459,2021-09,0.27798805
7325545718770538459,2021-09,0.27798805
7325545718770538459,2021-09,0.27798805
7325545718770538459,2021-09,0.27798805
7325545718770538459,2021-09,0.2720878
7325545718770538459,2021-09,0.2720878
7325545718770538459,2021-09,0.2720878
7325545718770538459,2021-09,0.2720878
7325545718770538459,2021-09,0.27798805
7325545718770538459,2021-09,0.27798805
7325545718770538459,2021-09,0.27798805
7325545718770538459,2021-09,0.27798805
7325545718770538459,2021-09,0.27798805
7325545718770538459,2021-09,0.27798805
7325545718770538459,2021-09,0.27798805
7325545718770538459,2021-09,0.27798805
7325545718770538459,2021-09,0.27798805
7325545718770538459,2021-09,0.27798805
7325545718770538459,2021-10,0.27798805
7325545718770538459,2021-10,0.27798805
7325545718770538459,2021-10,0.27798805
7325545718770538459,2021-10,0.27798805
7325545718770538459,2021-10,0.27846876
7325545718770538459,2021-10,0.27798805
7325545718770538459,2021-10,0.27798805
7325545718770538459,2021-10,0.27798805
7325545718770538459,2021-10,0.27798805
7325545718770538459,2021-10,0.27798805
7325545718770538459,2021-10,0.27798805
7325545718770538459,2021-10,0.27798805
7325545718770538459,2021-11,0.30107
7325545718770538459,2021-11,0.29487994
7325545718770538459,2021-11,0.30107
7325545718770538459,2021-11,0.30107
7325545718770538459,2021-11,0.30107
7325545718770538459,2021-11,0.30107
7325545718770538459,2021-11,0.30107
7330131219998265639,2021-07,0.04007218
7330131219998265639,2021-08,0.19567756
7330131219998265639,2021-08,0.19567756
7330131219998265639,2021-08,0.45920092
7330131219998265639,2021-09,0.21251078
7330131219998265639,2021-09,0.23179016
7330131219998265639,2021-09,0.8251937
7330131219998265639,2021-10,0.44910637
7330131219998265639,2021-11,0.1899858
7330131219998265639,2021-11,0.1899858
7347715771145302549,2021-07,0.045792636
7347715771145302549,2021-07,0.2610365
7347715771145302549,2021-07,0.27552164
7347715771145302549,2021-07,0.25536877
7347715771145302549,2021-07,0.21964426
7347715771145302549,2021-07,0.21964426
7347715771145302549,2021-07,0.21964426
7347715771145302549,2021-08,0.21964426
7347715771145302549,2021-08,0.21964426
7347715771145302549,2021-08,0.21964426
7347715771145302549,2021-08,0.23255537
7347715771145302549,2021-08,0.21964426
7347715771145302549,2021-09,0.21964426
7347715771145302549,2021-09,0.86734617
7347715771145302549,2021-09,0.23255537
7347715771145302549,2021-09,0.21964426
7347715771145302549,2021-09,0.23255537
7347715771145302549,2021-09,0.23255537
7347715771145302549,2021-10,0.22959106
7347715771145302549,2021-10,0.22439878
7347715771145302549,2021-10,0.22959106
7347715771145302549,2021-10,0.8737813
7347715771145302549,2021-10,0.22959106
7347715771145302549,2021-10,0.22959106
7347715771145302549,2021-10,0.24290484
7347715771145302549,2021-11,0.23255537
7347715771145302549,2021-11,0.22731581
7347715771145302549,2021-11,0.21964426
7347715771145302549,2021-11,0.23255537
7347753999527316260,2021-10,0.9649755
7347753999527316260,2021-11,0.8861841
7367321179169390502,2021-07,0.8335525
7367321179169390502,2021-09,0.90788925
7367321179169390502,2021-11,0.9056199
7387419407817356825,2021-11,0.22469154
7395696797140470088,2021-07,0.06885413
7395696797140470088,2021-07,0.40335944
7395696797140470088,2021-07,0.40335944
7395696797140470088,2021-07,0.3336007
7395696797140470088,2021-08,0.3336007
7395696797140470088,2021-08,0.3336007
7395696797140470088,2021-08,0.3336007
7395696797140470088,2021-08,0.34696496
7395696797140470088,2021-09,0.35307118
7395696797140470088,2021-09,0.3329892
7395696797140470088,2021-09,0.3329892
7395696797140470088,2021-09,0.3329892
7395696797140470088,2021-09,0.339594
7395696797140470088,2021-10,0.3336007
7395696797140470088,2021-10,0.3336007
7395696797140470088,2021-11,0.3336007
7395696797140470088,2021-11,0.32705477
7395696797140470088,2021-11,0.3336007
7395696797140470088,2021-11,0.3336007
7397206777205091443,2021-07,0.10731398
7397206777205091443,2021-11,0.33579788
7398738404146260251,2021-07,0.058640417
7398738404146260251,2021-07,0.26588896
7398738404146260251,2021-08,0.2718732
7398738404146260251,2021-09,0.32786041
7398738404146260251,2021-09,0.32786041
7398738404146260251,2021-09,0.32786041
7398738404146260251,2021-09,0.32137278
7398738404146260251,2021-09,0.33474532
7398738404146260251,2021-09,0.32786041
7398738404146260251,2021-10,0.27718613
7398738404146260251,2021-10,0.27718613
7398738404146260251,2021-10,0.81363636
7398738404146260251,2021-11,0.7989596
7398738404146260251,2021-11,0.26588896
7403979270048469991,2021-07,0.02904397
7403979270048469991,2021-07,0.77838683
7403979270048469991,2021-08,0.1500508
7403979270048469991,2021-08,0.1500508
7403979270048469991,2021-08,0.1500508
7403979270048469991,2021-08,0.1500508
7403979270048469991,2021-09,0.1500508
7403979270048469991,2021-09,0.14631572
7403979270048469991,2021-09,0.14631572
7403979270048469991,2021-09,0.1500508
7403979270048469991,2021-09,0.1500508
7403979270048469991,2021-10,0.1500508
7403979270048469991,2021-11,0.1500508
7436628409157313756,2021-07,0.27572337
7436628409157313756,2021-07,0.28566775
7436628409157313756,2021-07,0.28566775
7436628409157313756,2021-08,0.29117617
7436628409157313756,2021-08,0.29117617
7436628409157313756,2021-08,0.29117617
7436628409157313756,2021-08,0.29117617
7436628409157313756,2021-08,0.29117617
7436628409157313756,2021-09,0.29117617
7436628409157313756,2021-09,0.29117617
7436628409157313756,2021-09,0.29117617
7436628409157313756,2021-11,0.2996518
7442192566700924647,2021-07,0.023944788
7442192566700924647,2021-07,0.17398925
7442192566700924647,2021-07,0.1500508
7442192566700924647,2021-07,0.8991096
7442192566700924647,2021-07,0.1500508
7442192566700924647,2021-08,0.1500508
7442192566700924647,2021-09,0.17713146
7442192566700924647,2021-10,0.1500508
7442192566700924647,2021-10,0.1500508
7442192566700924647,2021-10,0.1500508
7442192566700924647,2021-10,0.1500508
7442192566700924647,2021-10,0.1500508
7442192566700924647,2021-10,0.1500508
7442192566700924647,2021-11,0.15531865
7442192566700924647,2021-11,0.15531865
7442192566700924647,2021-11,0.15531865
7442192566700924647,2021-11,0.15531865
7442192566700924647,2021-11,0.8991096
7442192566700924647,2021-11,0.15531865
7444686668183702737,2021-07,0.025303464
7444686668183702737,2021-07,0.16137573
7444686668183702737,2021-07,0.15721394
7444686668183702737,2021-08,0.44598407
7444686668183702737,2021-08,0.16137573
7444686668183702737,2021-09,0.15721394
7444686668183702737,2021-09,0.15741095
7444686668183702737,2021-09,0.15333273
7444686668183702737,2021-09,0.16137573
7444686668183702737,2021-09,0.15721394
7444686668183702737,2021-10,0.15721394
7444686668183702737,2021-11,0.16137573
7444686668183702737,2021-11,0.16137573
7444686668183702737,2021-11,0.15333273
7444686668183702737,2021-11,0.15741095
7444686668183702737,2021-11,0.15721394
7444686668183702737,2021-11,0.16137573
7451017400765373278,2021-07,0.046135042
7451017400765373278,2021-07,0.2604679
7451017400765373278,2021-07,0.21442056
7451017400765373278,2021-08,0.19764738
7451017400765373278,2021-08,0.18193002
7451017400765373278,2021-08,0.18193002
7451017400765373278,2021-08,0.19764738
7451017400765373278,2021-08,0.8954091
7451017400765373278,2021-08,0.19764738
7451017400765373278,2021-09,0.19299653
7451017400765373278,2021-09,0.18193002
7451017400765373278,2021-10,0.19764738
7451017400765373278,2021-10,0.18193002
7451017400765373278,2021-10,0.19764738
7451017400765373278,2021-10,0.19764738
7451017400765373278,2021-11,0.19764738
7451017400765373278,2021-11,0.1775672
7451017400765373278,2021-11,0.18193002
7451017400765373278,2021-11,0.19764738
7457803471605010846,2021-07,0.04706315
7457803471605010846,2021-07,0.1997127
7457803471605010846,2021-07,0.20472622
7457803471605010846,2021-07,0.1997127
7457803471605010846,2021-07,0.20472622
7457803471605010846,2021-08,0.1997127
7457803471605010846,2021-08,0.20472622
7457803471605010846,2021-08,0.23396155
7457803471605010846,2021-08,0.1997127
7457803471605010846,2021-08,0.1997127
7457803471605010846,2021-08,0.20472622
7457803471605010846,2021-09,0.19502507
7457803471605010846,2021-09,0.1997127
7457803471605010846,2021-10,0.20577186
7457803471605010846,2021-10,0.20097773
7457803471605010846,2021-10,0.20577186
7457803471605010846,2021-11,0.21285115
7457803471605010846,2021-11,0.21285115
7458891296671174680,2021-07,0.8805621
7458891296671174680,2021-07,0.4696283
7458891296671174680,2021-09,0.47515032
7458891296671174680,2021-10,0.4584073
7458891296671174680,2021-10,0.63997334
7458891296671174680,2021-10,0.63997334
7462607259426026440,2021-07,0.06624353
7462607259426026440,2021-08,0.45267493
7462607259426026440,2021-09,0.41088748
7462607259426026440,2021-10,0.45267493
7462607259426026440,2021-10,0.45267493
7462607259426026440,2021-10,0.45267493
7462607259426026440,2021-10,0.45267493
7468724002190465812,2021-07,0.06976291
7468724002190465812,2021-08,0.16743411
7468724002190465812,2021-08,0.17159995
7468724002190465812,2021-09,0.19404627
7468724002190465812,2021-10,0.19404627
7468724002190465812,2021-11,0.1995212
7468724002190465812,2021-11,0.20428948
7471183491728700531,2021-07,0.7507372
7471183491728700531,2021-08,0.3470597
7471183491728700531,2021-08,0.33604267
7471183491728700531,2021-08,0.32947248
7471183491728700531,2021-08,0.33604267
7471183491728700531,2021-10,0.3684965
7478791630746523220,2021-08,0.53450245
7478791630746523220,2021-08,0.53450245
7478791630746523220,2021-09,0.4890175
7478791630746523220,2021-09,0.4890175
7478791630746523220,2021-10,0.5065939
7478791630746523220,2021-10,0.5065939
7478791630746523220,2021-11,0.4584937
7485107528960607346,2021-07,0.48187926
7485107528960607346,2021-07,0.5354605
7485107528960607346,2021-07,0.4652523
7485107528960607346,2021-07,0.4652523
7485107528960607346,2021-07,0.4652523
7485107528960607346,2021-08,0.4652523
7485107528960607346,2021-08,0.4652523
7485107528960607346,2021-08,0.4786638
7485107528960607346,2021-09,0.55556023
7485107528960607346,2021-09,0.5829242
7485107528960607346,2021-09,0.55556023
7485107528960607346,2021-10,0.49353555
7485107528960607346,2021-10,0.4786638
7485107528960607346,2021-10,0.4786638
7485107528960607346,2021-10,0.4786638
7485107528960607346,2021-10,0.4786638
7485107528960607346,2021-11,0.49353555
7485107528960607346,2021-11,0.4786638
7485107528960607346,2021-11,0.4786638
7492389223353246125,2021-07,0.76292706
7492389223353246125,2021-07,0.35573962
7492389223353246125,2021-07,0.3560803
7492389223353246125,2021-07,0.35573962
7492389223353246125,2021-08,0.3241586
7492389223353246125,2021-08,0.3241586
7492389223353246125,2021-09,0.31435326
7492389223353246125,2021-09,0.3076938
7492389223353246125,2021-09,0.31435326
7492389223353246125,2021-09,0.31435326
7492389223353246125,2021-11,0.32846653
7501763663852779083,2021-10,0.060641743
7524505197759784814,2021-08,0.34150591
7529137091657891207,2021-08,0.3324611
7529137091657891207,2021-10,0.21818519
7535160686416710323,2021-07,0.09594026
7535160686416710323,2021-07,0.4396029
7535160686416710323,2021-07,0.4396029
7535160686416710323,2021-08,0.4943025
7535160686416710323,2021-08,0.44771352
7535160686416710323,2021-08,0.44771352
7535160686416710323,2021-08,0.44771352
7535160686416710323,2021-09,0.40011966
7535160686416710323,2021-09,0.3859179
7535160686416710323,2021-09,0.40011966
7535160686416710323,2021-09,0.40011966
7535160686416710323,2021-10,0.4109966
7535160686416710323,2021-10,0.39666402
7535160686416710323,2021-10,0.39666402
7535160686416710323,2021-10,0.40412506
7571271990906543121,2021-10,0.11535358
7590999900861381526,2021-07,0.5106203
7590999900861381526,2021-08,0.23452279
7590999900861381526,2021-08,0.23452279
7590999900861381526,2021-09,0.28458735
7590999900861381526,2021-09,0.28458735
7590999900861381526,2021-09,0.29095688
7590999900861381526,2021-10,0.23452279
7590999900861381526,2021-10,0.23452279
7590999900861381526,2021-10,0.23452279
7590999900861381526,2021-11,0.22925213
7595945751692012281,2021-07,0.117964186
7595945751692012281,2021-07,0.49701303
7595945751692012281,2021-08,0.55347455
7595945751692012281,2021-08,0.8617786
7595945751692012281,2021-08,0.50689876
7595945751692012281,2021-08,0.50689876
7595945751692012281,2021-09,0.5061701
7595945751692012281,2021-10,0.53518397
7595945751692012281,2021-10,0.5345884
7595945751692012281,2021-10,0.53518397
7595945751692012281,2021-11,0.51356506
7613717984547031729,2021-07,0.042298198
7613717984547031729,2021-07,0.3268694
7613717984547031729,2021-08,0.35203114
7613717984547031729,2021-08,0.35148528
7613717984547031729,2021-08,0.34531093
7613717984547031729,2021-08,0.34531093
7613717984547031729,2021-08,0.35203114
7613717984547031729,2021-08,0.35203114
7613717984547031729,2021-08,0.35203114
7613717984547031729,2021-09,0.35203114
7613717984547031729,2021-09,0.35203114
7613717984547031729,2021-09,0.34531093
7613717984547031729,2021-09,0.34531093
7613717984547031729,2021-09,0.34531093
7613717984547031729,2021-09,0.35203114
7613717984547031729,2021-09,0.35203114
7613717984547031729,2021-10,0.32039204
7613717984547031729,2021-10,0.3268694
7613717984547031729,2021-10,0.3268694
7613717984547031729,2021-10,0.3268694
7613717984547031729,2021-10,0.3268694
7613717984547031729,2021-10,0.3268694
7613717984547031729,2021-11,0.34178132
7613717984547031729,2021-11,0.34178132
7613717984547031729,2021-11,0.5528912
7613717984547031729,2021-11,0.34178132
7613717984547031729,2021-11,0.34178132
7613717984547031729,2021-11,0.82521486
7613717984547031729,2021-11,0.34178132
7613717984547031729,2021-11,0.34178132
7613717984547031729,2021-11,0.34178132
7628167057144760589,2021-07,0.103345044
7628167057144760589,2021-07,0.49662688
7628167057144760589,2021-07,0.4429055
7628167057144760589,2021-07,0.4429055
7628167057144760589,2021-07,0.4429055
7628167057144760589,2021-08,0.43360305
7628167057144760589,2021-08,0.44088435
7628167057144760589,2021-09,0.40636367
7628167057144760589,2021-09,0.40636367
7628167057144760589,2021-10,0.49042237
7637066986811047950,2021-07,0.10426822
7637066986811047950,2021-07,0.4886871
7637066986811047950,2021-07,0.4886871
7637066986811047950,2021-07,0.4886871
7637066986811047950,2021-08,0.5016085
7637066986811047950,2021-08,0.4988657
7637066986811047950,2021-09,0.47004318
7637066986811047950,2021-09,0.47742063
7637066986811047950,2021-10,0.49199942
7637066986811047950,2021-10,0.49199942
7637066986811047950,2021-10,0.49199942
7637066986811047950,2021-10,0.49199942
7637066986811047950,2021-10,0.49199942
7637066986811047950,2021-10,0.49199942
7646606457278894341,2021-08,0.049314618
7646606457278894341,2021-08,0.31325367
7646606457278894341,2021-09,0.31249896
7646606457278894341,2021-11,0.3130135
7662578945735335954,2021-09,0.7934277
7664272163315705419,2021-07,0.096719496
7664272163315705419,2021-07,0.2129486
7664272163315705419,2021-07,0.20314056
7664272163315705419,2021-08,0.20314056
7664272163315705419,2021-09,0.20314056
7664272163315705419,2021-09,0.19839242
7664272163315705419,2021-09,0.20314056
7664272163315705419,2021-10,0.21662784
7664272163315705419,2021-10,0.21662784
7664272163315705419,2021-10,0.21662784
7664272163315705419,2021-11,0.20314056
7664272163315705419,2021-11,0.20314056
7664272163315705419,2021-11,0.20314056
7664272163315705419,2021-11,0.19839242
7664272163315705419,2021-11,0.20314056
7664272163315705419,2021-11,0.20314056
7664272163315705419,2021-11,0.20314056
7664272163315705419,2021-11,0.20314056
7665801401860589626,2021-07,0.09034407
7665801401860589626,2021-08,0.50726604
7665801401860589626,2021-08,0.50726604
7665801401860589626,2021-09,0.4630198
7665801401860589626,2021-10,0.4591614
7665801401860589626,2021-11,0.50726604
7671566034617837932,2021-08,0.077323996
7671566034617837932,2021-08,0.38348594
7671566034617837932,2021-08,0.39680588
7671566034617837932,2021-09,0.39295542
7671566034617837932,2021-09,0.39295542
7686361238195690925,2021-07,0.023092754
7686361238195690925,2021-07,0.42370877
7686361238195690925,2021-07,0.16986632
7686361238195690925,2021-08,0.1655288
7686361238195690925,2021-08,0.16986632
7686361238195690925,2021-08,0.14484873
7686361238195690925,2021-08,0.16986632
7686361238195690925,2021-09,0.1655288
7686361238195690925,2021-09,0.85101485
7686361238195690925,2021-10,0.16986632
7686361238195690925,2021-10,0.16986632
7686361238195690925,2021-10,0.16986632
7686361238195690925,2021-10,0.85563177
7686361238195690925,2021-10,0.16986632
7686361238195690925,2021-11,0.16986632
7686361238195690925,2021-11,0.16986632
7692330898726665144,2021-07,0.06660778
7692330898726665144,2021-07,0.33032793
7692330898726665144,2021-08,0.27563262
7692330898726665144,2021-08,0.26947108
7692330898726665144,2021-09,0.23916219
7692330898726665144,2021-09,0.23355302
7692330898726665144,2021-09,0.23355302
7692330898726665144,2021-09,0.23355302
7692330898726665144,2021-09,0.23916219
7692330898726665144,2021-10,0.23355302
7692330898726665144,2021-10,0.23916219
7692330898726665144,2021-10,0.22829767
7692330898726665144,2021-10,0.23916219
7692330898726665144,2021-10,0.23916219
7692330898726665144,2021-10,0.23355302
7692330898726665144,2021-10,0.23916219
7692330898726665144,2021-11,0.23355302
7692330898726665144,2021-11,0.23355302
7692330898726665144,2021-11,0.23916219
7692330898726665144,2021-11,0.23916219
7692330898726665144,2021-11,0.22912852
7692335720341018458,2021-07,0.07724793
7692335720341018458,2021-07,0.3181137
7692335720341018458,2021-09,0.21197948
7692335720341018458,2021-09,0.21197948
7692335720341018458,2021-09,0.22209537
7692335720341018458,2021-10,0.22209537
7692335720341018458,2021-10,0.21197948
7692335720341018458,2021-11,0.22588724
7696655736121386405,2021-07,0.44663537
7696655736121386405,2021-07,0.32236767
7696655736121386405,2021-08,0.29551458
7696655736121386405,2021-11,0.26588896
7707459425750676368,2021-07,0.41954207
7707459425750676368,2021-07,0.38371554
7707459425750676368,2021-07,0.34641525
7707459425750676368,2021-07,0.93023777
7707459425750676368,2021-08,0.3728808
7707459425750676368,2021-08,0.3728808
7707459425750676368,2021-08,0.9373388
7707459425750676368,2021-09,0.4123676
7707459425750676368,2021-09,0.4123676
7707459425750676368,2021-09,0.4123676
7707459425750676368,2021-09,0.9415805
7707459425750676368,2021-10,0.34695742
7707459425750676368,2021-10,0.34695742
7707459425750676368,2021-10,0.93023777
7708030042671632236,2021-08,0.06317413
7708030042671632236,2021-08,0.30112985
7708030042671632236,2021-08,0.2800557
7708030042671632236,2021-09,0.2800557
7708030042671632236,2021-09,0.2800557
7708030042671632236,2021-10,0.37806147
7708030042671632236,2021-10,0.298648
7708030042671632236,2021-10,0.298648
7708030042671632236,2021-11,0.3028573
7710364735942975505,2021-07,0.13508137
7710364735942975505,2021-07,0.9046301
7710364735942975505,2021-07,0.18193002
7710364735942975505,2021-08,0.2049003
7710364735942975505,2021-08,0.18425246
7710364735942975505,2021-08,0.2049003
7710364735942975505,2021-08,0.18874186
7710364735942975505,2021-09,0.18887205
7710364735942975505,2021-10,0.1775672
7710364735942975505,2021-10,0.18193002
7710364735942975505,2021-10,0.18193002
7710364735942975505,2021-11,0.2049003
7710364735942975505,2021-11,0.20012134
7710364735942975505,2021-11,0.90845233
7710364735942975505,2021-11,0.2049003
7712263029835111826,2021-07,0.63024247
7719481195372677540,2021-07,0.022783045
7719481195372677540,2021-07,0.16391374
7719481195372677540,2021-08,0.16287953
7719481195372677540,2021-08,0.16287953
7719481195372677540,2021-09,0.16287953
7719481195372677540,2021-09,0.15888481
7719481195372677540,2021-10,0.16287953
7719877724419004325,2021-10,0.08284119
7720458526816091748,2021-09,0.41147494
7720458526816091748,2021-09,0.41147494
7720458526816091748,2021-09,0.42596483
7720458526816091748,2021-10,0.40957248
7722287846688771887,2021-07,0.06468276
7722287846688771887,2021-07,0.1888979
7722287846688771887,2021-08,0.16287953
7722287846688771887,2021-09,0.19521631
7722287846688771887,2021-10,0.18418223
7722287846688771887,2021-10,0.9234051
7722287846688771887,2021-11,0.16287953
7722287846688771887,2021-11,0.15888481
7722287846688771887,2021-11,0.16287953
7722287846688771887,2021-11,0.16287953
7722287846688771887,2021-11,0.16287953
7742008298942700792,2021-09,0.9000422
7742008298942700792,2021-10,0.89910364
7750874287225529604,2021-07,0.27455822
7750874287225529604,2021-07,0.2832346
7750874287225529604,2021-07,0.26844475
7750874287225529604,2021-07,0.26844475
7750874287225529604,2021-08,0.26797488
7750874287225529604,2021-08,0.26844475
7750874287225529604,2021-08,0.26267338
7750874287225529604,2021-09,0.31774634
7750874287225529604,2021-09,0.3236715
7750874287225529604,2021-09,0.3236715
7750874287225529604,2021-10,0.32419574
7750874287225529604,2021-10,0.32419574
7750874287225529604,2021-10,0.32419574
7750874287225529604,2021-10,0.32419574
7750874287225529604,2021-11,0.27651685
7750874287225529604,2021-11,0.27651685
7751080728852739823,2021-07,0.042840384
7751080728852739823,2021-07,0.8546678
7751080728852739823,2021-08,0.18104006
7751080728852739823,2021-08,0.17669395
7751080728852739823,2021-08,0.4518099
7751080728852739823,2021-08,0.18104006
7751080728852739823,2021-08,0.18104006
7751080728852739823,2021-09,0.18038897
7751080728852739823,2021-09,0.18038897
7751080728852739823,2021-09,0.18038897
7751080728852739823,2021-10,0.20832781
7751080728852739823,2021-10,0.20832781
7751080728852739823,2021-10,0.20832781
7751080728852739823,2021-10,0.20832781
7751080728852739823,2021-10,0.20348941
7751080728852739823,2021-10,0.20348941
7751080728852739823,2021-10,0.20832781
7751080728852739823,2021-10,0.20832781
7751080728852739823,2021-10,0.20832781
7751080728852739823,2021-10,0.20832781
7751080728852739823,2021-11,0.18104006
7751080728852739823,2021-11,0.18104006
7751080728852739823,2021-11,0.18104006
7754936094607992857,2021-09,0.078488044
7754936094607992857,2021-10,0.35812253
7754936094607992857,2021-11,0.3513491
7754936094607992857,2021-11,0.35812253
7770458886439606839,2021-07,0.27432802
7770458886439606839,2021-07,0.44422674
7770458886439606839,2021-08,0.46352682
7770458886439606839,2021-08,0.46352682
7770458886439606839,2021-08,0.46412212
7770458886439606839,2021-08,0.46412212
7770458886439606839,2021-09,0.8762456
7770458886439606839,2021-09,0.46352682
7770458886439606839,2021-09,0.46412212
7770458886439606839,2021-09,0.46352682
7770458886439606839,2021-09,0.46352682
7770458886439606839,2021-09,0.46352682
7770458886439606839,2021-09,0.46412212
7770458886439606839,2021-09,0.46352682
7770458886439606839,2021-09,0.46352682
7770458886439606839,2021-09,0.46352682
7770458886439606839,2021-09,0.46352682
7770458886439606839,2021-09,0.46352682
7770458886439606839,2021-10,0.43311706
7770458886439606839,2021-10,0.4325294
7770458886439606839,2021-10,0.43311706
7770458886439606839,2021-10,0.4325294
7770458886439606839,2021-11,0.44422674
7770458886439606839,2021-11,0.4436358
7770458886439606839,2021-11,0.44422674
7770458886439606839,2021-11,0.43693334
7770458886439606839,2021-11,0.4293581
7770458886439606839,2021-11,0.4363445
7776069961364493674,2021-08,0.03608458
7776069961364493674,2021-09,0.20080362
7776069961364493674,2021-09,0.20080362
7776069961364493674,2021-09,0.20080362
7776069961364493674,2021-10,0.20704906
7776069961364493674,2021-10,0.20704906
7776069961364493674,2021-10,0.20704906
7776069961364493674,2021-10,0.20704906
7779268298304613772,2021-07,0.09626751
7779268298304613772,2021-07,0.21662784
7779268298304613772,2021-07,0.22690167
7779268298304613772,2021-08,0.20314056
7779268298304613772,2021-08,0.20314056
7779268298304613772,2021-08,0.19839242
7779268298304613772,2021-08,0.19839242
7779268298304613772,2021-08,0.19839242
7779268298304613772,2021-08,0.17876817
7779268298304613772,2021-08,0.20314056
7779268298304613772,2021-08,0.83982027
7779268298304613772,2021-09,0.22175269
7779268298304613772,2021-10,0.20314056
7779268298304613772,2021-10,0.20314056
7779268298304613772,2021-10,0.20314056
7779268298304613772,2021-10,0.20314056
7779268298304613772,2021-10,0.20314056
7779268298304613772,2021-10,0.2129486
7779268298304613772,2021-11,0.2129486
7779268298304613772,2021-11,0.20314056
7779268298304613772,2021-11,0.20803106
7779268298304613772,2021-11,0.19839242
7779268298304613772,2021-11,0.20314056
7779268298304613772,2021-11,0.2129486
7779268298304613772,2021-11,0.2129486
7787306805605072964,2021-07,0.6065593
7787306805605072964,2021-07,0.44699278
7787306805605072964,2021-08,0.87861025
7787306805605072964,2021-08,0.4109966
7787306805605072964,2021-09,0.40011966
7787306805605072964,2021-09,0.40011966
7787306805605072964,2021-10,0.4109966
7810985951121711480,2021-07,0.2333118
7810985951121711480,2021-08,0.5199022
7810985951121711480,2021-09,0.48386753
7810985951121711480,2021-10,0.5017453
7810985951121711480,2021-10,0.5272836
7810985951121711480,2021-10,0.5272836
7810985951121711480,2021-11,0.5167902
7815839878620843192,2021-09,0.9149719
7815839878620843192,2021-09,0.4194034
7815839878620843192,2021-10,0.4194034
7816319470107777265,2021-07,0.25009912
7816319470107777265,2021-07,0.27582395
7816319470107777265,2021-07,0.27582395
7816319470107777265,2021-09,0.26112938
7816319470107777265,2021-09,0.2668791
7816319470107777265,2021-11,0.26112938
7816319470107777265,2021-11,0.2668791
7818340804682162328,2021-07,0.23836432
7818340804682162328,2021-07,0.5605087
7818340804682162328,2021-07,0.6950948
7818340804682162328,2021-08,0.38308463
7818340804682162328,2021-08,0.38308463
7818340804682162328,2021-09,0.418461
7818340804682162328,2021-09,0.38676086
7818340804682162328,2021-09,0.90902954
7818340804682162328,2021-09,0.39380252
7818340804682162328,2021-10,0.9219157
7818340804682162328,2021-10,0.4503736
7818340804682162328,2021-10,0.4503736
7818340804682162328,2021-11,0.9197421
7828430488099134389,2021-07,0.6352581
7828430488099134389,2021-10,0.22027858
7828430488099134389,2021-10,0.22027858
7828430488099134389,2021-11,0.22027858
7828430488099134389,2021-11,0.22027858
7848910047105468475,2021-08,0.57412946
7848910047105468475,2021-09,0.28312013
7848910047105468475,2021-10,0.29786122
7870373680211625064,2021-07,0.13158736
7870373680211625064,2021-07,0.44771352
7870373680211625064,2021-07,0.43304196
7870373680211625064,2021-07,0.43304196
7870373680211625064,2021-07,0.43304196
7870373680211625064,2021-08,0.5462855
7870373680211625064,2021-08,0.5385721
7870373680211625064,2021-08,0.5385721
7870373680211625064,2021-08,0.5385721
7870373680211625064,2021-08,0.5385721
7870373680211625064,2021-09,0.43304196
7870373680211625064,2021-09,0.43304196
7870373680211625064,2021-10,0.4543186
7870373680211625064,2021-10,0.4396029
7870373680211625064,2021-10,0.43232635
7870373680211625064,2021-10,0.4396029
7870373680211625064,2021-11,0.44699278
7870373680211625064,2021-11,0.43232635
7870373680211625064,2021-11,0.4396029
7870373680211625064,2021-11,0.4543186
7870373680211625064,2021-11,0.4396029
7889351655716537527,2021-10,0.06535373
7889351655716537527,2021-11,0.3828224
7895753719321668294,2021-07,0.040682297
7895753719321668294,2021-07,0.3116577
7895753719321668294,2021-08,0.33948395
7895753719321668294,2021-08,0.34623063
7895753719321668294,2021-08,0.33948395
7895753719321668294,2021-09,0.33352795
7895753719321668294,2021-09,0.6731436
7895753719321668294,2021-09,0.33352795
7895753719321668294,2021-09,0.33352795
7895753719321668294,2021-09,0.33352795
7895753719321668294,2021-10,0.33352795
7895753719321668294,2021-10,0.33352795
7895753719321668294,2021-10,0.33352795
7895753719321668294,2021-11,0.3116577
7895753719321668294,2021-11,0.3116577
7895753719321668294,2021-11,0.30534503
7895753719321668294,2021-11,0.3116577
7908414709866823255,2021-07,0.09356036
7908414709866823255,2021-07,0.29741198
7908414709866823255,2021-07,0.284938
7908414709866823255,2021-07,0.284938
7908414709866823255,2021-07,0.25283152
7908414709866823255,2021-07,0.24704769
7908414709866823255,2021-07,0.24704769
7908414709866823255,2021-08,0.21281183
7908414709866823255,2021-08,0.2180262
7908414709866823255,2021-08,0.21281183
7908414709866823255,2021-08,0.45292014
7908414709866823255,2021-08,0.21281183
7908414709866823255,2021-08,0.21281183
7908414709866823255,2021-08,0.21281183
7908414709866823255,2021-08,0.2180262
7908414709866823255,2021-09,0.2356134
7908414709866823255,2021-09,0.23032561
7908414709866823255,2021-09,0.23584059
7908414709866823255,2021-09,0.2356134
7908414709866823255,2021-09,0.2356134
7908414709866823255,2021-09,0.2356134
7908414709866823255,2021-10,0.28028604
7908414709866823255,2021-10,0.27410457
7908414709866823255,2021-10,0.28028604
7908414709866823255,2021-10,0.27410457
7908414709866823255,2021-10,0.28028604
7908414709866823255,2021-10,0.28028604
7908414709866823255,2021-10,0.27410457
7908414709866823255,2021-10,0.27410457
7908414709866823255,2021-10,0.27410457
7908414709866823255,2021-11,0.21281183
7908414709866823255,2021-11,0.2180262
7908414709866823255,2021-11,0.2180262
7908414709866823255,2021-11,0.21281183
7908414709866823255,2021-11,0.2180262
7908414709866823255,2021-11,0.2180262
7908414709866823255,2021-11,0.21281183
7910340581026492945,2021-07,0.05655199
7910340581026492945,2021-07,0.31084642
7910340581026492945,2021-07,0.27873698
7910340581026492945,2021-07,0.27873698
7910340581026492945,2021-07,0.27873698
7910340581026492945,2021-07,0.5161728
7910340581026492945,2021-08,0.29417893
7910340581026492945,2021-08,0.29417893
7910340581026492945,2021-08,0.29417893
7910340581026492945,2021-08,0.29417893
7910340581026492945,2021-08,0.28807214
7910340581026492945,2021-08,0.29417893
7910340581026492945,2021-08,0.29417893
7910340581026492945,2021-08,0.29417893
7910340581026492945,2021-08,0.29417893
7910340581026492945,2021-09,0.28807214
7910340581026492945,2021-09,0.29417893
7910340581026492945,2021-09,0.29417893
7910340581026492945,2021-09,0.3379292
7910340581026492945,2021-10,0.27873698
7910340581026492945,2021-10,0.27873698
7910340581026492945,2021-10,0.27873698
7910340581026492945,2021-10,0.27873698
7910340581026492945,2021-10,0.27873698
7910340581026492945,2021-10,0.27873698
7910340581026492945,2021-10,0.27873698
7910340581026492945,2021-10,0.27873698
7910340581026492945,2021-11,0.27873698
7910340581026492945,2021-11,0.27282682
7911162482760986289,2021-08,0.39789823
7911162482760986289,2021-08,0.29864565
7911162482760986289,2021-09,0.30033064
7911162482760986289,2021-09,0.30033064
7911162482760986289,2021-10,0.30033064
7920896580423665241,2021-07,0.14049646
7920896580423665241,2021-08,0.29231617
7920896580423665241,2021-08,0.29231617
7920896580423665241,2021-08,0.29231617
7920896580423665241,2021-09,0.2652161
7920896580423665241,2021-09,0.2652161
7920896580423665241,2021-09,0.8433874
7920896580423665241,2021-09,0.2652161
7920896580423665241,2021-09,0.2652161
7920896580423665241,2021-10,0.2652161
7920896580423665241,2021-10,0.2652161
7920896580423665241,2021-10,0.2652161
7920896580423665241,2021-10,0.2652161
7920896580423665241,2021-10,0.2652161
7920896580423665241,2021-10,0.50274694
7920896580423665241,2021-11,0.2767897
7920896580423665241,2021-11,0.2827523
7930644815080409701,2021-07,0.37269324
7930644815080409701,2021-08,0.34694088
7930644815080409701,2021-09,0.325117
7930644815080409701,2021-10,0.3704583
7930925883736021864,2021-07,0.18804404
7930925883736021864,2021-07,0.32618994
7930925883736021864,2021-07,0.32618994
7930925883736021864,2021-07,0.32618994
7930925883736021864,2021-07,0.33280557
7930925883736021864,2021-07,0.31971964
7930925883736021864,2021-07,0.27900878
7930925883736021864,2021-07,0.27900878
7930925883736021864,2021-07,0.29114154
7930925883736021864,2021-07,0.27900878
7930925883736021864,2021-07,0.27900878
7930925883736021864,2021-07,0.27900878
7930925883736021864,2021-07,0.29114154
7930925883736021864,2021-07,0.29114154
7930925883736021864,2021-08,0.29961663
7930925883736021864,2021-08,0.29961663
7930925883736021864,2021-08,0.2872738
7930925883736021864,2021-08,0.2872738
7930925883736021864,2021-08,0.2872738
7930925883736021864,2021-08,0.2872738
7930925883736021864,2021-08,0.28125322
7930925883736021864,2021-08,0.2934439
7930925883736021864,2021-08,0.28125322
7930925883736021864,2021-08,0.25761175
7930925883736021864,2021-08,0.8020392
7930925883736021864,2021-08,0.2872738
7930925883736021864,2021-08,0.2872738
7930925883736021864,2021-08,0.29961663
7930925883736021864,2021-08,0.5265141
7930925883736021864,2021-08,0.29961663
7930925883736021864,2021-09,0.26999915
7930925883736021864,2021-09,0.26999915
7930925883736021864,2021-09,0.26999915
7930925883736021864,2021-09,0.27594185
7930925883736021864,2021-09,0.26999915
7930925883736021864,2021-09,0.2818933
7930925883736021864,2021-09,0.2818933
7930925883736021864,2021-09,0.26999915
7930925883736021864,2021-09,0.2818933
7930925883736021864,2021-09,0.2818933
7930925883736021864,2021-09,0.2818933
7930925883736021864,2021-09,0.26999915
7930925883736021864,2021-09,0.26999915
7930925883736021864,2021-09,0.26999915
7930925883736021864,2021-09,0.26999915
7930925883736021864,2021-09,0.2818933
7930925883736021864,2021-10,0.29114154
7930925883736021864,2021-10,0.29114154
7930925883736021864,2021-10,0.27900878
7930925883736021864,2021-10,0.27900878
7930925883736021864,2021-10,0.27309504
7930925883736021864,2021-10,0.27900878
7930925883736021864,2021-10,0.27900878
7930925883736021864,2021-10,0.5163527
7930925883736021864,2021-10,0.27900878
7930925883736021864,2021-10,0.29114154
7930925883736021864,2021-10,0.27900878
7930925883736021864,2021-10,0.27900878
7930925883736021864,2021-10,0.29114154
7930925883736021864,2021-10,0.29114154
7930925883736021864,2021-10,0.27900878
7930925883736021864,2021-10,0.27900878
7930925883736021864,2021-11,0.27900878
7930925883736021864,2021-11,0.27900878
7930925883736021864,2021-11,0.27900878
7930925883736021864,2021-11,0.27900878
7930925883736021864,2021-11,0.29114154
7930925883736021864,2021-11,0.27309504
7930925883736021864,2021-11,0.27309504
7930925883736021864,2021-11,0.28507236
7930925883736021864,2021-11,0.27900878
7930925883736021864,2021-11,0.29114154
7930925883736021864,2021-11,0.8020392
7930925883736021864,2021-11,0.27900878
7930925883736021864,2021-11,0.29114154
7944852965555666513,2021-08,0.08584507
7944852965555666513,2021-08,0.40844595
7944852965555666513,2021-09,0.4013158
7949169060790541229,2021-07,0.0719243
7949169060790541229,2021-07,0.40694705
7949169060790541229,2021-07,0.40694705
7949169060790541229,2021-08,0.40694705
7949169060790541229,2021-08,0.3998254
7949169060790541229,2021-08,0.40694705
7949169060790541229,2021-09,0.3903106
7949169060790541229,2021-09,0.3838579
7949169060790541229,2021-09,0.39088038
7949169060790541229,2021-10,0.3996214
7949169060790541229,2021-10,0.39904723
7949169060790541229,2021-10,0.88552684
7949169060790541229,2021-10,0.3996214
7957786135641291906,2021-08,0.89638114
7957786135641291906,2021-08,0.9122209
7963861799566207637,2021-07,0.021119064
7963861799566207637,2021-07,0.1385569
7963861799566207637,2021-08,0.1385569
7963861799566207637,2021-08,0.14230818
7963861799566207637,2021-08,0.14230818
7963861799566207637,2021-09,0.15903178
7963861799566207637,2021-09,0.15903178
7963861799566207637,2021-09,0.16731465
7963861799566207637,2021-09,0.16302948
7963861799566207637,2021-09,0.16731465
7963861799566207637,2021-10,0.13873437
7963861799566207637,2021-10,0.14230818
7963861799566207637,2021-10,0.1385569
7963861799566207637,2021-10,0.1385569
7963861799566207637,2021-11,0.14230818
7963861799566207637,2021-11,0.14230818
7968118679747232249,2021-07,0.8067239
7968118679747232249,2021-08,0.8292778
7968118679747232249,2021-09,0.6928553
7968118679747232249,2021-09,0.6928553
7968118679747232249,2021-10,0.87617785
7968118679747232249,2021-10,0.6849495
7968118679747232249,2021-11,0.79925764
7968118679747232249,2021-11,0.80396354
7968118679747232249,2021-11,0.6936702
7970976988071755401,2021-07,0.2706115
7970976988071755401,2021-07,0.4396029
7970976988071755401,2021-08,0.39666402
7970976988071755401,2021-08,0.94823366
7970976988071755401,2021-08,0.39666402
7970976988071755401,2021-08,0.3896041
7970976988071755401,2021-08,0.39666402
7970976988071755401,2021-08,0.39666402
7970976988071755401,2021-09,0.39666402
7970976988071755401,2021-09,0.39666402
7970976988071755401,2021-09,0.39666402
7970976988071755401,2021-09,0.39666402
7970976988071755401,2021-10,0.45696297
7970976988071755401,2021-10,0.45696297
7970976988071755401,2021-10,0.4496296
7970976988071755401,2021-10,0.45696297
7970976988071755401,2021-11,0.4109966
7992317448197179816,2021-07,0.04462532
7992317448197179816,2021-08,0.22209537
7992317448197179816,2021-08,0.25894067
7992317448197179816,2021-08,0.22209537
7992317448197179816,2021-08,0.22209537
7992317448197179816,2021-09,0.21702483
7992317448197179816,2021-09,0.22209537
7992317448197179816,2021-10,0.26665407
7992317448197179816,2021-10,0.22690167
7992317448197179816,2021-10,0.22690167
7999843484680834128,2021-07,0.7868692
8004409125524742779,2021-08,0.13914217
8004409125524742779,2021-08,0.2833386
8004409125524742779,2021-08,0.20229024
8004409125524742779,2021-08,0.20229024
8004409125524742779,2021-09,0.19755705
8004409125524742779,2021-09,0.19755705
8004409125524742779,2021-09,0.20229024
8004409125524742779,2021-09,0.19341026
8004409125524742779,2021-09,0.20286812
8004409125524742779,2021-10,0.18883567
8004409125524742779,2021-10,0.18588212
8004409125524742779,2021-11,0.3025777
8004409125524742779,2021-11,0.3025777
8004409125524742779,2021-11,0.3025777
8004521604421988528,2021-07,0.35067976
8004521604421988528,2021-07,0.4267245
8004521604421988528,2021-07,0.4267245
8004521604421988528,2021-07,0.4267245
8004521604421988528,2021-07,0.4267245
8004521604421988528,2021-07,0.4267245
8004521604421988528,2021-07,0.4267245
8004521604421988528,2021-08,0.4260515
8012016968380185372,2021-10,0.20266539
8012945665375811304,2021-10,0.05675803
8013668117699219722,2021-07,0.13500068
8013668117699219722,2021-07,0.28843972
8013668117699219722,2021-08,0.2704968
8013668117699219722,2021-08,0.28843972
8013668117699219722,2021-08,0.27637562
8013668117699219722,2021-08,0.27637562
8013668117699219722,2021-09,0.27791387
8013668117699219722,2021-09,0.27791387
8013668117699219722,2021-10,0.27046716
8013668117699219722,2021-10,0.27046716
8013668117699219722,2021-11,0.27637562
8013668117699219722,2021-11,0.2704968
8013668117699219722,2021-11,0.27637562
8015571584405428572,2021-07,0.11464673
8015571584405428572,2021-08,0.66100395
8015571584405428572,2021-08,0.17285937
8015571584405428572,2021-08,0.2085168
8015571584405428572,2021-10,0.1908848
8015571584405428572,2021-11,0.1846744
8015571584405428572,2021-11,0.1846744
8027035272622701013,2021-11,0.60646856
8041261093764417881,2021-07,0.04993902
8041261093764417881,2021-07,0.28013265
8041261093764417881,2021-07,0.2720722
8041261093764417881,2021-08,0.28549007
8041261093764417881,2021-08,0.27733484
8041261093764417881,2021-08,0.2794922
8041261093764417881,2021-08,0.27733484
8041261093764417881,2021-08,0.27733484
8041261093764417881,2021-09,0.2864679
8041261093764417881,2021-09,0.2864679
8041261093764417881,2021-10,0.2864679
8041261093764417881,2021-10,0.29478216
8041261093764417881,2021-10,0.2864679
8041261093764417881,2021-10,0.2864679
8041261093764417881,2021-10,0.2864679
8041261093764417881,2021-10,0.29478216
8041261093764417881,2021-10,0.2864679
8045116560666679751,2021-09,0.5927084
8045116560666679751,2021-09,0.44072708
8045116560666679751,2021-10,0.42418647
8045116560666679751,2021-11,0.42414656
8049805689946244047,2021-07,0.29480368
8049805689946244047,2021-07,0.21220385
8049805689946244047,2021-08,0.20584324
8049805689946244047,2021-08,0.20584324
8049805689946244047,2021-08,0.20584324
8049805689946244047,2021-08,0.20584324
8049805689946244047,2021-08,0.20584324
8049805689946244047,2021-09,0.21086425
8049805689946244047,2021-09,0.21086425
8049805689946244047,2021-09,0.21086425
8049805689946244047,2021-09,0.21086425
8049805689946244047,2021-10,0.20412931
8049805689946244047,2021-10,0.20903738
8049805689946244047,2021-10,0.20412931
8049805689946244047,2021-11,0.21082477
8060154314331993193,2021-08,0.06344515
8060154314331993193,2021-08,0.236573
8067924767167570288,2021-07,0.06642088
8067924767167570288,2021-08,0.40844595
8067924767167570288,2021-08,0.40844595
8067924767167570288,2021-08,0.40844595
8067924767167570288,2021-08,0.40844595
8067924767167570288,2021-09,0.40844595
8067924767167570288,2021-10,0.4618093
8067924767167570288,2021-10,0.4618093
8079157452200263869,2021-10,0.8681273
8080988579391900405,2021-07,0.05235597
8080988579391900405,2021-07,0.26605493
8080988579391900405,2021-08,0.304505
8080988579391900405,2021-08,0.304505
8080988579391900405,2021-08,0.304505
8080988579391900405,2021-09,0.26588896
8080988579391900405,2021-10,0.27784145
8080988579391900405,2021-10,0.28381783
8080988579391900405,2021-10,0.2718732
8080988579391900405,2021-10,0.27806878
8080988579391900405,2021-10,0.28381783
8080988579391900405,2021-10,0.2718732
8080988579391900405,2021-10,0.28381783
8080988579391900405,2021-11,0.2892714
8083157716178259762,2021-07,0.03828873
8083157716178259762,2021-08,0.25149423
8083157716178259762,2021-08,0.23253477
8083157716178259762,2021-08,0.23253477
8083157716178259762,2021-09,0.26343367
8083157716178259762,2021-09,0.24936527
8083157716178259762,2021-10,0.222453
8083157716178259762,2021-10,0.22761345
8083157716178259762,2021-10,0.22761345
8083157716178259762,2021-10,0.22761345
8083157716178259762,2021-11,0.2148999
8090492548102964782,2021-07,0.48364636
8090492548102964782,2021-07,0.848724
8090492548102964782,2021-07,0.83674985
8090492548102964782,2021-08,0.8398747
8090492548102964782,2021-09,0.8406369
8090492548102964782,2021-10,0.848724
8090492548102964782,2021-10,0.83674985
8107542605807471599,2021-07,0.9329262
8107542605807471599,2021-07,0.4503736
8107542605807471599,2021-08,0.4284024
8107542605807471599,2021-08,0.4284024
8107542605807471599,2021-09,0.418461
8107542605807471599,2021-10,0.42787683
8123515208041701633,2021-07,0.49689162
8123515208041701633,2021-07,0.5347193
8123515208041701633,2021-07,0.44961524
8123515208041701633,2021-07,0.44961524
8123515208041701633,2021-08,0.42498538
8123515208041701633,2021-08,0.42498538
8123515208041701633,2021-08,0.42498538
8123515208041701633,2021-08,0.95707947
8123515208041701633,2021-08,0.42498538
8123515208041701633,2021-08,0.42498538
8123515208041701633,2021-09,0.79646885
8123515208041701633,2021-10,0.4570045
8123515208041701633,2021-10,0.92803967
8123515208041701633,2021-10,0.4570045
8123515208041701633,2021-10,0.4570045
8123515208041701633,2021-11,0.40683803
8123515208041701633,2021-11,0.40683803
8123515208041701633,2021-11,0.4139984
8123515208041701633,2021-11,0.4139984
8123515208041701633,2021-11,0.4139984
8162017568751362437,2021-07,0.41947156
8162017568751362437,2021-07,0.50320876
8162017568751362437,2021-07,0.48260492
8162017568751362437,2021-07,0.48260492
8163895533020293251,2021-07,0.86757064
8163895533020293251,2021-07,0.84659827
8163895533020293251,2021-07,0.65028673
8163895533020293251,2021-08,0.69940704
8163895533020293251,2021-08,0.75974303
8163895533020293251,2021-08,0.84125924
8163895533020293251,2021-08,0.84125924
8163895533020293251,2021-08,0.84125924
8163895533020293251,2021-08,0.80844676
8163895533020293251,2021-08,0.8267214
8163895533020293251,2021-08,0.75974303
8163895533020293251,2021-08,0.8267214
8163895533020293251,2021-09,0.75497943
8163895533020293251,2021-09,0.75727713
8163895533020293251,2021-09,0.82134897
8163895533020293251,2021-10,0.95166606
8163895533020293251,2021-10,0.8147182
8163895533020293251,2021-10,0.8759746
8163895533020293251,2021-10,0.64035547
8163895533020293251,2021-10,0.6328422
8163895533020293251,2021-11,0.75497943
8163895533020293251,2021-11,0.82134897
8173830874846355280,2021-07,0.026657537
8173830874846355280,2021-07,0.19498822
8173830874846355280,2021-07,0.19498822
8173830874846355280,2021-07,0.19498822
8173830874846355280,2021-07,0.19498822
8173830874846355280,2021-07,0.19498822
8173830874846355280,2021-07,0.19038512
8173830874846355280,2021-07,0.1717643
8173830874846355280,2021-07,0.17623071
8173830874846355280,2021-07,0.1717643
8173830874846355280,2021-07,0.17623071
8173830874846355280,2021-07,0.1717643
8173830874846355280,2021-07,0.1717643
8173830874846355280,2021-07,0.17623071
8173830874846355280,2021-07,0.17623071
8173830874846355280,2021-07,0.1717643
8173830874846355280,2021-07,0.17623071
8173830874846355280,2021-07,0.1717643
8173830874846355280,2021-07,0.1717643
8173830874846355280,2021-07,0.17623071
8173830874846355280,2021-07,0.17623071
8173830874846355280,2021-07,0.1717643
8173830874846355280,2021-07,0.1717643
8173830874846355280,2021-07,0.1717643
8173830874846355280,2021-08,0.1717643
8173830874846355280,2021-08,0.17623071
8173830874846355280,2021-08,0.1717643
8173830874846355280,2021-08,0.1675953
8173830874846355280,2021-08,0.1675953
8173830874846355280,2021-08,0.15044565
8173830874846355280,2021-08,0.1717643
8173830874846355280,2021-08,0.17623071
8173830874846355280,2021-08,0.1717643
8173830874846355280,2021-08,0.1717643
8173830874846355280,2021-08,0.1717643
8173830874846355280,2021-08,0.1717643
8173830874846355280,2021-08,0.1717643
8173830874846355280,2021-08,0.1717643
8173830874846355280,2021-08,0.1717643
8173830874846355280,2021-08,0.1717643
8173830874846355280,2021-08,0.1717643
8173830874846355280,2021-08,0.17623071
8173830874846355280,2021-08,0.1717643
8173830874846355280,2021-08,0.17623071
8173830874846355280,2021-08,0.1717643
8173830874846355280,2021-08,0.1717643
8173830874846355280,2021-08,0.1717643
8173830874846355280,2021-09,0.1717643
8173830874846355280,2021-09,0.1675953
8173830874846355280,2021-09,0.1675953
8173830874846355280,2021-09,0.1675953
8173830874846355280,2021-09,0.1675953
8173830874846355280,2021-09,0.1717643
8173830874846355280,2021-09,0.17623071
8173830874846355280,2021-09,0.1717643
8173830874846355280,2021-09,0.1717643
8173830874846355280,2021-09,0.1717643
8173830874846355280,2021-09,0.17623071
8173830874846355280,2021-09,0.17623071
8173830874846355280,2021-09,0.1717643
8173830874846355280,2021-09,0.1717643
8173830874846355280,2021-09,0.1717643
8173830874846355280,2021-09,0.1717643
8173830874846355280,2021-09,0.1717643
8173830874846355280,2021-09,0.1717643
8173830874846355280,2021-09,0.1717643
8173830874846355280,2021-09,0.1717643
8173830874846355280,2021-10,0.20169178
8173830874846355280,2021-10,0.20169178
8173830874846355280,2021-10,0.20169178
8173830874846355280,2021-10,0.20169178
8173830874846355280,2021-10,0.19696914
8173830874846355280,2021-10,0.20193116
8173830874846355280,2021-10,0.19696914
8173830874846355280,2021-10,0.19696914
8173830874846355280,2021-10,0.90242004
8173830874846355280,2021-10,0.20674214
8173830874846355280,2021-10,0.20169178
8173830874846355280,2021-10,0.20169178
8173830874846355280,2021-10,0.20169178
8173830874846355280,2021-10,0.20169178
8173830874846355280,2021-10,0.20169178
8173830874846355280,2021-10,0.20169178
8173830874846355280,2021-10,0.20169178
8173830874846355280,2021-10,0.20169178
8173830874846355280,2021-10,0.20169178
8173830874846355280,2021-10,0.20169178
8173830874846355280,2021-10,0.20169178
8173830874846355280,2021-10,0.20169178
8173830874846355280,2021-10,0.20169178
8173830874846355280,2021-10,0.20169178
8173830874846355280,2021-11,0.17617005
8173830874846355280,2021-11,0.18072602
8173830874846355280,2021-11,0.17617005
8173830874846355280,2021-11,0.1719163
8173830874846355280,2021-11,0.1719163
8173830874846355280,2021-11,0.17638583
8173830874846355280,2021-11,0.1719163
8173830874846355280,2021-11,0.17617005
8173830874846355280,2021-11,0.18072602
8173830874846355280,2021-11,0.17617005
8173830874846355280,2021-11,0.79449224
8173830874846355280,2021-11,0.17617005
8173830874846355280,2021-11,0.17617005
8173830874846355280,2021-11,0.17617005
8173830874846355280,2021-11,0.17617005
8173830874846355280,2021-11,0.17617005
8173830874846355280,2021-11,0.17617005
8173830874846355280,2021-11,0.17617005
8173830874846355280,2021-11,0.17617005
8173830874846355280,2021-11,0.18072602
8173830874846355280,2021-11,0.17617005
8174633018998080168,2021-08,0.10840824
8174633018998080168,2021-11,0.3663757
8185063234515056194,2021-07,0.08210262
8185063234515056194,2021-07,0.48344812
8185063234515056194,2021-07,0.47606242
8185063234515056194,2021-07,0.47606242
8185063234515056194,2021-07,0.42638794
8185063234515056194,2021-07,0.42638794
8185063234515056194,2021-07,0.42638794
8185063234515056194,2021-07,0.42638794
8185063234515056194,2021-08,0.43296525
8185063234515056194,2021-08,0.43296525
8185063234515056194,2021-08,0.43296525
8185063234515056194,2021-08,0.43296525
8185063234515056194,2021-09,0.42638794
8185063234515056194,2021-09,0.4340059
8185063234515056194,2021-09,0.42638794
8185063234515056194,2021-09,0.42638794
8185063234515056194,2021-10,0.42638794
8185063234515056194,2021-10,0.41916656
8185063234515056194,2021-10,0.42638794
8185063234515056194,2021-11,0.42638794
8185063234515056194,2021-11,0.42638794
8195468623809753777,2021-07,0.10855422
8195468623809753777,2021-07,0.40042236
8195468623809753777,2021-07,0.40042236
8195468623809753777,2021-07,0.3761393
8195468623809753777,2021-07,0.40042236
8195468623809753777,2021-07,0.3761393
8195468623809753777,2021-07,0.40042236
8195468623809753777,2021-07,0.40042236
8195468623809753777,2021-08,0.3935226
8195468623809753777,2021-08,0.4181756
8195468623809753777,2021-08,0.4181756
8195468623809753777,2021-08,0.4181756
8195468623809753777,2021-09,0.3933392
8195468623809753777,2021-09,0.40042236
8195468623809753777,2021-09,0.3761393
8195468623809753777,2021-09,0.40042236
8195468623809753777,2021-10,0.36922112
8195468623809753777,2021-10,0.40042236
8195468623809753777,2021-10,0.40042236
8195468623809753777,2021-11,0.4346588
8195468623809753777,2021-11,0.4346588
8196449005061156808,2021-07,0.45060012
8196449005061156808,2021-07,0.63647634
8196449005061156808,2021-08,0.4893743
8196449005061156808,2021-08,0.49708608
8196449005061156808,2021-09,0.47038484
8196449005061156808,2021-11,0.51875097
8196449005061156808,2021-11,0.5110447
8196449005061156808,2021-11,0.51875097
8196449005061156808,2021-11,0.51875097
8196449005061156808,2021-11,0.51875097
8196449005061156808,2021-11,0.5113598
8196449005061156808,2021-11,0.5110447
8196449005061156808,2021-11,0.51875097
8198518259946944874,2021-07,0.9801973
8213533889694327948,2021-07,0.04424076
8213533889694327948,2021-07,0.23631841
8213533889694327948,2021-07,0.2310196
8213533889694327948,2021-07,0.19865587
8213533889694327948,2021-07,0.19865587
8213533889694327948,2021-07,0.19865587
8213533889694327948,2021-07,0.19865587
8213533889694327948,2021-07,0.19865587
8213533889694327948,2021-07,0.19865587
8213533889694327948,2021-08,0.19289826
8213533889694327948,2021-08,0.7802665
8213533889694327948,2021-08,0.19289826
8213533889694327948,2021-08,0.19289826
8213533889694327948,2021-08,0.19289826
8213533889694327948,2021-08,0.19289826
8213533889694327948,2021-08,0.19289826
8213533889694327948,2021-09,0.19398703
8213533889694327948,2021-09,0.19398703
8213533889694327948,2021-09,0.19865587
8213533889694327948,2021-09,0.19865587
8213533889694327948,2021-09,0.19865587
8213533889694327948,2021-09,0.19865587
8213533889694327948,2021-09,0.19865587
8213533889694327948,2021-10,0.19398703
8213533889694327948,2021-10,0.7802118
8213533889694327948,2021-10,0.19865587
8213533889694327948,2021-10,0.19865587
8213533889694327948,2021-10,0.19865587
8213533889694327948,2021-10,0.19865587
8213533889694327948,2021-11,0.20354648
8213533889694327948,2021-11,0.20354648
8213533889694327948,2021-11,0.20354648
8213533889694327948,2021-11,0.20354648
8213533889694327948,2021-11,0.20354648
8213533889694327948,2021-11,0.20354648
8213533889694327948,2021-11,0.20354648
8213533889694327948,2021-11,0.20354648
8222831719332844924,2021-10,0.26673636
8229446069655666941,2021-07,0.958998
8229446069655666941,2021-07,0.21606977
8229446069655666941,2021-07,0.18318757
8229446069655666941,2021-07,0.92544854
8229446069655666941,2021-07,0.17444642
8229446069655666941,2021-07,0.18318757
8229446069655666941,2021-08,0.18318757
8229446069655666941,2021-08,0.92544854
8245393384938410770,2021-08,0.03828873
8245393384938410770,2021-09,0.20994931
8245393384938410770,2021-09,0.2148999
8245393384938410770,2021-10,0.22185014
8245393384938410770,2021-10,0.22185014
8245393384938410770,2021-10,0.22185014
8245393384938410770,2021-10,0.22185014
8245393384938410770,2021-10,0.37583104
8245393384938410770,2021-11,0.49683878
8245393384938410770,2021-11,0.24936527
8245393384938410770,2021-11,0.49683878
8245393384938410770,2021-11,0.24936527
8245393384938410770,2021-11,0.24936527
8248484932270772248,2021-07,0.5736516
8248484932270772248,2021-07,0.3116577
8248484932270772248,2021-08,0.35954046
8248484932270772248,2021-08,0.69068426
8248484932270772248,2021-10,0.35954046
8248484932270772248,2021-10,0.34569213
8248484932270772248,2021-11,0.3116577
8248484932270772248,2021-11,0.3116577
8252215766413781202,2021-07,0.02621557
8252215766413781202,2021-08,0.18952356
8252215766413781202,2021-09,0.22191547
8252215766413781202,2021-10,0.18952356
8252215766413781202,2021-10,0.18952356
8255085612985072878,2021-07,0.31156993
8255085612985072878,2021-07,0.6013992
8255085612985072878,2021-07,0.6013992
8255085612985072878,2021-07,0.4431361
8255085612985072878,2021-08,0.41806892
8255085612985072878,2021-09,0.46108744
8255085612985072878,2021-09,0.4537432
8255085612985072878,2021-09,0.4537432
8255085612985072878,2021-09,0.4537432
8255085612985072878,2021-09,0.46108744
8255085612985072878,2021-09,0.46108744
8255085612985072878,2021-10,0.6013992
8255085612985072878,2021-10,0.6013992
8255085612985072878,2021-10,0.6013992
8255085612985072878,2021-11,0.6013992
8255085612985072878,2021-11,0.6013992
8255085612985072878,2021-11,0.6013992
8271604276097280304,2021-08,0.10504238
8271604276097280304,2021-09,0.5394762
8271604276097280304,2021-09,0.5394762
8274986328479596038,2021-11,0.8650964
8278233100278581012,2021-10,0.30865476
8287608084245946173,2021-07,0.049001683
8287608084245946173,2021-07,0.2108974
8287608084245946173,2021-07,0.2108974
8287608084245946173,2021-07,0.68454707
8287608084245946173,2021-08,0.20472622
8287608084245946173,2021-08,0.1997127
8287608084245946173,2021-08,0.20472622
8287608084245946173,2021-08,0.1997127
8287608084245946173,2021-08,0.1997127
8287608084245946173,2021-08,0.19995032
8287608084245946173,2021-08,0.19995032
8287608084245946173,2021-08,0.19995032
8287608084245946173,2021-08,0.20472622
8287608084245946173,2021-08,0.1997127
8287608084245946173,2021-08,0.20472622
8287608084245946173,2021-08,0.1997127
8287608084245946173,2021-09,0.20472622
8287608084245946173,2021-09,0.19995032
8287608084245946173,2021-09,0.19502507
8287608084245946173,2021-09,0.19502507
8287608084245946173,2021-09,0.45776433
8287608084245946173,2021-09,0.1997127
8287608084245946173,2021-09,0.1997127
8287608084245946173,2021-10,0.22281687
8287608084245946173,2021-10,0.22281687
8287608084245946173,2021-10,0.22281687
8287608084245946173,2021-10,0.22281687
8287608084245946173,2021-10,0.22281687
8287608084245946173,2021-10,0.21748148
8287608084245946173,2021-10,0.21748148
8287608084245946173,2021-10,0.22281687
8287608084245946173,2021-10,0.22281687
8287608084245946173,2021-10,0.21748148
8287608084245946173,2021-11,0.2108974
8287608084245946173,2021-11,0.2108974
8287608084245946173,2021-11,0.2108974
8287608084245946173,2021-11,0.2108974
8287608084245946173,2021-11,0.2108974
8292458529987016717,2021-08,0.08644251
8292458529987016717,2021-08,0.4485952
8292458529987016717,2021-08,0.4485952
8292458529987016717,2021-10,0.48643205
8292458529987016717,2021-10,0.48643205
8292458529987016717,2021-11,0.4597799
8292458529987016717,2021-11,0.4597799
8305404138704642088,2021-09,0.1742179
8313765100460016738,2021-07,0.88089085
8313765100460016738,2021-07,0.50299245
8313765100460016738,2021-09,0.49559456
8313765100460016738,2021-10,0.5474464
8313765100460016738,2021-10,0.554767
8313765100460016738,2021-10,0.554767
8313765100460016738,2021-10,0.54707825
8313765100460016738,2021-10,0.9029655
8313765100460016738,2021-10,0.554767
8313765100460016738,2021-11,0.4924788
8313765100460016738,2021-11,0.4776089
8332840690177201182,2021-07,0.7949224
8332840690177201182,2021-07,0.46443155
8332840690177201182,2021-07,0.46443155
8332840690177201182,2021-08,0.4496582
8332840690177201182,2021-11,0.46105924
8343941262792249232,2021-07,0.22606757
8343941262792249232,2021-07,0.3236715
8343941262792249232,2021-07,0.31722763
8343941262792249232,2021-08,0.25967714
8343941262792249232,2021-08,0.25357544
8343941262792249232,2021-08,0.25357544
8343941262792249232,2021-08,0.2592172
8343941262792249232,2021-08,0.2592172
8343941262792249232,2021-08,0.25967714
8343941262792249232,2021-09,0.5168126
8343941262792249232,2021-09,0.26220998
8343941262792249232,2021-09,0.26797488
8343941262792249232,2021-09,0.26797488
8343941262792249232,2021-09,0.26797488
8343941262792249232,2021-10,0.2592172
8343941262792249232,2021-10,0.2592172
8343941262792249232,2021-10,0.2592172
8343941262792249232,2021-10,0.2592172
8343941262792249232,2021-10,0.2592172
8343941262792249232,2021-11,0.2592172
8348574220426911086,2021-07,0.30975825
8348574220426911086,2021-07,0.2129486
8348574220426911086,2021-07,0.20314056
8348574220426911086,2021-07,0.2129486
8348574220426911086,2021-08,0.20314056
8348574220426911086,2021-08,0.2129486
8348574220426911086,2021-08,0.2129486
8348574220426911086,2021-08,0.20314056
8348574220426911086,2021-08,0.2129486
8348574220426911086,2021-08,0.2129486
8348574220426911086,2021-08,0.2129486
8348574220426911086,2021-09,0.20981213
8348574220426911086,2021-09,0.21985343
8348574220426911086,2021-09,0.20981213
8348574220426911086,2021-09,0.21985343
8348574220426911086,2021-10,0.2081129
8348574220426911086,2021-10,0.2081129
8348574220426911086,2021-10,0.2081129
8348574220426911086,2021-10,0.2081129
8348574220426911086,2021-10,0.21809533
8348574220426911086,2021-10,0.21809533
8348574220426911086,2021-11,0.20314056
8348574220426911086,2021-11,0.20314056
8350724667410677464,2021-07,0.13066415
8350724667410677464,2021-07,0.22752494
8350724667410677464,2021-07,0.22752494
8350724667410677464,2021-07,0.22752494
8350724667410677464,2021-07,0.22752494
8350724667410677464,2021-07,0.22752494
8350724667410677464,2021-08,0.9029822
8350724667410677464,2021-08,0.22752494
8350724667410677464,2021-08,0.22752494
8350724667410677464,2021-08,0.22752494
8350724667410677464,2021-08,0.22752494
8350724667410677464,2021-09,0.6023249
8350724667410677464,2021-09,0.92194337
8350724667410677464,2021-09,0.2817241
8350724667410677464,2021-09,0.2817241
8350724667410677464,2021-09,0.2817241
8350724667410677464,2021-09,0.2817241
8350724667410677464,2021-10,0.90993303
8350724667410677464,2021-10,0.2355524
8350724667410677464,2021-11,0.2355524
8350724667410677464,2021-11,0.2355524
8374461419511631785,2021-07,0.09732659
8374461419511631785,2021-07,0.68571186
8374461419511631785,2021-07,0.46105924
8374461419511631785,2021-08,0.57113165
8374461419511631785,2021-08,0.57113165
8374461419511631785,2021-09,0.57113165
8374461419511631785,2021-09,0.57113165
8374461419511631785,2021-09,0.57113165
8374461419511631785,2021-09,0.57113165
8374461419511631785,2021-11,0.60740167
8374461419511631785,2021-11,0.42579147
8374461419511631785,2021-11,0.60740167
8374461419511631785,2021-11,0.43304196
8376902089871279815,2021-07,0.059705034
8376902089871279815,2021-07,0.3361154
8376902089871279815,2021-07,0.2871059
8376902089871279815,2021-07,0.27892256
8376902089871279815,2021-08,0.27731007
8376902089871279815,2021-09,0.3032134
8376902089871279815,2021-09,0.3032134
8376902089871279815,2021-10,0.287186
8376902089871279815,2021-10,0.287186
8385636129786687263,2021-07,0.06430866
8385636129786687263,2021-08,0.38770333
8385636129786687263,2021-09,0.41171962
8385636129786687263,2021-09,0.41171962
8385636129786687263,2021-10,0.38770333
8385636129786687263,2021-10,0.38770333
8385636129786687263,2021-10,0.38770333
8385636129786687263,2021-10,0.5707784
8385636129786687263,2021-10,0.5707784
8385636129786687263,2021-11,0.42990556
8398000036517692656,2021-08,0.72850746
8398000036517692656,2021-09,0.3116577
8398000036517692656,2021-10,0.6796208
8400764778654490278,2021-07,0.15008037
8400764778654490278,2021-07,0.30770898
8400764778654490278,2021-07,0.30770898
8400764778654490278,2021-08,0.3077438
8400764778654490278,2021-08,0.3077438
8400764778654490278,2021-09,0.31345594
8400764778654490278,2021-09,0.3071231
8400764778654490278,2021-09,0.8447894
8400764778654490278,2021-10,0.8362483
8400764778654490278,2021-10,0.5241546
8400764778654490278,2021-11,0.31345594
8400764778654490278,2021-11,0.3071231
8409181491723988567,2021-07,0.42304608
8409181491723988567,2021-07,0.4634587
8409181491723988567,2021-07,0.38308463
8409181491723988567,2021-07,0.8960591
8409181491723988567,2021-08,0.42787683
8409181491723988567,2021-08,0.44109964
8409181491723988567,2021-08,0.44109964
8409181491723988567,2021-09,0.38882604
8409181491723988567,2021-09,0.66246384
8409181491723988567,2021-09,0.39588103
8409181491723988567,2021-10,0.4310858
8409181491723988567,2021-10,0.9160713
8409181491723988567,2021-10,0.6941362
8409181491723988567,2021-11,0.66246384
8449503736717242889,2021-08,0.82050264
8463871205935856285,2021-07,0.04506572
8463871205935856285,2021-08,0.21132717
8463871205935856285,2021-08,0.21132717
8463871205935856285,2021-09,0.25313762
8463871205935856285,2021-10,0.26192743
8464769152264029983,2021-08,0.09564027
8464769152264029983,2021-09,0.5908926
8464769152264029983,2021-11,0.55916506
8464809590757561185,2021-07,0.07567972
8464809590757561185,2021-07,0.5096549
8464809590757561185,2021-07,0.476814
8464809590757561185,2021-07,0.476814
8464809590757561185,2021-07,0.476814
8464809590757561185,2021-07,0.476814
8464809590757561185,2021-08,0.49828866
8464809590757561185,2021-08,0.51317
8464809590757561185,2021-08,0.49828866
8464809590757561185,2021-08,0.49828866
8464809590757561185,2021-08,0.49828866
8464809590757561185,2021-08,0.49828866
8464809590757561185,2021-08,0.49828866
8464809590757561185,2021-08,0.49828866
8464809590757561185,2021-09,0.7298941
8464809590757561185,2021-10,0.4776089
8464809590757561185,2021-10,0.4776089
8464809590757561185,2021-10,0.4776089
8464809590757561185,2021-10,0.4924788
8464809590757561185,2021-10,0.4776089
8464809590757561185,2021-10,0.4776089
8464809590757561185,2021-11,0.6027127
8464809590757561185,2021-11,0.6027127
8464809590757561185,2021-11,0.6027127
8464809590757561185,2021-11,0.6027127
8464809590757561185,2021-11,0.94317174
8480109508191086169,2021-07,0.057061635
8480109508191086169,2021-07,0.3190617
8480109508191086169,2021-08,0.3190617
8480109508191086169,2021-08,0.3190617
8480109508191086169,2021-08,0.3190617
8480109508191086169,2021-09,0.32148463
8480109508191086169,2021-09,0.9216276
8480109508191086169,2021-10,0.3190972
8480109508191086169,2021-10,0.3190972
8480109508191086169,2021-11,0.3190617
8480109508191086169,2021-11,0.3190617
8480109508191086169,2021-11,0.3190617
8480109508191086169,2021-11,0.31266716
8487807876567995441,2021-07,0.21525726
8487807876567995441,2021-07,0.41793868
8487807876567995441,2021-07,0.95587
8487807876567995441,2021-07,0.41793868
8487807876567995441,2021-07,0.41793868
8487807876567995441,2021-08,0.43924326
8487807876567995441,2021-08,0.39380252
8487807876567995441,2021-08,0.39380252
8487807876567995441,2021-09,0.37611574
8487807876567995441,2021-09,0.38308463
8487807876567995441,2021-11,0.39380252
8487807876567995441,2021-11,0.9514488
8487807876567995441,2021-11,0.39380252
8487807876567995441,2021-11,0.39380252
8503092146854371576,2021-07,0.029765332
8503092146854371576,2021-07,0.86948645
8503092146854371576,2021-07,0.19361448
8503092146854371576,2021-08,0.19361448
8503092146854371576,2021-08,0.18448818
8503092146854371576,2021-09,0.18007751
8503092146854371576,2021-09,0.18448818
8503092146854371576,2021-10,0.18911232
8503092146854371576,2021-10,0.19841172
8503092146854371576,2021-11,0.19841172
8503092146854371576,2021-11,0.18461612
8503092146854371576,2021-11,0.18911232
8503092146854371576,2021-11,0.73033726
8505870778358741102,2021-07,0.12972549
8505870778358741102,2021-07,0.5127788
8505870778358741102,2021-07,0.47255248
8505870778358741102,2021-07,0.47255248
8505870778358741102,2021-07,0.47255248
8505870778358741102,2021-07,0.47255248
8505870778358741102,2021-07,0.47255248
8505870778358741102,2021-08,0.5349399
8505870778358741102,2021-08,0.79089564
8505870778358741102,2021-08,0.5422936
8505870778358741102,2021-09,0.73681706
8505870778358741102,2021-09,0.47642428
8505870778358741102,2021-09,0.48381042
8505870778358741102,2021-10,0.47642428
8505870778358741102,2021-10,0.47642428
8505870778358741102,2021-10,0.48381042
8505870778358741102,2021-10,0.9185069
8505870778358741102,2021-10,0.48381042
8505870778358741102,2021-10,0.48381042
8505870778358741102,2021-10,0.48381042
8505870778358741102,2021-11,0.49615818
8505870778358741102,2021-11,0.5038714
8505870778358741102,2021-11,0.5038714
8510653215962746781,2021-07,0.024430767
8510653215962746781,2021-11,0.15732445
8511588642284189303,2021-08,0.28648275
8511588642284189303,2021-08,0.48245898
8511588642284189303,2021-08,0.48245898
8511588642284189303,2021-09,0.43699098
8511588642284189303,2021-09,0.43699098
8511588642284189303,2021-09,0.42972454
8511588642284189303,2021-10,0.41328004
8511588642284189303,2021-11,0.4133197
8512214463586144353,2021-07,0.09976874
8512214463586144353,2021-07,0.43629122
8512214463586144353,2021-07,0.43629122
8512214463586144353,2021-07,0.4509853
8512214463586144353,2021-07,0.44366953
8512214463586144353,2021-07,0.35748944
8512214463586144353,2021-07,0.9024194
8512214463586144353,2021-08,0.63711035
8512214463586144353,2021-08,0.35748944
8512214463586144353,2021-09,0.35752696
8512214463586144353,2021-09,0.37131572
8512214463586144353,2021-09,0.35075867
8512214463586144353,2021-10,0.37315273
8512214463586144353,2021-10,0.5236498
8512214463586144353,2021-11,0.3668962
8512214463586144353,2021-11,0.3668962
8512214463586144353,2021-11,0.3668962
8529899700094903171,2021-07,0.048489347
8529899700094903171,2021-07,0.6512444
8529899700094903171,2021-07,0.30500025
8529899700094903171,2021-07,0.30500025
8529899700094903171,2021-07,0.30500025
8529899700094903171,2021-07,0.25039014
8529899700094903171,2021-07,0.25039014
8529899700094903171,2021-07,0.25039014
8529899700094903171,2021-07,0.25039014
8529899700094903171,2021-07,0.25039014
8529899700094903171,2021-07,0.25039014
8529899700094903171,2021-07,0.25039014
8529899700094903171,2021-07,0.25039014
8529899700094903171,2021-07,0.25039014
8529899700094903171,2021-07,0.25039014
8529899700094903171,2021-07,0.25039014
8529899700094903171,2021-07,0.25039014
8529899700094903171,2021-07,0.25039014
8529899700094903171,2021-07,0.25039014
8529899700094903171,2021-07,0.25039014
8529899700094903171,2021-07,0.25039014
8529899700094903171,2021-08,0.2308574
8529899700094903171,2021-08,0.2308574
8529899700094903171,2021-08,0.2308574
8529899700094903171,2021-08,0.2308574
8529899700094903171,2021-08,0.2308574
8529899700094903171,2021-08,0.2308574
8529899700094903171,2021-08,0.22564487
8529899700094903171,2021-08,0.22564487
8529899700094903171,2021-08,0.2308574
8529899700094903171,2021-08,0.2308574
8529899700094903171,2021-08,0.2308574
8529899700094903171,2021-08,0.2308574
8529899700094903171,2021-08,0.2308574
8529899700094903171,2021-08,0.2308574
8529899700094903171,2021-08,0.2308574
8529899700094903171,2021-08,0.2308574
8529899700094903171,2021-08,0.2308574
8529899700094903171,2021-08,0.2308574
8529899700094903171,2021-08,0.2308574
8529899700094903171,2021-08,0.2308574
8529899700094903171,2021-08,0.5535548
8529899700094903171,2021-08,0.23043264
8529899700094903171,2021-08,0.2308574
8529899700094903171,2021-08,0.2308574
8529899700094903171,2021-08,0.2308574
8529899700094903171,2021-08,0.2308574
8529899700094903171,2021-08,0.2308574
8529899700094903171,2021-08,0.47860056
8529899700094903171,2021-08,0.2308574
8529899700094903171,2021-08,0.5535548
8529899700094903171,2021-08,0.23043264
8529899700094903171,2021-08,0.2308574
8529899700094903171,2021-08,0.2308574
8529899700094903171,2021-08,0.2308574
8529899700094903171,2021-08,0.2308574
8529899700094903171,2021-09,0.24541645
8529899700094903171,2021-09,0.24541645
8529899700094903171,2021-09,0.24541645
8529899700094903171,2021-09,0.23997773
8529899700094903171,2021-09,0.23997773
8529899700094903171,2021-09,0.23997773
8529899700094903171,2021-09,0.23997773
8529899700094903171,2021-09,0.24541645
8529899700094903171,2021-09,0.24541645
8529899700094903171,2021-09,0.24541645
8529899700094903171,2021-09,0.24541645
8529899700094903171,2021-09,0.24541645
8529899700094903171,2021-09,0.24541645
8529899700094903171,2021-09,0.24541645
8529899700094903171,2021-09,0.24541645
8529899700094903171,2021-09,0.24541645
8529899700094903171,2021-09,0.24541645
8529899700094903171,2021-09,0.24541645
8529899700094903171,2021-09,0.24541645
8529899700094903171,2021-09,0.24541645
8529899700094903171,2021-09,0.24541645
8529899700094903171,2021-09,0.24541645
8529899700094903171,2021-09,0.24541645
8529899700094903171,2021-09,0.24541645
8529899700094903171,2021-09,0.24541645
8529899700094903171,2021-09,0.24541645
8529899700094903171,2021-10,0.24541645
8529899700094903171,2021-10,0.24541645
8529899700094903171,2021-10,0.24541645
8529899700094903171,2021-10,0.24541645
8529899700094903171,2021-10,0.24541645
8529899700094903171,2021-10,0.24541645
8529899700094903171,2021-10,0.24541645
8529899700094903171,2021-10,0.24541645
8529899700094903171,2021-10,0.24541645
8529899700094903171,2021-10,0.5732958
8529899700094903171,2021-10,0.24541645
8529899700094903171,2021-10,0.24541645
8529899700094903171,2021-10,0.24541645
8529899700094903171,2021-10,0.24541645
8529899700094903171,2021-10,0.24541645
8529899700094903171,2021-10,0.24541645
8529899700094903171,2021-10,0.24541645
8529899700094903171,2021-10,0.24541645
8529899700094903171,2021-10,0.24541645
8529899700094903171,2021-11,0.2612706
8529899700094903171,2021-11,0.2555996
8529899700094903171,2021-11,0.2555996
8529899700094903171,2021-11,0.2555996
8529899700094903171,2021-11,0.2555996
8529899700094903171,2021-11,0.2555996
8529899700094903171,2021-11,0.2612706
8529899700094903171,2021-11,0.2612706
8529899700094903171,2021-11,0.2612706
8529899700094903171,2021-11,0.2612706
8529899700094903171,2021-11,0.2612706
8529899700094903171,2021-11,0.2612706
8529899700094903171,2021-11,0.2612706
8529899700094903171,2021-11,0.2612706
8529899700094903171,2021-11,0.2612706
8529899700094903171,2021-11,0.2553597
8529899700094903171,2021-11,0.2612706
8535586342375301953,2021-07,0.04042613
8535586342375301953,2021-07,0.25039014
8535586342375301953,2021-07,0.25039014
8535586342375301953,2021-08,0.2612706
8535586342375301953,2021-08,0.8889751
8535586342375301953,2021-08,0.2612706
8535586342375301953,2021-08,0.2612706
8535586342375301953,2021-08,0.2612706
8535586342375301953,2021-09,0.21785885
8535586342375301953,2021-10,0.22564487
8535586342375301953,2021-11,0.25039014
8535586342375301953,2021-11,0.25039014
8536031856585966123,2021-07,0.37793615
8536031856585966123,2021-07,0.4290676
8536031856585966123,2021-07,0.37131572
8536031856585966123,2021-07,0.88720024
8536031856585966123,2021-07,0.88720024
8536031856585966123,2021-07,0.7618959
8536031856585966123,2021-08,0.37127757
8536031856585966123,2021-09,0.35748944
8536031856585966123,2021-09,0.35748944
8536031856585966123,2021-09,0.35748944
8536031856585966123,2021-10,0.35748944
8536031856585966123,2021-10,0.37127757
8536031856585966123,2021-10,0.35748944
8536031856585966123,2021-10,0.37127757
8536031856585966123,2021-10,0.35748944
8536031856585966123,2021-11,0.37127757
8536031856585966123,2021-11,0.37127757
8536031856585966123,2021-11,0.37127757
8536031856585966123,2021-11,0.35748944
8536031856585966123,2021-11,0.35748944
8536031856585966123,2021-11,0.37127757
8536031856585966123,2021-11,0.37127757
8536980239903840341,2021-07,0.060817912
8536980239903840341,2021-10,0.46105924
8536980239903840341,2021-10,0.46105924
8536980239903840341,2021-10,0.46105924
8536980239903840341,2021-10,0.46105924
8536980239903840341,2021-11,0.39666402
8536980239903840341,2021-11,0.3896041
8536980239903840341,2021-11,0.57113165
8536980239903840341,2021-11,0.39666402
8548612698724688238,2021-07,0.13598098
8548612698724688238,2021-07,0.33632433
8548612698724688238,2021-08,0.863574
8548612698724688238,2021-09,0.33632433
8548612698724688238,2021-09,0.33632433
8548612698724688238,2021-10,0.33632433
8548612698724688238,2021-10,0.33632433
8552039412779393821,2021-07,0.16047488
8552039412779393821,2021-07,0.44642007
8552039412779393821,2021-07,0.44642007
8552039412779393821,2021-08,0.45555362
8552039412779393821,2021-08,0.45555362
8552039412779393821,2021-09,0.48578155
8552039412779393821,2021-09,0.39027742
8559143756893267192,2021-07,0.4091977
8559143756893267192,2021-07,0.35203114
8559143756893267192,2021-08,0.35203114
8559143756893267192,2021-08,0.35203114
8559143756893267192,2021-10,0.36785933
8559143756893267192,2021-11,0.48420766
8559143756893267192,2021-11,0.48420766
8559143756893267192,2021-11,0.48420766
8564920972266217847,2021-08,0.057354465
8564920972266217847,2021-09,0.30808958
8564920972266217847,2021-10,0.30934963
8564920972266217847,2021-11,0.3168375
8564920972266217847,2021-11,0.3168375
8570963260597299378,2021-07,0.032743808
8570963260597299378,2021-07,0.1997127
8570963260597299378,2021-07,0.1997127
8570963260597299378,2021-07,0.20472622
8570963260597299378,2021-07,0.1997127
8570963260597299378,2021-08,0.20630084
8570963260597299378,2021-08,0.20630084
8570963260597299378,2021-09,0.20577186
8570963260597299378,2021-09,0.20577186
8570963260597299378,2021-09,0.20097773
8570963260597299378,2021-09,0.20097773
8570963260597299378,2021-09,0.20601484
8570963260597299378,2021-09,0.20577186
8570963260597299378,2021-10,0.2272255
8570963260597299378,2021-10,0.23246357
8570963260597299378,2021-10,0.23805471
8570963260597299378,2021-10,0.23246357
8570963260597299378,2021-11,0.7896831
8570963260597299378,2021-11,0.1997127
8570963260597299378,2021-11,0.1997127
8576047157867370630,2021-07,0.72326195
8576047157867370630,2021-08,0.41793868
8576047157867370630,2021-09,0.42787683
8576047157867370630,2021-09,0.42787683
8576047157867370630,2021-10,0.43643185
8576047157867370630,2021-10,0.43643185
8576047157867370630,2021-10,0.4114637
8576047157867370630,2021-10,0.4114637
8576047157867370630,2021-11,0.9120344
8596605705893456305,2021-07,0.84750724
8596605705893456305,2021-07,0.52979434
8596605705893456305,2021-07,0.52979434
8596605705893456305,2021-07,0.47076297
8596605705893456305,2021-07,0.9480186
8596605705893456305,2021-08,0.549542
8596605705893456305,2021-08,0.549542
8596605705893456305,2021-09,0.44422674
8596605705893456305,2021-09,0.44422674
8596605705893456305,2021-09,0.43693334
8596605705893456305,2021-09,0.43693334
8596605705893456305,2021-09,0.43693334
8596605705893456305,2021-09,0.43693334
8596605705893456305,2021-09,0.94248885
8596605705893456305,2021-09,0.44422674
8596605705893456305,2021-09,0.44422674
8596605705893456305,2021-09,0.44422674
8596605705893456305,2021-09,0.44422674
8596605705893456305,2021-09,0.44422674
8596605705893456305,2021-10,0.47076297
8596605705893456305,2021-10,0.47076297
8596605705893456305,2021-10,0.47076297
8596605705893456305,2021-10,0.47076297
8596605705893456305,2021-10,0.47076297
8596605705893456305,2021-10,0.47076297
8596605705893456305,2021-11,0.43311706
8596605705893456305,2021-11,0.43311706
8596605705893456305,2021-11,0.857548
8596605705893456305,2021-11,0.4325294
8603678028264007695,2021-07,0.09570398
8603678028264007695,2021-07,0.4158437
8603678028264007695,2021-07,0.4158437
8603678028264007695,2021-08,0.4086736
8603678028264007695,2021-08,0.39123568
8603678028264007695,2021-08,0.39123568
8603678028264007695,2021-09,0.38614124
8603678028264007695,2021-09,0.36906466
8603678028264007695,2021-09,0.3931788
8603678028264007695,2021-09,0.3931788
8603678028264007695,2021-10,0.4354056
8603678028264007695,2021-10,0.40331203
8603678028264007695,2021-10,0.4354056
8609211777002937758,2021-07,0.081436425
8609211777002937758,2021-07,0.44260648
8609211777002937758,2021-08,0.41088748
8609211777002937758,2021-08,0.41806892
8609211777002937758,2021-08,0.41806892
8609211777002937758,2021-09,0.4600592
8609211777002937758,2021-09,0.4600592
8609211777002937758,2021-09,0.4600592
8609211777002937758,2021-09,0.4600592
8609211777002937758,2021-09,0.4600592
8609211777002937758,2021-10,0.41806892
8609211777002937758,2021-10,0.4431361
8609211777002937758,2021-10,0.41806892
8609211777002937758,2021-11,0.4499747
8609211777002937758,2021-11,0.4499747
8609938720215175911,2021-07,0.16128093
8609938720215175911,2021-07,0.2590263
8609938720215175911,2021-07,0.2225289
8609938720215175911,2021-07,0.2225289
8609938720215175911,2021-07,0.2225289
8609938720215175911,2021-08,0.2308574
8609938720215175911,2021-08,0.23043264
8609938720215175911,2021-08,0.23043264
8609938720215175911,2021-08,0.23043264
8609938720215175911,2021-08,0.23043264
8609938720215175911,2021-08,0.23043264
8609938720215175911,2021-08,0.2308574
8609938720215175911,2021-09,0.24541645
8609938720215175911,2021-09,0.23997773
8609938720215175911,2021-09,0.24497345
8609938720215175911,2021-09,0.24497345
8609938720215175911,2021-09,0.24541645
8609938720215175911,2021-10,0.2225289
8609938720215175911,2021-10,0.2225289
8609938720215175911,2021-10,0.22294332
8609938720215175911,2021-10,0.22294332
8609938720215175911,2021-10,0.2225289
8609938720215175911,2021-10,0.22294332
8609938720215175911,2021-11,0.22294332
8609938720215175911,2021-11,0.22294332
8609938720215175911,2021-11,0.2225289
8609938720215175911,2021-11,0.22294332
8609938720215175911,2021-11,0.2225289
8609938720215175911,2021-11,0.8782682
8609938720215175911,2021-11,0.2225289
8623308321032624474,2021-07,0.4350042
8623308321032624474,2021-07,0.48381907
8623308321032624474,2021-07,0.88966817
8623308321032624474,2021-08,0.4001921
8623308321032624474,2021-08,0.88966817
8623308321032624474,2021-09,0.42720988
8623308321032624474,2021-10,0.4182918
8623308321032624474,2021-10,0.4182918
8623308321032624474,2021-11,0.41825202
8623308321032624474,2021-11,0.41825202
8646472172649019955,2021-07,0.695442
8646472172649019955,2021-08,0.49314243
8646472172649019955,2021-08,0.49314243
8646472172649019955,2021-08,0.49314243
8646472172649019955,2021-09,0.4479178
8646472172649019955,2021-09,0.4552463
8646472172649019955,2021-09,0.4552463
8646472172649019955,2021-09,0.4552463
8646472172649019955,2021-10,0.4552463
8646472172649019955,2021-10,0.4552463
8646472172649019955,2021-10,0.9039647
8646472172649019955,2021-10,0.4552463
8646472172649019955,2021-11,0.9449968
8646472172649019955,2021-11,0.4766037
8646472172649019955,2021-11,0.4766037
8646472172649019955,2021-11,0.4766037
8646472172649019955,2021-11,0.4766037
8662923640484889291,2021-07,0.0716688
8662923640484889291,2021-07,0.34794325
8662923640484889291,2021-07,0.34794325
8680213253228719510,2021-09,0.064963736
8680213253228719510,2021-10,0.22027858
8680213253228719510,2021-10,0.23067456
8680213253228719510,2021-10,0.21523806
8684964138237894839,2021-07,0.045064356
8684964138237894839,2021-09,0.36438605
8684964138237894839,2021-10,0.5681081
8698916565946744099,2021-10,0.7858476
8706851346184249504,2021-07,0.046526108
8706851346184249504,2021-08,0.23587103
8706851346184249504,2021-09,0.27766132
8706851346184249504,2021-10,0.25550503
8706851346184249504,2021-10,0.25550503
8706851346184249504,2021-10,0.25550503
8706851346184249504,2021-11,0.26061255
8706851346184249504,2021-11,0.25495088
8706851346184249504,2021-11,0.26061255
8707474618041058293,2021-08,0.4541484
8715120689636420963,2021-08,0.040369973
8715120689636420963,2021-08,0.22434169
8716163053080758848,2021-07,0.09761602
8716163053080758848,2021-07,0.43222824
8716163053080758848,2021-07,0.43222824
8716163053080758848,2021-07,0.4255663
8716163053080758848,2021-07,0.42498124
8716163053080758848,2021-07,0.40757036
8716163053080758848,2021-07,0.40757036
8716163053080758848,2021-07,0.40699247
8716163053080758848,2021-07,0.40757036
8716163053080758848,2021-07,0.40699247
8716163053080758848,2021-07,0.40757036
8716163053080758848,2021-07,0.40699247
8716163053080758848,2021-08,0.42326126
8716163053080758848,2021-08,0.42384574
8716163053080758848,2021-08,0.42384574
8716163053080758848,2021-08,0.42326126
8716163053080758848,2021-08,0.42326126
8716163053080758848,2021-08,0.42971706
8716163053080758848,2021-08,0.42326126
8716163053080758848,2021-08,0.6913647
8716163053080758848,2021-08,0.42326126
8716163053080758848,2021-08,0.42326126
8716163053080758848,2021-08,0.42384574
8716163053080758848,2021-09,0.41642952
8716163053080758848,2021-09,0.41642952
8716163053080758848,2021-09,0.40925646
8716163053080758848,2021-09,0.41584787
8716163053080758848,2021-09,0.41584787
8716163053080758848,2021-09,0.89510584
8716163053080758848,2021-09,0.41584787
8716163053080758848,2021-09,0.41642952
8716163053080758848,2021-09,0.41584787
8716163053080758848,2021-09,0.41584787
8716163053080758848,2021-09,0.41584787
8716163053080758848,2021-09,0.41584787
8716163053080758848,2021-10,0.40699247
8716163053080758848,2021-10,0.40757036
8716163053080758848,2021-10,0.40757036
8716163053080758848,2021-10,0.40757036
8716163053080758848,2021-10,0.40044516
8716163053080758848,2021-10,0.40699247
8716163053080758848,2021-10,0.40757036
8716163053080758848,2021-10,0.40757036
8716163053080758848,2021-10,0.40757036
8716163053080758848,2021-10,0.40699247
8716163053080758848,2021-10,0.40757036
8716163053080758848,2021-11,0.41642952
8716163053080758848,2021-11,0.41642952
8716163053080758848,2021-11,0.4086778
8716163053080758848,2021-11,0.40925646
8716163053080758848,2021-11,0.41584787
8716163053080758848,2021-11,0.41642952
8716163053080758848,2021-11,0.41584787
8724731934863284019,2021-07,0.18696094
8724731934863284019,2021-07,0.3700597
8724731934863284019,2021-07,0.3700597
8724731934863284019,2021-07,0.36318824
8724731934863284019,2021-07,0.33336875
8724731934863284019,2021-07,0.33336875
8724731934863284019,2021-08,0.33336875
8724731934863284019,2021-09,0.34911636
8724731934863284019,2021-09,0.34911636
8724731934863284019,2021-09,0.35587034
8724731934863284019,2021-09,0.35587034
8724731934863284019,2021-10,0.34906512
8724731934863284019,2021-10,0.34906512
8724731934863284019,2021-10,0.34906512
8724731934863284019,2021-10,0.34906512
8724731934863284019,2021-11,0.37473822
8724731934863284019,2021-11,0.37473822
8724731934863284019,2021-11,0.3678306
8724731934863284019,2021-11,0.8527186
8729164666041467296,2021-08,0.038146175
8729164666041467296,2021-08,0.19698226
8729164666041467296,2021-08,0.19698226
8729164666041467296,2021-09,0.20184207
8729164666041467296,2021-09,0.20184207
8729164666041467296,2021-10,0.20184207
8729164666041467296,2021-10,0.20184207
8729164666041467296,2021-10,0.19711678
8729164666041467296,2021-10,0.20184207
8733525963966339207,2021-07,0.59572625
8733525963966339207,2021-07,0.2673614
8733525963966339207,2021-07,0.2673614
8733525963966339207,2021-07,0.2369749
8733525963966339207,2021-07,0.24264021
8733525963966339207,2021-07,0.2369749
8733525963966339207,2021-07,0.2369749
8733525963966339207,2021-07,0.27383396
8733525963966339207,2021-07,0.24264021
8733525963966339207,2021-07,0.90510505
8733525963966339207,2021-08,0.22789289
8733525963966339207,2021-08,0.23340751
8733525963966339207,2021-08,0.22815447
8733525963966339207,2021-08,0.8868252
8733525963966339207,2021-08,0.22789289
8733525963966339207,2021-08,0.23340751
8733525963966339207,2021-08,0.22789289
8733525963966339207,2021-09,0.20765756
8733525963966339207,2021-09,0.20283072
8733525963966339207,2021-10,0.2369749
8733525963966339207,2021-10,0.24264021
8733525963966339207,2021-10,0.2369749
8733525963966339207,2021-10,0.24264021
8733525963966339207,2021-11,0.9454922
8733525963966339207,2021-11,0.23340751
8736788139020105764,2021-07,0.98103434
8736788139020105764,2021-08,0.22546497
8737605759444448951,2021-10,0.21277167
8748106677402909629,2021-07,0.40308848
8748106677402909629,2021-08,0.37038943
8748106677402909629,2021-09,0.37038943
8748106677402909629,2021-10,0.40470496
8750634267020436314,2021-09,0.7881098
8764962131207592182,2021-07,0.15459254
8779038337925278543,2021-10,0.06933906
8785648114090695180,2021-07,0.045300707
8785648114090695180,2021-09,0.37606835
8785648114090695180,2021-09,0.3646447
8785648114090695180,2021-10,0.3534258
8785648114090695180,2021-11,0.3618636
8785648114090695180,2021-11,0.35505858
8826489829259520138,2021-07,0.033952136
8826489829259520138,2021-07,0.25181687
8826489829259520138,2021-07,0.25181687
8826489829259520138,2021-07,0.20577186
8826489829259520138,2021-08,0.21285115
8826489829259520138,2021-08,0.21285115
8826489829259520138,2021-08,0.21285115
8826489829259520138,2021-08,0.21285115
8826489829259520138,2021-09,0.1997127
8826489829259520138,2021-09,0.1997127
8826489829259520138,2021-09,0.1997127
8826489829259520138,2021-09,0.1997127
8826489829259520138,2021-10,0.1997127
8826489829259520138,2021-11,0.21285115
8826489829259520138,2021-11,0.20793527
8826489829259520138,2021-11,0.8084814
8826489829259520138,2021-11,0.21285115
8826489829259520138,2021-11,0.21285115
8826489829259520138,2021-11,0.21285115
8828303152301461681,2021-07,0.101833746
8828303152301461681,2021-07,0.2736218
8828303152301461681,2021-07,0.26731074
8828303152301461681,2021-07,0.2308574
8828303152301461681,2021-07,0.2308574
8828303152301461681,2021-08,0.26379544
8828303152301461681,2021-09,0.22294332
8828303152301461681,2021-09,0.2225289
8828303152301461681,2021-09,0.22294332
8828303152301461681,2021-09,0.2225289
8828303152301461681,2021-09,0.2225289
8828303152301461681,2021-10,0.2252269
8828303152301461681,2021-11,0.2308574
8828303152301461681,2021-11,0.22564487
8829286411654484379,2021-09,0.26950088
8829286411654484379,2021-09,0.26950088
8835646476961190471,2021-08,0.22797664
8835646476961190471,2021-08,0.22797664
8835646476961190471,2021-09,0.2158383
8843432852270832388,2021-07,0.078190185
8843432852270832388,2021-08,0.41825202
8843432852270832388,2021-08,0.4526344
8843432852270832388,2021-09,0.41080397
8843432852270832388,2021-10,0.41076437
8843432852270832388,2021-10,0.90082824
8843432852270832388,2021-11,0.3998894
8854680481766219396,2021-08,0.8407423
8854680481766219396,2021-08,0.47135735
8854680481766219396,2021-08,0.47135735
8854680481766219396,2021-09,0.45793155
8854680481766219396,2021-09,0.45793155
8854680481766219396,2021-10,0.45793155
8854680481766219396,2021-10,0.45793155
8859064595603380512,2021-08,0.047397662
8859064595603380512,2021-09,0.56503224
8859064595603380512,2021-09,0.23456874
8874257794774679816,2021-07,0.03496225
8874257794774679816,2021-07,0.39297664
8874257794774679816,2021-08,0.3793877
8874257794774679816,2021-08,0.3793877
8874257794774679816,2021-09,0.3793877
8874257794774679816,2021-09,0.3793877
8874257794774679816,2021-09,0.3793877
8874257794774679816,2021-09,0.1655288
8874257794774679816,2021-09,0.1655288
8874257794774679816,2021-09,0.3793877
8874257794774679816,2021-09,0.3793877
8874257794774679816,2021-09,0.3793877
8874257794774679816,2021-09,0.3793877
8874257794774679816,2021-09,0.3793877
8874257794774679816,2021-10,0.40322658
8874257794774679816,2021-10,0.40322658
8874257794774679816,2021-10,0.17982347
8874257794774679816,2021-10,0.39612654
8874257794774679816,2021-10,0.40322658
8874257794774679816,2021-10,0.40322658
8874257794774679816,2021-10,0.40322658
8874257794774679816,2021-10,0.40322658
8874257794774679816,2021-11,0.3793877
8874257794774679816,2021-11,0.3793877
8874257794774679816,2021-11,0.16148163
8874257794774679816,2021-11,0.37244543
8874257794774679816,2021-11,0.3793877
8874257794774679816,2021-11,0.3793877
8889055492416898333,2021-07,0.17973837
8889055492416898333,2021-07,0.28237396
8889055492416898333,2021-07,0.27046716
8889055492416898333,2021-07,0.52615035
8889055492416898333,2021-08,0.5176114
8889055492416898333,2021-08,0.2704968
8889055492416898333,2021-08,0.28843972
8889055492416898333,2021-08,0.27637562
8889055492416898333,2021-08,0.27637562
8889055492416898333,2021-08,0.27637562
8889055492416898333,2021-09,0.28843972
8889055492416898333,2021-09,0.8602011
8889055492416898333,2021-09,0.27637562
8889055492416898333,2021-09,0.28843972
8889055492416898333,2021-09,0.27637562
8889055492416898333,2021-10,0.27637562
8889055492416898333,2021-10,0.27637562
8889055492416898333,2021-10,0.28843972
8889055492416898333,2021-10,0.28843972
8889055492416898333,2021-10,0.27637562
8889055492416898333,2021-11,0.29559487
8889055492416898333,2021-11,0.29559487
8889055492416898333,2021-11,0.29559487
8889055492416898333,2021-11,0.30814067
8889055492416898333,2021-11,0.29559487
8889055492416898333,2021-11,0.29559487
8895160610329228780,2021-10,0.059261456
8895896724713458749,2021-07,0.06437363
8895896724713458749,2021-07,0.1908848
8895896724713458749,2021-07,0.1908848
8895896724713458749,2021-08,0.1500508
8895896724713458749,2021-08,0.1500508
8895896724713458749,2021-08,0.1500508
8895896724713458749,2021-08,0.1500508
8895896724713458749,2021-08,0.1500508
8895896724713458749,2021-08,0.1500508
8895896724713458749,2021-08,0.1500508
8895896724713458749,2021-09,0.14631572
8895896724713458749,2021-09,0.1500508
8895896724713458749,2021-09,0.1500508
8901696535927078963,2021-07,0.08715015
8901696535927078963,2021-07,0.27541316
8901696535927078963,2021-07,0.27541316
8901696535927078963,2021-07,0.26954716
8901696535927078963,2021-07,0.26954716
8901696535927078963,2021-07,0.2757098
8901696535927078963,2021-07,0.24441682
8901696535927078963,2021-07,0.24441682
8901696535927078963,2021-07,0.24441682
8901696535927078963,2021-07,0.24441682
8901696535927078963,2021-08,0.20259055
8901696535927078963,2021-08,0.20259055
8901696535927078963,2021-08,0.20259055
8901696535927078963,2021-08,0.19785208
8901696535927078963,2021-08,0.19785208
8901696535927078963,2021-08,0.20259055
8901696535927078963,2021-09,0.20259055
8901696535927078963,2021-09,0.20259055
8901696535927078963,2021-09,0.20259055
8901696535927078963,2021-09,0.20259055
8901696535927078963,2021-09,0.19785208
8901696535927078963,2021-09,0.20259055
8901696535927078963,2021-09,0.20259055
8901696535927078963,2021-09,0.20259055
8901696535927078963,2021-10,0.24441682
8901696535927078963,2021-10,0.25020173
8901696535927078963,2021-10,0.25020173
8901696535927078963,2021-10,0.23899326
8901696535927078963,2021-10,0.23899326
8901696535927078963,2021-10,0.24441682
8901696535927078963,2021-10,0.25020173
8901696535927078963,2021-10,0.24441682
8901696535927078963,2021-11,0.20765756
8901696535927078963,2021-11,0.19785208
8901696535927078963,2021-11,0.20259055
8901696535927078963,2021-11,0.20259055
8901696535927078963,2021-11,0.8927222
8901696535927078963,2021-11,0.20259055
8901696535927078963,2021-11,0.20259055
8901696535927078963,2021-11,0.20259055
8909740532547211288,2021-07,0.10361425
8909740532547211288,2021-07,0.5373465
8909740532547211288,2021-07,0.5373465
8909740532547211288,2021-07,0.46713975
8909740532547211288,2021-07,0.46713975
8909740532547211288,2021-08,0.46713975
8909740532547211288,2021-08,0.46713975
8909740532547211288,2021-08,0.46713975
8909740532547211288,2021-08,0.45978138
8909740532547211288,2021-08,0.46713975
8909740532547211288,2021-08,0.46713975
8909740532547211288,2021-09,0.48716176
8909740532547211288,2021-09,0.48716176
8909740532547211288,2021-09,0.48716176
8909740532547211288,2021-09,0.48716176
8909740532547211288,2021-09,0.48716176
8909740532547211288,2021-09,0.48716176
8909740532547211288,2021-09,0.48716176
8909740532547211288,2021-09,0.48716176
8909740532547211288,2021-09,0.48716176
8909740532547211288,2021-09,0.48716176
8909740532547211288,2021-10,0.46713975
8909740532547211288,2021-10,0.46713975
8909740532547211288,2021-10,0.46713975
8909740532547211288,2021-10,0.46713975
8909740532547211288,2021-10,0.46713975
8909740532547211288,2021-10,0.46713975
8909740532547211288,2021-10,0.46713975
8909740532547211288,2021-11,0.4559271
8909740532547211288,2021-11,0.44859663
8909740532547211288,2021-11,0.4559271
8911073840712901131,2021-07,0.088337064
8915958534285799867,2021-08,0.8403634
8915958534285799867,2021-08,0.39759094
8915958534285799867,2021-10,0.4691432
8918635099296971351,2021-07,0.19555041
8918635099296971351,2021-08,0.19231239
8918635099296971351,2021-08,0.19231239
8918635099296971351,2021-10,0.19231239
8919892162361650175,2021-07,0.4710419
8919892162361650175,2021-08,0.4297528
8919892162361650175,2021-09,0.43079162
8919892162361650175,2021-09,0.43079162
8919892162361650175,2021-09,0.43079162
8919892162361650175,2021-09,0.43079162
8919892162361650175,2021-10,0.42739102
8919892162361650175,2021-10,0.42739102
8919892162361650175,2021-10,0.4198031
8919892162361650175,2021-10,0.42016506
8919892162361650175,2021-10,0.42739102
8919892162361650175,2021-10,0.4198031
8919892162361650175,2021-10,0.4198031
8919892162361650175,2021-11,0.4208356
8919892162361650175,2021-11,0.4208356
8926565682509268383,2021-07,0.1020497
8926565682509268383,2021-07,0.24868385
8926565682509268383,2021-07,0.24868385
8926565682509268383,2021-07,0.24868385
8926565682509268383,2021-07,0.2431961
8926565682509268383,2021-07,0.23752189
8926565682509268383,2021-07,0.20756511
8926565682509268383,2021-07,0.21272336
8926565682509268383,2021-07,0.20756511
8926565682509268383,2021-07,0.21272336
8926565682509268383,2021-07,0.20756511
8926565682509268383,2021-07,0.21272336
8926565682509268383,2021-07,0.20756511
8926565682509268383,2021-07,0.20756511
8926565682509268383,2021-08,0.21272336
8926565682509268383,2021-08,0.20756511
8926565682509268383,2021-08,0.21272336
8926565682509268383,2021-08,0.20780964
8926565682509268383,2021-08,0.21272336
8926565682509268383,2021-08,0.21272336
8926565682509268383,2021-08,0.20756511
8926565682509268383,2021-08,0.21272336
8926565682509268383,2021-08,0.21272336
8926565682509268383,2021-08,0.21272336
8926565682509268383,2021-08,0.21272336
8926565682509268383,2021-09,0.20756511
8926565682509268383,2021-09,0.21272336
8926565682509268383,2021-09,0.21272336
8926565682509268383,2021-09,0.21272336
8926565682509268383,2021-09,0.20273985
8926565682509268383,2021-09,0.20780964
8926565682509268383,2021-09,0.20780964
8926565682509268383,2021-09,0.20273985
8926565682509268383,2021-09,0.20756511
8926565682509268383,2021-09,0.21272336
8926565682509268383,2021-09,0.21272336
8926565682509268383,2021-09,0.21272336
8926565682509268383,2021-09,0.21272336
8926565682509268383,2021-09,0.21272336
8926565682509268383,2021-09,0.20756511
8926565682509268383,2021-09,0.8663075
8926565682509268383,2021-10,0.26573282
8926565682509268383,2021-10,0.2597132
8926565682509268383,2021-10,0.26573282
8926565682509268383,2021-10,0.26573282
8926565682509268383,2021-10,0.26573282
8926565682509268383,2021-10,0.26573282
8926565682509268383,2021-10,0.26573282
8926565682509268383,2021-10,0.25999904
8926565682509268383,2021-10,0.26573282
8926565682509268383,2021-10,0.26573282
8926565682509268383,2021-10,0.2597132
8926565682509268383,2021-10,0.26573282
8926565682509268383,2021-11,0.27809703
8926565682509268383,2021-11,0.27190104
8926565682509268383,2021-11,0.27809703
8926565682509268383,2021-11,0.27809703
8926565682509268383,2021-11,0.27809703
8926565682509268383,2021-11,0.2660824
8926565682509268383,2021-11,0.27219534
8926565682509268383,2021-11,0.27809703
8926565682509268383,2021-11,0.27809703
8939476669690489534,2021-07,0.16077429
8939476669690489534,2021-07,0.42676452
8939476669690489534,2021-07,0.42676452
8939476669690489534,2021-07,0.42676452
8939476669690489534,2021-08,0.42944947
8939476669690489534,2021-08,0.6834403
8939476669690489534,2021-08,0.6834403
8939476669690489534,2021-08,0.6834403
8939476669690489534,2021-09,0.6978263
8939476669690489534,2021-09,0.6978263
8939476669690489534,2021-09,0.6978263
8939476669690489534,2021-09,0.6978263
8939476669690489534,2021-10,0.74618274
8961924617442201922,2021-07,0.05106769
8961924617442201922,2021-07,0.3613751
8961924617442201922,2021-08,0.3268694
8961924617442201922,2021-08,0.3268694
8961924617442201922,2021-08,0.3692918
8961924617442201922,2021-08,0.88261515
8961924617442201922,2021-09,0.3268694
8961924617442201922,2021-09,0.32039204
8961924617442201922,2021-09,0.88261515
8961924617442201922,2021-09,0.3268694
8961924617442201922,2021-10,0.35203114
8961924617442201922,2021-10,0.34531093
8961924617442201922,2021-10,0.35203114
8961924617442201922,2021-10,0.35203114
8961924617442201922,2021-10,0.35203114
8961924617442201922,2021-11,0.35203114
8961924617442201922,2021-11,0.34531093
8961924617442201922,2021-11,0.34531093
8961924617442201922,2021-11,0.8937553
8961924617442201922,2021-11,0.35203114
8967780934636007142,2021-10,0.07698025
8991419601067014006,2021-10,0.028885717
8994944800097997361,2021-07,0.09790483
8994944800097997361,2021-07,0.20435219
8994944800097997361,2021-08,0.20964843
8994944800097997361,2021-08,0.20964843
8994944800097997361,2021-08,0.20964843
8994944800097997361,2021-08,0.20964843
8994944800097997361,2021-08,0.20964843
8994944800097997361,2021-09,0.17497338
8994944800097997361,2021-09,0.17074253
8994944800097997361,2021-09,0.17074253
8994944800097997361,2021-09,0.17074253
8994944800097997361,2021-09,0.17497338
8994944800097997361,2021-09,0.17497338
8994944800097997361,2021-09,0.17497338
8994944800097997361,2021-10,0.17497338
8994944800097997361,2021-10,0.17074253
8994944800097997361,2021-10,0.17497338
8994944800097997361,2021-11,0.20435219
8994944800097997361,2021-11,0.20435219
9016049685460415544,2021-09,0.69021267
9016049685460415544,2021-11,0.72290915
9038299527164672091,2021-08,0.26067117
9052787288251876909,2021-07,0.036212716
9052787288251876909,2021-07,0.17498669
9052787288251876909,2021-08,0.17498669
9052787288251876909,2021-09,0.1707556
9052787288251876909,2021-09,0.17498669
9052787288251876909,2021-10,0.1707556
9052787288251876909,2021-10,0.17498669
9052787288251876909,2021-10,0.18374887
9052787288251876909,2021-11,0.2170879
9052787288251876909,2021-11,0.2170879
9052787288251876909,2021-11,0.2170879
9060693308980292489,2021-08,0.4618093
9089528044547831569,2021-07,0.23062596
9089528044547831569,2021-07,0.9177123
9099218788416728596,2021-07,0.95416015
9099218788416728596,2021-08,0.80347
9099218788416728596,2021-08,0.60910124
9099218788416728596,2021-09,0.92260706
9099218788416728596,2021-09,0.81760424
9099218788416728596,2021-10,0.8217865
9101617110967101591,2021-07,0.08023033
9101617110967101591,2021-09,0.39886734
9108733472015251498,2021-07,0.033561308
9108733472015251498,2021-07,0.2086646
9108733472015251498,2021-08,0.22934648
9108733472015251498,2021-10,0.20997144
9108733472015251498,2021-10,0.21492243
9108733472015251498,2021-11,0.2086646
9108733472015251498,2021-11,0.2086646
9127318190908282126,2021-07,0.04955142
9127318190908282126,2021-07,0.20314056
9127318190908282126,2021-07,0.20314056
9127318190908282126,2021-08,0.20314056
9127318190908282126,2021-08,0.19839242
9127318190908282126,2021-08,0.20314056
9127318190908282126,2021-09,0.2081129
9127318190908282126,2021-10,0.22361808
9127318190908282126,2021-10,0.22361808
9127318190908282126,2021-10,0.22361808
9127318190908282126,2021-11,0.20314056
9142266044170177362,2021-08,0.06996703
9156666134024889730,2021-07,0.1091377
9156666134024889730,2021-07,0.21011375
9156666134024889730,2021-07,0.21011375
9156666134024889730,2021-08,0.21521069
9156666134024889730,2021-08,0.21521069
9156666134024889730,2021-08,0.21521069
9156666134024889730,2021-08,0.21521069
9156666134024889730,2021-09,0.2115916
9156666134024889730,2021-09,0.9198739
9156666134024889730,2021-09,0.21657027
9156666134024889730,2021-09,0.21657027
9156666134024889730,2021-10,0.2052446
9156666134024889730,2021-11,0.2052446
9156666134024889730,2021-11,0.21011375
9175443729335908760,2021-08,0.093859494
9184785003280841216,2021-07,0.36572888
9184785003280841216,2021-07,0.2708904
9184785003280841216,2021-07,0.26508552
9184785003280841216,2021-07,0.22898968
9184785003280841216,2021-07,0.22898968
9184785003280841216,2021-08,0.27433664
9184785003280841216,2021-08,0.26848507
9184785003280841216,2021-08,0.27433664
9184785003280841216,2021-08,0.27433664
9184785003280841216,2021-08,0.27433664
9184785003280841216,2021-08,0.27433664
9184785003280841216,2021-08,0.27433664
9184785003280841216,2021-08,0.27433664
9184785003280841216,2021-09,0.22898968
9184785003280841216,2021-09,0.22898968
9184785003280841216,2021-09,0.22898968
9184785003280841216,2021-09,0.22898968
9184785003280841216,2021-09,0.22898968
9184785003280841216,2021-09,0.22898968
9184785003280841216,2021-09,0.23452279
9184785003280841216,2021-09,0.22898968
9184785003280841216,2021-10,0.23625849
9184785003280841216,2021-10,0.23625849
9184785003280841216,2021-10,0.23625849
9184785003280841216,2021-10,0.23625849
9184785003280841216,2021-11,0.22898968
9184785003280841216,2021-11,0.22380704
9184785003280841216,2021-11,0.22898968
9184785003280841216,2021-11,0.23452279
9205015186723569289,2021-10,0.56105083
9205015186723569289,2021-11,0.16986632
9205015186723569289,2021-11,0.16986632
9206030810342980458,2021-07,0.106938645
9206030810342980458,2021-07,0.2506085
9206030810342980458,2021-07,0.21627232
9206030810342980458,2021-08,0.21641645
9206030810342980458,2021-08,0.873336
9206030810342980458,2021-08,0.22147676
9206030810342980458,2021-08,0.22147676
9206030810342980458,2021-08,0.22147676
9206030810342980458,2021-09,0.21129863
9206030810342980458,2021-09,0.21627232
9206030810342980458,2021-09,0.21627232
9206030810342980458,2021-09,0.21627232
9206030810342980458,2021-10,0.2445674
9206030810342980458,2021-10,0.2445674
9206030810342980458,2021-11,0.21627232
9206030810342980458,2021-11,0.22139114
9206030810342980458,2021-11,0.22139114
9206030810342980458,2021-11,0.21627232
9206030810342980458,2021-11,0.22653416
